{"type": "FeatureCollection", "features": [{"type": "Feature", "geometry": {"type": "LineString", "coordinates": [[106.6775631, 10.7993287], [106.6776084, 10.7985288]]}, "properties": {"speed": 25.063016891479492, "congestion": 4.449326992034912}}, {"type": "Feature", "geometry": {"type": "LineString", "coordinates": [[106.6775631, 10.7993287], [106.6783155, 10.7992641]]}, "properties": {"speed": 25.392189025878906, "congestion": 4.578920364379883}}, {"type": "Feature", "geometry": {"type": "LineString", "coordinates": [[106.6775631, 10.7993287], [106.6775579, 10.7994214]]}, "properties": {"speed": 14.582637786865234, "congestion": 6.748682022094727}}, {"type": "Feature", "geometry": {"type": "LineString", "coordinates": [[106.7107835, 10.7973815], [106.7109278, 10.7979102]]}, "properties": {"speed": 25.728473663330078, "congestion": 4.113479137420654}}, {"type": "Feature", "geometry": {"type": "LineString", "coordinates": [[106.7064484, 10.7629778], [106.7055, 10.7635355]]}, "properties": {"speed": 12.812507629394531, "congestion": 3.7360432147979736}}, {"type": "Feature", "geometry": {"type": "LineString", "coordinates": [[106.7018856, 10.7619609], [106.7022356, 10.7617216]]}, "properties": {"speed": 24.157814025878906, "congestion": 3.900495767593384}}, {"type": "Feature", "geometry": {"type": "LineString", "coordinates": [[106.7018856, 10.7619609], [106.7027015, 10.7625436]]}, "properties": {"speed": 25.460155487060547, "congestion": 3.853264331817627}}, {"type": "Feature", "geometry": {"type": "LineString", "coordinates": [[106.7018856, 10.7619609], [106.7018128, 10.7620282]]}, "properties": {"speed": 21.22043228149414, "congestion": 4.60368013381958}}, {"type": "Feature", "geometry": {"type": "LineString", "coordinates": [[106.7111156, 10.7986147], [106.7122133, 10.7983551]]}, "properties": {"speed": 21.210763931274414, "congestion": 4.541972637176514}}, {"type": "Feature", "geometry": {"type": "LineString", "coordinates": [[106.7111156, 10.7986147], [106.7111687, 10.7994936]]}, "properties": {"speed": 22.71122932434082, "congestion": 3.9722185134887695}}, {"type": "Feature", "geometry": {"type": "LineString", "coordinates": [[106.7111156, 10.7986147], [106.7110148, 10.7986338]]}, "properties": {"speed": 21.210763931274414, "congestion": 4.541972637176514}}, {"type": "Feature", "geometry": {"type": "LineString", "coordinates": [[106.684482, 10.8033105], [106.6829772, 10.801811]]}, "properties": {"speed": 24.15694808959961, "congestion": 5.921061992645264}}, {"type": "Feature", "geometry": {"type": "LineString", "coordinates": [[106.684482, 10.8033105], [106.6845465, 10.8032397]]}, "properties": {"speed": 24.959026336669922, "congestion": 4.035073757171631}}, {"type": "Feature", "geometry": {"type": "LineString", "coordinates": [[106.7103684, 10.796315], [106.7111534, 10.7960839]]}, "properties": {"speed": 25.49791717529297, "congestion": 4.127352237701416}}, {"type": "Feature", "geometry": {"type": "LineString", "coordinates": [[106.7103684, 10.796315], [106.7104951, 10.7966427]]}, "properties": {"speed": 26.03891944885254, "congestion": 3.893343210220337}}, {"type": "Feature", "geometry": {"type": "LineString", "coordinates": [[106.6972653, 10.8007086], [106.6970203, 10.7989915]]}, "properties": {"speed": 31.2103271484375, "congestion": 3.49240779876709}}, {"type": "Feature", "geometry": {"type": "LineString", "coordinates": [[106.7020981, 10.7632808], [106.7015483, 10.7639048]]}, "properties": {"speed": 31.578086853027344, "congestion": 3.4991769790649414}}, {"type": "Feature", "geometry": {"type": "LineString", "coordinates": [[106.7074335, 10.7927261], [106.7088467, 10.7920001]]}, "properties": {"speed": 23.270139694213867, "congestion": 4.536512851715088}}, {"type": "Feature", "geometry": {"type": "LineString", "coordinates": [[106.7074335, 10.7927261], [106.7074376, 10.7910028]]}, "properties": {"speed": 23.270139694213867, "congestion": 4.536512851715088}}, {"type": "Feature", "geometry": {"type": "LineString", "coordinates": [[106.7074335, 10.7927261], [106.7073842, 10.7927757]]}, "properties": {"speed": 27.860416412353516, "congestion": 4.17350959777832}}, {"type": "Feature", "geometry": {"type": "LineString", "coordinates": [[106.7074335, 10.7927261], [106.7080454, 10.793381]]}, "properties": {"speed": 24.280559539794922, "congestion": 4.371191024780273}}, {"type": "Feature", "geometry": {"type": "LineString", "coordinates": [[106.7092032, 10.8010662], [106.7087722, 10.8009147]]}, "properties": {"speed": 42.836517333984375, "congestion": 3.113128900527954}}, {"type": "Feature", "geometry": {"type": "LineString", "coordinates": [[106.6774893, 10.7742866], [106.6772992, 10.774436]]}, "properties": {"speed": 29.460649490356445, "congestion": 3.6814143657684326}}, {"type": "Feature", "geometry": {"type": "LineString", "coordinates": [[106.6774893, 10.7742866], [106.6775694, 10.7741705]]}, "properties": {"speed": 27.99256134033203, "congestion": 4.411320209503174}}, {"type": "Feature", "geometry": {"type": "LineString", "coordinates": [[106.7060572, 10.8031908], [106.7060615, 10.8032777]]}, "properties": {"speed": 27.750988006591797, "congestion": 6.7485504150390625}}, {"type": "Feature", "geometry": {"type": "LineString", "coordinates": [[106.7060572, 10.8031908], [106.7076295, 10.803077]]}, "properties": {"speed": 27.49396514892578, "congestion": 7.245084285736084}}, {"type": "Feature", "geometry": {"type": "LineString", "coordinates": [[106.6765038, 10.8025536], [106.6763061, 10.8022312]]}, "properties": {"speed": 31.664926528930664, "congestion": 4.223517894744873}}, {"type": "Feature", "geometry": {"type": "LineString", "coordinates": [[106.6896946, 10.8035429], [106.6894155, 10.8035773]]}, "properties": {"speed": 31.459726333618164, "congestion": 3.952226400375366}}, {"type": "Feature", "geometry": {"type": "LineString", "coordinates": [[106.6896946, 10.8035429], [106.6896835, 10.8034623]]}, "properties": {"speed": 29.93203353881836, "congestion": 3.5615158081054688}}, {"type": "Feature", "geometry": {"type": "LineString", "coordinates": [[106.6771345, 10.7605325], [106.6790625, 10.7626244]]}, "properties": {"speed": 30.144325256347656, "congestion": 3.4656105041503906}}, {"type": "Feature", "geometry": {"type": "LineString", "coordinates": [[106.6771345, 10.7605325], [106.6766725, 10.7617896]]}, "properties": {"speed": 30.26358413696289, "congestion": 3.467461585998535}}, {"type": "Feature", "geometry": {"type": "LineString", "coordinates": [[106.6771345, 10.7605325], [106.6770309, 10.7604314]]}, "properties": {"speed": 28.623348236083984, "congestion": 3.6370229721069336}}, {"type": "Feature", "geometry": {"type": "LineString", "coordinates": [[106.6879295, 10.8037712], [106.6869496, 10.8038885]]}, "properties": {"speed": 27.716060638427734, "congestion": 4.502942085266113}}, {"type": "Feature", "geometry": {"type": "LineString", "coordinates": [[106.6879295, 10.8037712], [106.687919, 10.8036909]]}, "properties": {"speed": 32.027896881103516, "congestion": 3.8111391067504883}}, {"type": "Feature", "geometry": {"type": "LineString", "coordinates": [[106.7064231, 10.7667788], [106.707136, 10.7651898]]}, "properties": {"speed": 26.3855037689209, "congestion": 4.521327495574951}}, {"type": "Feature", "geometry": {"type": "LineString", "coordinates": [[106.6789788, 10.8033297], [106.681107, 10.8038568]]}, "properties": {"speed": 27.456043243408203, "congestion": 4.267716884613037}}, {"type": "Feature", "geometry": {"type": "LineString", "coordinates": [[106.6789788, 10.8033297], [106.6788021, 10.8044744]]}, "properties": {"speed": 30.003122329711914, "congestion": 3.7445878982543945}}, {"type": "Feature", "geometry": {"type": "LineString", "coordinates": [[106.7093592, 10.7947682], [106.7099065, 10.7953381]]}, "properties": {"speed": 16.90138816833496, "congestion": 5.427073955535889}}, {"type": "Feature", "geometry": {"type": "LineString", "coordinates": [[106.7093592, 10.7947682], [106.7092918, 10.7947991]]}, "properties": {"speed": 28.57344627380371, "congestion": 4.148881435394287}}, {"type": "Feature", "geometry": {"type": "LineString", "coordinates": [[106.6769787, 10.8033773], [106.6764583, 10.8036708]]}, "properties": {"speed": 30.74097442626953, "congestion": 3.7988412380218506}}, {"type": "Feature", "geometry": {"type": "LineString", "coordinates": [[106.6769787, 10.8033773], [106.6768212, 10.8031041]]}, "properties": {"speed": 30.823875427246094, "congestion": 3.8181750774383545}}, {"type": "Feature", "geometry": {"type": "LineString", "coordinates": [[106.7022746, 10.7658008], [106.7038883, 10.767486]]}, "properties": {"speed": 31.57855987548828, "congestion": 3.8153696060180664}}, {"type": "Feature", "geometry": {"type": "LineString", "coordinates": [[106.7022746, 10.7658008], [106.704399, 10.7642904]]}, "properties": {"speed": 35.6082763671875, "congestion": 3.4622480869293213}}, {"type": "Feature", "geometry": {"type": "LineString", "coordinates": [[106.6869496, 10.8038885], [106.6867808, 10.8039153]]}, "properties": {"speed": 22.03168487548828, "congestion": 4.430055141448975}}, {"type": "Feature", "geometry": {"type": "LineString", "coordinates": [[106.6869496, 10.8038885], [106.6869425, 10.8038081]]}, "properties": {"speed": 23.997570037841797, "congestion": 4.380378246307373}}, {"type": "Feature", "geometry": {"type": "LineString", "coordinates": [[106.6961876, 10.7956827], [106.6962541, 10.7966411]]}, "properties": {"speed": 28.894033432006836, "congestion": 3.646240234375}}, {"type": "Feature", "geometry": {"type": "LineString", "coordinates": [[106.6961876, 10.7956827], [106.6960729, 10.7956935]]}, "properties": {"speed": 29.202003479003906, "congestion": 3.940486431121826}}, {"type": "Feature", "geometry": {"type": "LineString", "coordinates": [[106.7053404, 10.7643284], [106.7071781, 10.7650961]]}, "properties": {"speed": 26.975522994995117, "congestion": 5.69260835647583}}, {"type": "Feature", "geometry": {"type": "LineString", "coordinates": [[106.7053404, 10.7643284], [106.7058383, 10.7640382]]}, "properties": {"speed": 29.379913330078125, "congestion": 3.9904229640960693}}, {"type": "Feature", "geometry": {"type": "LineString", "coordinates": [[106.7053404, 10.7643284], [106.7052739, 10.764406]]}, "properties": {"speed": 28.585548400878906, "congestion": 3.982652425765991}}, {"type": "Feature", "geometry": {"type": "LineString", "coordinates": [[106.6800466, 10.7929933], [106.6793546, 10.7933991]]}, "properties": {"speed": 22.61511993408203, "congestion": 5.888225555419922}}, {"type": "Feature", "geometry": {"type": "LineString", "coordinates": [[106.6800466, 10.7929933], [106.6799899, 10.7929032]]}, "properties": {"speed": 28.419206619262695, "congestion": 4.293733596801758}}, {"type": "Feature", "geometry": {"type": "LineString", "coordinates": [[106.6800466, 10.7929933], [106.6809202, 10.7941455]]}, "properties": {"speed": 17.829429626464844, "congestion": 6.3181939125061035}}, {"type": "Feature", "geometry": {"type": "LineString", "coordinates": [[106.6950153, 10.8027557], [106.6965054, 10.8025567]]}, "properties": {"speed": 20.255985260009766, "congestion": 4.083042621612549}}, {"type": "Feature", "geometry": {"type": "LineString", "coordinates": [[106.6950153, 10.8027557], [106.695011, 10.80287]]}, "properties": {"speed": 22.827428817749023, "congestion": 4.334918975830078}}, {"type": "Feature", "geometry": {"type": "LineString", "coordinates": [[106.7099065, 10.7953381], [106.7099301, 10.7952896]]}, "properties": {"speed": 22.45659828186035, "congestion": 4.460783004760742}}, {"type": "Feature", "geometry": {"type": "LineString", "coordinates": [[106.7099065, 10.7953381], [106.7101609, 10.7957957]]}, "properties": {"speed": 26.50057601928711, "congestion": 3.8002374172210693}}, {"type": "Feature", "geometry": {"type": "LineString", "coordinates": [[106.7099065, 10.7953381], [106.7098494, 10.7953859]]}, "properties": {"speed": 22.90069007873535, "congestion": 4.121156215667725}}, {"type": "Feature", "geometry": {"type": "LineString", "coordinates": [[106.6790625, 10.7626244], [106.6815348, 10.7651972]]}, "properties": {"speed": 27.535552978515625, "congestion": 4.109128952026367}}, {"type": "Feature", "geometry": {"type": "LineString", "coordinates": [[106.6790625, 10.7626244], [106.679155, 10.7623893]]}, "properties": {"speed": 30.968618392944336, "congestion": 3.6632940769195557}}, {"type": "Feature", "geometry": {"type": "LineString", "coordinates": [[106.6790625, 10.7626244], [106.678645, 10.7636416]]}, "properties": {"speed": 28.283334732055664, "congestion": 3.673217296600342}}, {"type": "Feature", "geometry": {"type": "LineString", "coordinates": [[106.7113467, 10.8028292], [106.7093775, 10.8030331]]}, "properties": {"speed": 22.308622360229492, "congestion": 6.244140625}}, {"type": "Feature", "geometry": {"type": "LineString", "coordinates": [[106.7113467, 10.8028292], [106.711403, 10.8028254]]}, "properties": {"speed": 23.12871742248535, "congestion": 5.097286701202393}}, {"type": "Feature", "geometry": {"type": "LineString", "coordinates": [[106.6778543, 10.773822], [106.6777895, 10.7739093]]}, "properties": {"speed": 24.64061164855957, "congestion": 4.865848541259766}}, {"type": "Feature", "geometry": {"type": "LineString", "coordinates": [[106.6778543, 10.773822], [106.678005, 10.773916]]}, "properties": {"speed": 23.464492797851562, "congestion": 4.967471122741699}}, {"type": "Feature", "geometry": {"type": "LineString", "coordinates": [[106.6986377, 10.8026325], [106.6996869, 10.8030829]]}, "properties": {"speed": 26.325345993041992, "congestion": 3.334049701690674}}, {"type": "Feature", "geometry": {"type": "LineString", "coordinates": [[106.6986377, 10.8026325], [106.6985719, 10.8027408]]}, "properties": {"speed": 19.521240234375, "congestion": 4.26048469543457}}, {"type": "Feature", "geometry": {"type": "LineString", "coordinates": [[106.681107, 10.8038568], [106.6829772, 10.801811]]}, "properties": {"speed": 22.837242126464844, "congestion": 5.233438491821289}}, {"type": "Feature", "geometry": {"type": "LineString", "coordinates": [[106.6750523, 10.7976475], [106.6752127, 10.7976321]]}, "properties": {"speed": 15.326725006103516, "congestion": 5.093824863433838}}, {"type": "Feature", "geometry": {"type": "LineString", "coordinates": [[106.7010118, 10.7645102], [106.7011609, 10.7643397]]}, "properties": {"speed": 35.117366790771484, "congestion": 3.314164400100708}}, {"type": "Feature", "geometry": {"type": "LineString", "coordinates": [[106.7010118, 10.7645102], [106.7010551, 10.7645433]]}, "properties": {"speed": 33.78616714477539, "congestion": 3.5160980224609375}}, {"type": "Feature", "geometry": {"type": "LineString", "coordinates": [[106.6772992, 10.774436], [106.6774893, 10.7742866]]}, "properties": {"speed": 27.99256134033203, "congestion": 4.411320209503174}}, {"type": "Feature", "geometry": {"type": "LineString", "coordinates": [[106.6772992, 10.774436], [106.676759, 10.7745885]]}, "properties": {"speed": 29.460649490356445, "congestion": 3.6814143657684326}}, {"type": "Feature", "geometry": {"type": "LineString", "coordinates": [[106.6984131, 10.803151], [106.6982434, 10.8040213]]}, "properties": {"speed": 21.64444351196289, "congestion": 3.8681325912475586}}, {"type": "Feature", "geometry": {"type": "LineString", "coordinates": [[106.6984131, 10.803151], [106.69843, 10.8029223]]}, "properties": {"speed": 18.43958282470703, "congestion": 4.353432655334473}}, {"type": "Feature", "geometry": {"type": "LineString", "coordinates": [[106.7083242, 10.7625179], [106.7074873, 10.7610553]]}, "properties": {"speed": 17.000635147094727, "congestion": 6.020131587982178}}, {"type": "Feature", "geometry": {"type": "LineString", "coordinates": [[106.7083242, 10.7625179], [106.708407, 10.7625661]]}, "properties": {"speed": 18.67603874206543, "congestion": 6.745637893676758}}, {"type": "Feature", "geometry": {"type": "LineString", "coordinates": [[106.7083242, 10.7625179], [106.7087088, 10.7622745]]}, "properties": {"speed": 21.489639282226562, "congestion": 6.294772624969482}}, {"type": "Feature", "geometry": {"type": "LineString", "coordinates": [[106.6923933, 10.8031859], [106.6909136, 10.8033941]]}, "properties": {"speed": 24.592418670654297, "congestion": 4.265913963317871}}, {"type": "Feature", "geometry": {"type": "LineString", "coordinates": [[106.6923933, 10.8031859], [106.6919803, 10.8040811]]}, "properties": {"speed": 19.50330352783203, "congestion": 5.688694000244141}}, {"type": "Feature", "geometry": {"type": "LineString", "coordinates": [[106.6923933, 10.8031859], [106.6923844, 10.8031077]]}, "properties": {"speed": 19.50330352783203, "congestion": 5.688694000244141}}, {"type": "Feature", "geometry": {"type": "LineString", "coordinates": [[106.6958961, 10.7926816], [106.6958631, 10.7918359]]}, "properties": {"speed": 22.478248596191406, "congestion": 4.1269025802612305}}, {"type": "Feature", "geometry": {"type": "LineString", "coordinates": [[106.6958961, 10.7926816], [106.6959923, 10.7926949]]}, "properties": {"speed": 22.88333511352539, "congestion": 4.77665901184082}}, {"type": "Feature", "geometry": {"type": "LineString", "coordinates": [[106.6958961, 10.7926816], [106.695803, 10.7926668]]}, "properties": {"speed": 25.136985778808594, "congestion": 3.7471089363098145}}, {"type": "Feature", "geometry": {"type": "LineString", "coordinates": [[106.7135363, 10.8013975], [106.7126491, 10.8015782]]}, "properties": {"speed": 41.042701721191406, "congestion": 3.093823194503784}}, {"type": "Feature", "geometry": {"type": "LineString", "coordinates": [[106.6996869, 10.8030829], [106.700317, 10.8033333]]}, "properties": {"speed": 18.41162872314453, "congestion": 4.630351543426514}}, {"type": "Feature", "geometry": {"type": "LineString", "coordinates": [[106.700317, 10.8033333], [106.701596, 10.8038157]]}, "properties": {"speed": 24.641437530517578, "congestion": 3.9404780864715576}}, {"type": "Feature", "geometry": {"type": "LineString", "coordinates": [[106.700317, 10.8033333], [106.7011579, 10.8020978]]}, "properties": {"speed": 23.623350143432617, "congestion": 3.968233346939087}}, {"type": "Feature", "geometry": {"type": "LineString", "coordinates": [[106.700317, 10.8033333], [106.7002521, 10.8034343]]}, "properties": {"speed": 22.221813201904297, "congestion": 4.398090839385986}}, {"type": "Feature", "geometry": {"type": "LineString", "coordinates": [[106.7027015, 10.7625436], [106.7029757, 10.7627383]]}, "properties": {"speed": 24.79397964477539, "congestion": 4.151821613311768}}, {"type": "Feature", "geometry": {"type": "LineString", "coordinates": [[106.7027015, 10.7625436], [106.7026531, 10.7626093]]}, "properties": {"speed": 25.692094802856445, "congestion": 3.985409736633301}}, {"type": "Feature", "geometry": {"type": "LineString", "coordinates": [[106.6962541, 10.7966411], [106.6963159, 10.7976974]]}, "properties": {"speed": 29.47716522216797, "congestion": 3.8965377807617188}}, {"type": "Feature", "geometry": {"type": "LineString", "coordinates": [[106.6962541, 10.7966411], [106.6973277, 10.7965763]]}, "properties": {"speed": 30.11406135559082, "congestion": 3.995474100112915}}, {"type": "Feature", "geometry": {"type": "LineString", "coordinates": [[106.6962541, 10.7966411], [106.6961325, 10.7966448]]}, "properties": {"speed": 30.11406135559082, "congestion": 3.995474100112915}}, {"type": "Feature", "geometry": {"type": "LineString", "coordinates": [[106.6802826, 10.7971878], [106.6801257, 10.7971997]]}, "properties": {"speed": 19.222597122192383, "congestion": 3.7921981811523438}}, {"type": "Feature", "geometry": {"type": "LineString", "coordinates": [[106.6802826, 10.7971878], [106.6811655, 10.7971945]]}, "properties": {"speed": 19.13046646118164, "congestion": 6.346325874328613}}, {"type": "Feature", "geometry": {"type": "LineString", "coordinates": [[106.6802826, 10.7971878], [106.6800635, 10.797442]]}, "properties": {"speed": 21.857521057128906, "congestion": 5.6925177574157715}}, {"type": "Feature", "geometry": {"type": "LineString", "coordinates": [[106.7071781, 10.7650961], [106.7073179, 10.7647844]]}, "properties": {"speed": 20.54908561706543, "congestion": 6.40955114364624}}, {"type": "Feature", "geometry": {"type": "LineString", "coordinates": [[106.7071781, 10.7650961], [106.7072453, 10.7651171]]}, "properties": {"speed": 26.911752700805664, "congestion": 4.689840316772461}}, {"type": "Feature", "geometry": {"type": "LineString", "coordinates": [[106.7059306, 10.7620173], [106.7064484, 10.7629778]]}, "properties": {"speed": 10.266179084777832, "congestion": 4.89492654800415}}, {"type": "Feature", "geometry": {"type": "LineString", "coordinates": [[106.7059306, 10.7620173], [106.7037997, 10.7633835]]}, "properties": {"speed": 10.042266845703125, "congestion": 4.977497100830078}}, {"type": "Feature", "geometry": {"type": "LineString", "coordinates": [[106.6949921, 10.8044016], [106.6954591, 10.8043401]]}, "properties": {"speed": 22.92222023010254, "congestion": 3.935065269470215}}, {"type": "Feature", "geometry": {"type": "LineString", "coordinates": [[106.6949921, 10.8044016], [106.6949767, 10.8038474]]}, "properties": {"speed": 20.137502670288086, "congestion": 5.004968643188477}}, {"type": "Feature", "geometry": {"type": "LineString", "coordinates": [[106.6982434, 10.8040213], [106.6984131, 10.803151]]}, "properties": {"speed": 18.085765838623047, "congestion": 4.33024263381958}}, {"type": "Feature", "geometry": {"type": "LineString", "coordinates": [[106.6982434, 10.8040213], [106.6979098, 10.8040279]]}, "properties": {"speed": 18.796005249023438, "congestion": 4.106775760650635}}, {"type": "Feature", "geometry": {"type": "LineString", "coordinates": [[106.6982434, 10.8040213], [106.6992455, 10.8042561]]}, "properties": {"speed": 18.796005249023438, "congestion": 4.106775760650635}}, {"type": "Feature", "geometry": {"type": "LineString", "coordinates": [[106.6982434, 10.8040213], [106.6981371, 10.8044587]]}, "properties": {"speed": 19.593517303466797, "congestion": 4.026031970977783}}, {"type": "Feature", "geometry": {"type": "LineString", "coordinates": [[106.6778607, 10.7942967], [106.6778628, 10.7941537]]}, "properties": {"speed": 21.576881408691406, "congestion": 6.188534736633301}}, {"type": "Feature", "geometry": {"type": "LineString", "coordinates": [[106.6778607, 10.7942967], [106.6775012, 10.7944978]]}, "properties": {"speed": 24.334491729736328, "congestion": 5.14900016784668}}, {"type": "Feature", "geometry": {"type": "LineString", "coordinates": [[106.7074873, 10.7610553], [106.7083242, 10.7625179]]}, "properties": {"speed": 20.81789207458496, "congestion": 4.816243648529053}}, {"type": "Feature", "geometry": {"type": "LineString", "coordinates": [[106.7074873, 10.7610553], [106.7059306, 10.7620173]]}, "properties": {"speed": 19.823822021484375, "congestion": 4.321376323699951}}, {"type": "Feature", "geometry": {"type": "LineString", "coordinates": [[106.7074873, 10.7610553], [106.7074582, 10.760991]]}, "properties": {"speed": 19.91316795349121, "congestion": 4.316549777984619}}, {"type": "Feature", "geometry": {"type": "LineString", "coordinates": [[106.6759708, 10.7665024], [106.6764087, 10.7665974]]}, "properties": {"speed": 26.458858489990234, "congestion": 3.687906503677368}}, {"type": "Feature", "geometry": {"type": "LineString", "coordinates": [[106.6933269, 10.8030766], [106.6923933, 10.8031859]]}, "properties": {"speed": 22.124305725097656, "congestion": 4.319921016693115}}, {"type": "Feature", "geometry": {"type": "LineString", "coordinates": [[106.6761674, 10.7916516], [106.6764767, 10.7916392]]}, "properties": {"speed": 14.89687728881836, "congestion": 7.759771347045898}}, {"type": "Feature", "geometry": {"type": "LineString", "coordinates": [[106.6761674, 10.7916516], [106.6763414, 10.7922902]]}, "properties": {"speed": 19.430461883544922, "congestion": 6.700336456298828}}, {"type": "Feature", "geometry": {"type": "LineString", "coordinates": [[106.7046798, 10.7640384], [106.7053404, 10.7643284]]}, "properties": {"speed": 26.511808395385742, "congestion": 3.71270751953125}}, {"type": "Feature", "geometry": {"type": "LineString", "coordinates": [[106.7046798, 10.7640384], [106.7046036, 10.7641137]]}, "properties": {"speed": 26.881940841674805, "congestion": 4.123286724090576}}, {"type": "Feature", "geometry": {"type": "LineString", "coordinates": [[106.701596, 10.8038157], [106.7016015, 10.803925]]}, "properties": {"speed": 24.1151065826416, "congestion": 4.199747085571289}}, {"type": "Feature", "geometry": {"type": "LineString", "coordinates": [[106.701596, 10.8038157], [106.7017381, 10.8029203]]}, "properties": {"speed": 24.010377883911133, "congestion": 4.218472957611084}}, {"type": "Feature", "geometry": {"type": "LineString", "coordinates": [[106.701596, 10.8038157], [106.7032895, 10.8034288]]}, "properties": {"speed": 27.71155548095703, "congestion": 3.7790918350219727}}, {"type": "Feature", "geometry": {"type": "LineString", "coordinates": [[106.6937097, 10.7958981], [106.6941442, 10.7958639]]}, "properties": {"speed": 30.98306655883789, "congestion": 3.2014858722686768}}, {"type": "Feature", "geometry": {"type": "LineString", "coordinates": [[106.6829772, 10.801811], [106.681107, 10.8038568]]}, "properties": {"speed": 19.822050094604492, "congestion": 5.721654891967773}}, {"type": "Feature", "geometry": {"type": "LineString", "coordinates": [[106.6829772, 10.801811], [106.6830508, 10.8017299]]}, "properties": {"speed": 22.601301193237305, "congestion": 5.207585334777832}}, {"type": "Feature", "geometry": {"type": "LineString", "coordinates": [[106.6829772, 10.801811], [106.6804397, 10.7993665]]}, "properties": {"speed": 21.676342010498047, "congestion": 5.257896900177002}}, {"type": "Feature", "geometry": {"type": "LineString", "coordinates": [[106.6764087, 10.7665974], [106.6759708, 10.7665024]]}, "properties": {"speed": 27.256595611572266, "congestion": 3.9037907123565674}}, {"type": "Feature", "geometry": {"type": "LineString", "coordinates": [[106.6764087, 10.7665974], [106.6778079, 10.7631003]]}, "properties": {"speed": 26.458858489990234, "congestion": 3.687906503677368}}, {"type": "Feature", "geometry": {"type": "LineString", "coordinates": [[106.712201, 10.7896678], [106.7110432, 10.7896572]]}, "properties": {"speed": 31.912506103515625, "congestion": 4.426146984100342}}, {"type": "Feature", "geometry": {"type": "LineString", "coordinates": [[106.712201, 10.7896678], [106.7110704, 10.7895738]]}, "properties": {"speed": 40.495548248291016, "congestion": 3.06288480758667}}, {"type": "Feature", "geometry": {"type": "LineString", "coordinates": [[106.7038542, 10.7675494], [106.7030389, 10.7669874]]}, "properties": {"speed": 33.22819519042969, "congestion": 3.4571826457977295}}, {"type": "Feature", "geometry": {"type": "LineString", "coordinates": [[106.7038542, 10.7675494], [106.7038883, 10.767486]]}, "properties": {"speed": 31.67569351196289, "congestion": 3.8696789741516113}}, {"type": "Feature", "geometry": {"type": "LineString", "coordinates": [[106.689543, 10.7935629], [106.6894447, 10.7941167]]}, "properties": {"speed": 20.212499618530273, "congestion": 5.558095932006836}}, {"type": "Feature", "geometry": {"type": "LineString", "coordinates": [[106.689543, 10.7935629], [106.6896267, 10.793059]]}, "properties": {"speed": 20.401386260986328, "congestion": 3.2448861598968506}}, {"type": "Feature", "geometry": {"type": "LineString", "coordinates": [[106.6883239, 10.7874184], [106.6887654, 10.7882102]]}, "properties": {"speed": 25.709972381591797, "congestion": 3.9912991523742676}}, {"type": "Feature", "geometry": {"type": "LineString", "coordinates": [[106.6883239, 10.7874184], [106.6877914, 10.7865895]]}, "properties": {"speed": 24.108043670654297, "congestion": 4.4861369132995605}}, {"type": "Feature", "geometry": {"type": "LineString", "coordinates": [[106.6883239, 10.7874184], [106.6872178, 10.7876582]]}, "properties": {"speed": 26.799848556518555, "congestion": 4.115624904632568}}, {"type": "Feature", "geometry": {"type": "LineString", "coordinates": [[106.6880823, 10.7922967], [106.6877013, 10.7927487]]}, "properties": {"speed": 15.59998893737793, "congestion": 3.967451333999634}}, {"type": "Feature", "geometry": {"type": "LineString", "coordinates": [[106.6880823, 10.7922967], [106.6897163, 10.7925414]]}, "properties": {"speed": 15.59998893737793, "congestion": 3.967451333999634}}, {"type": "Feature", "geometry": {"type": "LineString", "coordinates": [[106.6880823, 10.7922967], [106.6880247, 10.7913566]]}, "properties": {"speed": 32.34867858886719, "congestion": 3.4188647270202637}}, {"type": "Feature", "geometry": {"type": "LineString", "coordinates": [[106.6877013, 10.7927487], [106.6880823, 10.7922967]]}, "properties": {"speed": 32.32188415527344, "congestion": 3.4153804779052734}}, {"type": "Feature", "geometry": {"type": "LineString", "coordinates": [[106.6877013, 10.7927487], [106.6896267, 10.793059]]}, "properties": {"speed": 19.099985122680664, "congestion": 3.5603790283203125}}, {"type": "Feature", "geometry": {"type": "LineString", "coordinates": [[106.6877013, 10.7927487], [106.6876075, 10.7928751]]}, "properties": {"speed": 19.099985122680664, "congestion": 3.5603790283203125}}, {"type": "Feature", "geometry": {"type": "LineString", "coordinates": [[106.6865528, 10.778537], [106.6872434, 10.7778991]]}, "properties": {"speed": 25.442710876464844, "congestion": 3.87985897064209}}, {"type": "Feature", "geometry": {"type": "LineString", "coordinates": [[106.6860728, 10.7789815], [106.6865528, 10.778537]]}, "properties": {"speed": 23.834552764892578, "congestion": 3.9367358684539795}}, {"type": "Feature", "geometry": {"type": "LineString", "coordinates": [[106.6860728, 10.7789815], [106.6866254, 10.7795061]]}, "properties": {"speed": 19.922571182250977, "congestion": 5.508213520050049}}, {"type": "Feature", "geometry": {"type": "LineString", "coordinates": [[106.704554, 10.7706475], [106.7046901, 10.7703541]]}, "properties": {"speed": 22.72638511657715, "congestion": 4.508857727050781}}, {"type": "Feature", "geometry": {"type": "LineString", "coordinates": [[106.704554, 10.7706475], [106.7061991, 10.7705738]]}, "properties": {"speed": 36.40434265136719, "congestion": 2.988711357116699}}, {"type": "Feature", "geometry": {"type": "LineString", "coordinates": [[106.704554, 10.7706475], [106.7045554, 10.7707457]]}, "properties": {"speed": 30.976919174194336, "congestion": 4.75178337097168}}, {"type": "Feature", "geometry": {"type": "LineString", "coordinates": [[106.7012188, 10.770821], [106.7025753, 10.7707369]]}, "properties": {"speed": 32.627262115478516, "congestion": 4.640749454498291}}, {"type": "Feature", "geometry": {"type": "LineString", "coordinates": [[106.7012188, 10.770821], [106.7012764, 10.7706904]]}, "properties": {"speed": 24.369102478027344, "congestion": 3.5469424724578857}}, {"type": "Feature", "geometry": {"type": "LineString", "coordinates": [[106.701082, 10.7711389], [106.6984995, 10.7714]]}, "properties": {"speed": 35.81684494018555, "congestion": 4.801000595092773}}, {"type": "Feature", "geometry": {"type": "LineString", "coordinates": [[106.6798779, 10.7807539], [106.6808694, 10.7801372]]}, "properties": {"speed": 17.927539825439453, "congestion": 5.313608169555664}}, {"type": "Feature", "geometry": {"type": "LineString", "coordinates": [[106.6798779, 10.7807539], [106.6802015, 10.7825762]]}, "properties": {"speed": 18.204593658447266, "congestion": 4.972765922546387}}, {"type": "Feature", "geometry": {"type": "LineString", "coordinates": [[106.6798779, 10.7807539], [106.6795139, 10.7803745]]}, "properties": {"speed": 17.39265251159668, "congestion": 5.630321502685547}}, {"type": "Feature", "geometry": {"type": "LineString", "coordinates": [[106.6798779, 10.7807539], [106.679307, 10.7816381]]}, "properties": {"speed": 18.339155197143555, "congestion": 4.827401638031006}}, {"type": "Feature", "geometry": {"type": "LineString", "coordinates": [[106.6804234, 10.7732535], [106.6806056, 10.7727882]]}, "properties": {"speed": 25.188194274902344, "congestion": 4.193247318267822}}, {"type": "Feature", "geometry": {"type": "LineString", "coordinates": [[106.7050529, 10.7730152], [106.7056516, 10.7736801]]}, "properties": {"speed": 28.489675521850586, "congestion": 3.5222227573394775}}, {"type": "Feature", "geometry": {"type": "LineString", "coordinates": [[106.7050529, 10.7730152], [106.7037193, 10.774251]]}, "properties": {"speed": 22.81467628479004, "congestion": 5.3003692626953125}}, {"type": "Feature", "geometry": {"type": "LineString", "coordinates": [[106.7048194, 10.7727751], [106.703913, 10.771863]]}, "properties": {"speed": 29.031423568725586, "congestion": 5.216828346252441}}, {"type": "Feature", "geometry": {"type": "LineString", "coordinates": [[106.7048194, 10.7727751], [106.705399, 10.7722276]]}, "properties": {"speed": 28.829397201538086, "congestion": 4.997227668762207}}, {"type": "Feature", "geometry": {"type": "LineString", "coordinates": [[106.6943047, 10.7902719], [106.6954145, 10.7892199]]}, "properties": {"speed": 27.168054580688477, "congestion": 3.8053998947143555}}, {"type": "Feature", "geometry": {"type": "LineString", "coordinates": [[106.6943047, 10.7902719], [106.6938219, 10.7897832]]}, "properties": {"speed": 27.32708740234375, "congestion": 4.050483226776123}}, {"type": "Feature", "geometry": {"type": "LineString", "coordinates": [[106.6884139, 10.7907006], [106.6890874, 10.7901544]]}, "properties": {"speed": 24.958511352539062, "congestion": 4.35761022567749}}, {"type": "Feature", "geometry": {"type": "LineString", "coordinates": [[106.6884139, 10.7907006], [106.688343, 10.7907571]]}, "properties": {"speed": 25.338947296142578, "congestion": 4.295286178588867}}, {"type": "Feature", "geometry": {"type": "LineString", "coordinates": [[106.6884139, 10.7907006], [106.6887929, 10.7911138]]}, "properties": {"speed": 25.49540138244629, "congestion": 4.250301361083984}}, {"type": "Feature", "geometry": {"type": "LineString", "coordinates": [[106.695672, 10.7823428], [106.6962441, 10.7823656]]}, "properties": {"speed": 26.04800033569336, "congestion": 3.6213297843933105}}, {"type": "Feature", "geometry": {"type": "LineString", "coordinates": [[106.695672, 10.7823428], [106.6948334, 10.781467]]}, "properties": {"speed": 21.36787986755371, "congestion": 3.7852466106414795}}, {"type": "Feature", "geometry": {"type": "LineString", "coordinates": [[106.6820879, 10.7824313], [106.6822278, 10.7813333]]}, "properties": {"speed": 23.027690887451172, "congestion": 4.863649845123291}}, {"type": "Feature", "geometry": {"type": "LineString", "coordinates": [[106.6820879, 10.7824313], [106.682391, 10.7830804]]}, "properties": {"speed": 21.632469177246094, "congestion": 5.092023849487305}}, {"type": "Feature", "geometry": {"type": "LineString", "coordinates": [[106.6820879, 10.7824313], [106.6816801, 10.7816577]]}, "properties": {"speed": 20.755529403686523, "congestion": 4.830496788024902}}, {"type": "Feature", "geometry": {"type": "LineString", "coordinates": [[106.6822278, 10.7813333], [106.6820879, 10.7824313]]}, "properties": {"speed": 20.386106491088867, "congestion": 4.449907302856445}}, {"type": "Feature", "geometry": {"type": "LineString", "coordinates": [[106.6822278, 10.7813333], [106.682872, 10.7809432]]}, "properties": {"speed": 17.998180389404297, "congestion": 5.093178749084473}}, {"type": "Feature", "geometry": {"type": "LineString", "coordinates": [[106.6910676, 10.7885911], [106.6907681, 10.7888242]]}, "properties": {"speed": 18.962907791137695, "congestion": 8.444807052612305}}, {"type": "Feature", "geometry": {"type": "LineString", "coordinates": [[106.6910676, 10.7885911], [106.6919281, 10.7878659]]}, "properties": {"speed": 15.90526294708252, "congestion": 10.502025604248047}}, {"type": "Feature", "geometry": {"type": "LineString", "coordinates": [[106.6873039, 10.7733118], [106.6876051, 10.7736431]]}, "properties": {"speed": 23.768571853637695, "congestion": 4.821821212768555}}, {"type": "Feature", "geometry": {"type": "LineString", "coordinates": [[106.6873039, 10.7733118], [106.687137, 10.7731427]]}, "properties": {"speed": 24.42291831970215, "congestion": 3.885298728942871}}, {"type": "Feature", "geometry": {"type": "LineString", "coordinates": [[106.6905496, 10.7635026], [106.6908721, 10.7630489]]}, "properties": {"speed": 17.82684898376465, "congestion": 4.847994327545166}}, {"type": "Feature", "geometry": {"type": "LineString", "coordinates": [[106.6905496, 10.7635026], [106.6894464, 10.7617999]]}, "properties": {"speed": 18.911109924316406, "congestion": 5.377676010131836}}, {"type": "Feature", "geometry": {"type": "LineString", "coordinates": [[106.6905496, 10.7635026], [106.6902532, 10.7639911]]}, "properties": {"speed": 20.438430786132812, "congestion": 4.828725337982178}}, {"type": "Feature", "geometry": {"type": "LineString", "coordinates": [[106.6775347, 10.788032], [106.6774395, 10.7880834]]}, "properties": {"speed": 21.406248092651367, "congestion": 3.9077975749969482}}, {"type": "Feature", "geometry": {"type": "LineString", "coordinates": [[106.6775347, 10.788032], [106.6777004, 10.7879401]]}, "properties": {"speed": 24.804859161376953, "congestion": 4.455368518829346}}, {"type": "Feature", "geometry": {"type": "LineString", "coordinates": [[106.6787167, 10.7812197], [106.679307, 10.7816381]]}, "properties": {"speed": 22.552642822265625, "congestion": 3.84414005279541}}, {"type": "Feature", "geometry": {"type": "LineString", "coordinates": [[106.6913317, 10.7777162], [106.690781, 10.778205]]}, "properties": {"speed": 24.950000762939453, "congestion": 6.197273254394531}}, {"type": "Feature", "geometry": {"type": "LineString", "coordinates": [[106.6913317, 10.7777162], [106.6906189, 10.7769384]]}, "properties": {"speed": 23.021699905395508, "congestion": 6.137287616729736}}, {"type": "Feature", "geometry": {"type": "LineString", "coordinates": [[106.7008703, 10.7858296], [106.6996774, 10.78457]]}, "properties": {"speed": 24.216474533081055, "congestion": 5.137784957885742}}, {"type": "Feature", "geometry": {"type": "LineString", "coordinates": [[106.7008703, 10.7858296], [106.7015027, 10.7864767]]}, "properties": {"speed": 23.33501434326172, "congestion": 5.364494800567627}}, {"type": "Feature", "geometry": {"type": "LineString", "coordinates": [[106.7008703, 10.7858296], [106.6996763, 10.7870071]]}, "properties": {"speed": 24.44614028930664, "congestion": 5.02308988571167}}, {"type": "Feature", "geometry": {"type": "LineString", "coordinates": [[106.6960346, 10.7670484], [106.6958543, 10.7673525]]}, "properties": {"speed": 21.985336303710938, "congestion": 4.266946792602539}}, {"type": "Feature", "geometry": {"type": "LineString", "coordinates": [[106.6960346, 10.7670484], [106.6959458, 10.7670008]]}, "properties": {"speed": 29.435441970825195, "congestion": 3.8765296936035156}}, {"type": "Feature", "geometry": {"type": "LineString", "coordinates": [[106.6960346, 10.7670484], [106.6969333, 10.7676168]]}, "properties": {"speed": 21.81801986694336, "congestion": 4.580918312072754}}, {"type": "Feature", "geometry": {"type": "LineString", "coordinates": [[106.687691, 10.762927], [106.6870194, 10.763365]]}, "properties": {"speed": 28.20905303955078, "congestion": 4.34722900390625}}, {"type": "Feature", "geometry": {"type": "LineString", "coordinates": [[106.687691, 10.762927], [106.6894464, 10.7617999]]}, "properties": {"speed": 20.474767684936523, "congestion": 4.153736591339111}}, {"type": "Feature", "geometry": {"type": "LineString", "coordinates": [[106.687691, 10.762927], [106.6879276, 10.763025]]}, "properties": {"speed": 26.984859466552734, "congestion": 4.289517879486084}}, {"type": "Feature", "geometry": {"type": "LineString", "coordinates": [[106.687691, 10.762927], [106.6875445, 10.7628693]]}, "properties": {"speed": 20.627283096313477, "congestion": 4.0606231689453125}}, {"type": "Feature", "geometry": {"type": "LineString", "coordinates": [[106.7012589, 10.7907263], [106.7008725, 10.7902953]]}, "properties": {"speed": 20.146442413330078, "congestion": 5.247678756713867}}, {"type": "Feature", "geometry": {"type": "LineString", "coordinates": [[106.7012589, 10.7907263], [106.7015127, 10.7904945]]}, "properties": {"speed": 19.26549530029297, "congestion": 5.2958502769470215}}, {"type": "Feature", "geometry": {"type": "LineString", "coordinates": [[106.7012589, 10.7907263], [106.7004476, 10.791466]]}, "properties": {"speed": 20.146442413330078, "congestion": 5.247678756713867}}, {"type": "Feature", "geometry": {"type": "LineString", "coordinates": [[106.6997163, 10.7912691], [106.700172, 10.7917269]]}, "properties": {"speed": 19.01390266418457, "congestion": 4.166589260101318}}, {"type": "Feature", "geometry": {"type": "LineString", "coordinates": [[106.700172, 10.7917269], [106.6997163, 10.7912691]]}, "properties": {"speed": 21.350004196166992, "congestion": 3.702894926071167}}, {"type": "Feature", "geometry": {"type": "LineString", "coordinates": [[106.700172, 10.7917269], [106.7000366, 10.7918663]]}, "properties": {"speed": 21.69306755065918, "congestion": 4.969607353210449}}, {"type": "Feature", "geometry": {"type": "LineString", "coordinates": [[106.700172, 10.7917269], [106.7004476, 10.791466]]}, "properties": {"speed": 19.368574142456055, "congestion": 5.31376838684082}}, {"type": "Feature", "geometry": {"type": "LineString", "coordinates": [[106.6923323, 10.783741], [106.6916574, 10.78436]]}, "properties": {"speed": 18.193923950195312, "congestion": 8.364365577697754}}, {"type": "Feature", "geometry": {"type": "LineString", "coordinates": [[106.691294, 10.7829847], [106.6916398, 10.7833338]]}, "properties": {"speed": 23.432296752929688, "congestion": 5.64173698425293}}, {"type": "Feature", "geometry": {"type": "LineString", "coordinates": [[106.691294, 10.7829847], [106.6916277, 10.7826789]]}, "properties": {"speed": 23.00798225402832, "congestion": 6.140507698059082}}, {"type": "Feature", "geometry": {"type": "LineString", "coordinates": [[106.7045046, 10.7896217], [106.7074335, 10.7927261]]}, "properties": {"speed": 32.11589050292969, "congestion": 3.789242744445801}}, {"type": "Feature", "geometry": {"type": "LineString", "coordinates": [[106.7045046, 10.7896217], [106.7044554, 10.7896672]]}, "properties": {"speed": 29.48593521118164, "congestion": 3.9494807720184326}}, {"type": "Feature", "geometry": {"type": "LineString", "coordinates": [[106.7053153, 10.7786557], [106.7050579, 10.7788759]]}, "properties": {"speed": 17.053470611572266, "congestion": 5.445217609405518}}, {"type": "Feature", "geometry": {"type": "LineString", "coordinates": [[106.6806056, 10.7727882], [106.680873, 10.7721519]]}, "properties": {"speed": 25.188194274902344, "congestion": 4.193247318267822}}, {"type": "Feature", "geometry": {"type": "LineString", "coordinates": [[106.6895501, 10.7802238], [106.6907264, 10.7791401]]}, "properties": {"speed": 19.657756805419922, "congestion": 4.312780380249023}}, {"type": "Feature", "geometry": {"type": "LineString", "coordinates": [[106.6895501, 10.7802238], [106.688964, 10.7796331]]}, "properties": {"speed": 22.51007080078125, "congestion": 4.075977802276611}}, {"type": "Feature", "geometry": {"type": "LineString", "coordinates": [[106.6895501, 10.7802238], [106.6907327, 10.7814155]]}, "properties": {"speed": 21.806140899658203, "congestion": 4.191767692565918}}, {"type": "Feature", "geometry": {"type": "LineString", "coordinates": [[106.6895501, 10.7802238], [106.6890494, 10.7807024]]}, "properties": {"speed": 22.07581329345703, "congestion": 4.151111125946045}}, {"type": "Feature", "geometry": {"type": "LineString", "coordinates": [[106.693367, 10.783497], [106.693016, 10.78312]]}, "properties": {"speed": 22.020545959472656, "congestion": 6.3482842445373535}}, {"type": "Feature", "geometry": {"type": "LineString", "coordinates": [[106.693016, 10.78312], [106.6923323, 10.783741]]}, "properties": {"speed": 18.193923950195312, "congestion": 8.364365577697754}}, {"type": "Feature", "geometry": {"type": "LineString", "coordinates": [[106.693016, 10.78312], [106.693367, 10.783497]]}, "properties": {"speed": 22.70191192626953, "congestion": 5.448566436767578}}, {"type": "Feature", "geometry": {"type": "LineString", "coordinates": [[106.704781, 10.777232], [106.7043473, 10.777634]]}, "properties": {"speed": 19.429855346679688, "congestion": 5.688151836395264}}, {"type": "Feature", "geometry": {"type": "LineString", "coordinates": [[106.7043473, 10.777634], [106.704781, 10.777232]]}, "properties": {"speed": 20.440109252929688, "congestion": 5.24919319152832}}, {"type": "Feature", "geometry": {"type": "LineString", "coordinates": [[106.7043473, 10.777634], [106.7047964, 10.7781081]]}, "properties": {"speed": 20.15081024169922, "congestion": 5.192502498626709}}, {"type": "Feature", "geometry": {"type": "LineString", "coordinates": [[106.6818152, 10.7703203], [106.6809334, 10.769341]]}, "properties": {"speed": 24.99123191833496, "congestion": 4.715174198150635}}, {"type": "Feature", "geometry": {"type": "LineString", "coordinates": [[106.6818152, 10.7703203], [106.6821231, 10.7700561]]}, "properties": {"speed": 21.612619400024414, "congestion": 5.250124454498291}}, {"type": "Feature", "geometry": {"type": "LineString", "coordinates": [[106.6818152, 10.7703203], [106.679015, 10.7727361]]}, "properties": {"speed": 23.280231475830078, "congestion": 4.643712997436523}}, {"type": "Feature", "geometry": {"type": "LineString", "coordinates": [[106.6826444, 10.7727646], [106.6827924, 10.7728158]]}, "properties": {"speed": 25.630821228027344, "congestion": 3.964977264404297}}, {"type": "Feature", "geometry": {"type": "LineString", "coordinates": [[106.687907, 10.7761492], [106.6868508, 10.7750424]]}, "properties": {"speed": 24.637149810791016, "congestion": 4.6377410888671875}}, {"type": "Feature", "geometry": {"type": "LineString", "coordinates": [[106.6831766, 10.7776034], [106.6833882, 10.7778105]]}, "properties": {"speed": 23.668060302734375, "congestion": 4.060544967651367}}, {"type": "Feature", "geometry": {"type": "LineString", "coordinates": [[106.6838744, 10.7768944], [106.6841936, 10.7771974]]}, "properties": {"speed": 23.846179962158203, "congestion": 3.8416433334350586}}, {"type": "Feature", "geometry": {"type": "LineString", "coordinates": [[106.6863082, 10.7831971], [106.685973, 10.7834895]]}, "properties": {"speed": 25.240018844604492, "congestion": 3.4999046325683594}}, {"type": "Feature", "geometry": {"type": "LineString", "coordinates": [[106.6863082, 10.7831971], [106.6866217, 10.7829132]]}, "properties": {"speed": 20.586715698242188, "congestion": 4.562262058258057}}, {"type": "Feature", "geometry": {"type": "LineString", "coordinates": [[106.6915611, 10.7874943], [106.6911313, 10.7870592]]}, "properties": {"speed": 23.257463455200195, "congestion": 4.221250057220459}}, {"type": "Feature", "geometry": {"type": "LineString", "coordinates": [[106.6866075, 10.7833377], [106.6863082, 10.7831971]]}, "properties": {"speed": 21.144676208496094, "congestion": 3.4222381114959717}}, {"type": "Feature", "geometry": {"type": "LineString", "coordinates": [[106.6866075, 10.7833377], [106.6876058, 10.7862874]]}, "properties": {"speed": 22.948612213134766, "congestion": 3.218437671661377}}, {"type": "Feature", "geometry": {"type": "LineString", "coordinates": [[106.6896603, 10.761662], [106.6897192, 10.7616266]]}, "properties": {"speed": 19.41249656677246, "congestion": 5.056918144226074}}, {"type": "Feature", "geometry": {"type": "LineString", "coordinates": [[106.6896603, 10.761662], [106.6894464, 10.7617999]]}, "properties": {"speed": 19.814069747924805, "congestion": 3.5312392711639404}}, {"type": "Feature", "geometry": {"type": "LineString", "coordinates": [[106.6896603, 10.761662], [106.689141, 10.7610695]]}, "properties": {"speed": 29.052255630493164, "congestion": 3.8129336833953857}}, {"type": "Feature", "geometry": {"type": "LineString", "coordinates": [[106.6839014, 10.769713], [106.6844931, 10.7703109]]}, "properties": {"speed": 26.18465805053711, "congestion": 4.693511486053467}}, {"type": "Feature", "geometry": {"type": "LineString", "coordinates": [[106.6839014, 10.769713], [106.6832774, 10.7690486]]}, "properties": {"speed": 26.633373260498047, "congestion": 4.56591796875}}, {"type": "Feature", "geometry": {"type": "LineString", "coordinates": [[106.6839014, 10.769713], [106.6827741, 10.7707307]]}, "properties": {"speed": 28.131942749023438, "congestion": 4.597321510314941}}, {"type": "Feature", "geometry": {"type": "LineString", "coordinates": [[106.6895211, 10.7736195], [106.6893994, 10.7736956]]}, "properties": {"speed": 22.79928207397461, "congestion": 4.71116828918457}}, {"type": "Feature", "geometry": {"type": "LineString", "coordinates": [[106.6895211, 10.7736195], [106.6897713, 10.7739193]]}, "properties": {"speed": 19.25023651123047, "congestion": 6.588801860809326}}, {"type": "Feature", "geometry": {"type": "LineString", "coordinates": [[106.6909982, 10.7943813], [106.6901834, 10.7942402]]}, "properties": {"speed": 20.831329345703125, "congestion": 4.417906284332275}}, {"type": "Feature", "geometry": {"type": "LineString", "coordinates": [[106.6909982, 10.7943813], [106.6908062, 10.7954343]]}, "properties": {"speed": 32.241493225097656, "congestion": 3.202876329421997}}, {"type": "Feature", "geometry": {"type": "LineString", "coordinates": [[106.6909982, 10.7943813], [106.6919033, 10.794554]]}, "properties": {"speed": 32.32694625854492, "congestion": 3.289581537246704}}, {"type": "Feature", "geometry": {"type": "LineString", "coordinates": [[106.6909982, 10.7943813], [106.6912726, 10.7928217]]}, "properties": {"speed": 20.831329345703125, "congestion": 4.417906284332275}}, {"type": "Feature", "geometry": {"type": "LineString", "coordinates": [[106.6901834, 10.7942402], [106.6894447, 10.7941167]]}, "properties": {"speed": 14.799992561340332, "congestion": 3.0596466064453125}}, {"type": "Feature", "geometry": {"type": "LineString", "coordinates": [[106.6989238, 10.782134], [106.697816, 10.7809287]]}, "properties": {"speed": 9.099997520446777, "congestion": 3.546527624130249}}, {"type": "Feature", "geometry": {"type": "LineString", "coordinates": [[106.6989238, 10.782134], [106.6981158, 10.782881]]}, "properties": {"speed": 14.18524169921875, "congestion": 6.454878330230713}}, {"type": "Feature", "geometry": {"type": "LineString", "coordinates": [[106.6989238, 10.782134], [106.6995731, 10.7815337]]}, "properties": {"speed": 15.99374771118164, "congestion": 5.77668571472168}}, {"type": "Feature", "geometry": {"type": "LineString", "coordinates": [[106.6988256, 10.7796124], [106.6997738, 10.7787668]]}, "properties": {"speed": 25.92479705810547, "congestion": 4.123885154724121}}, {"type": "Feature", "geometry": {"type": "LineString", "coordinates": [[106.6988256, 10.7796124], [106.6979087, 10.7786471]]}, "properties": {"speed": 24.600582122802734, "congestion": 4.450361728668213}}, {"type": "Feature", "geometry": {"type": "LineString", "coordinates": [[106.6988748, 10.7803507], [106.6985782, 10.7803158]]}, "properties": {"speed": 20.650697708129883, "congestion": 6.372048377990723}}, {"type": "Feature", "geometry": {"type": "LineString", "coordinates": [[106.7067032, 10.7755731], [106.7065554, 10.7758045]]}, "properties": {"speed": 28.60846710205078, "congestion": 3.5875308513641357}}, {"type": "Feature", "geometry": {"type": "LineString", "coordinates": [[106.7067032, 10.7755731], [106.7073025, 10.7781934]]}, "properties": {"speed": 32.94092559814453, "congestion": 3.6415586471557617}}, {"type": "Feature", "geometry": {"type": "LineString", "coordinates": [[106.7066578, 10.7749437], [106.7067032, 10.7755731]]}, "properties": {"speed": 32.50810241699219, "congestion": 3.551480293273926}}, {"type": "Feature", "geometry": {"type": "LineString", "coordinates": [[106.7062362, 10.7748235], [106.706182, 10.7747161]]}, "properties": {"speed": 16.83751106262207, "congestion": 3.4685068130493164}}, {"type": "Feature", "geometry": {"type": "LineString", "coordinates": [[106.7062362, 10.7748235], [106.7064454, 10.7747778]]}, "properties": {"speed": 32.084293365478516, "congestion": 3.6620190143585205}}, {"type": "Feature", "geometry": {"type": "LineString", "coordinates": [[106.7060822, 10.7756531], [106.7059333, 10.775332]]}, "properties": {"speed": 33.73448944091797, "congestion": 3.542876958847046}}, {"type": "Feature", "geometry": {"type": "LineString", "coordinates": [[106.7060822, 10.7756531], [106.7060029, 10.7757236]]}, "properties": {"speed": 23.98628807067871, "congestion": 4.893702507019043}}, {"type": "Feature", "geometry": {"type": "LineString", "coordinates": [[106.7063124, 10.7757948], [106.7060822, 10.7756531]]}, "properties": {"speed": 33.720882415771484, "congestion": 3.613525390625}}, {"type": "Feature", "geometry": {"type": "LineString", "coordinates": [[106.6894447, 10.7941167], [106.689543, 10.7935629]]}, "properties": {"speed": 20.833330154418945, "congestion": 4.19921875}}, {"type": "Feature", "geometry": {"type": "LineString", "coordinates": [[106.6894447, 10.7941167], [106.6893637, 10.7944825]]}, "properties": {"speed": 20.19999122619629, "congestion": 9.455743789672852}}, {"type": "Feature", "geometry": {"type": "LineString", "coordinates": [[106.7060302, 10.774986], [106.7062362, 10.7748235]]}, "properties": {"speed": 33.47239685058594, "congestion": 3.642582416534424}}, {"type": "Feature", "geometry": {"type": "LineString", "coordinates": [[106.7059333, 10.775332], [106.7060302, 10.774986]]}, "properties": {"speed": 33.644569396972656, "congestion": 3.578993797302246}}, {"type": "Feature", "geometry": {"type": "LineString", "coordinates": [[106.7059333, 10.775332], [106.7058247, 10.7753411]]}, "properties": {"speed": 22.389230728149414, "congestion": 4.342434406280518}}, {"type": "Feature", "geometry": {"type": "LineString", "coordinates": [[106.6828181, 10.7740452], [106.6829323, 10.7738141]]}, "properties": {"speed": 13.599990844726562, "congestion": 3.0158276557922363}}, {"type": "Feature", "geometry": {"type": "LineString", "coordinates": [[106.6828181, 10.7740452], [106.682417, 10.7745289]]}, "properties": {"speed": 16.329862594604492, "congestion": 3.6393351554870605}}, {"type": "Feature", "geometry": {"type": "LineString", "coordinates": [[106.6828181, 10.7740452], [106.6832071, 10.7741661]]}, "properties": {"speed": 13.601387023925781, "congestion": 4.356337070465088}}, {"type": "Feature", "geometry": {"type": "LineString", "coordinates": [[106.6828181, 10.7740452], [106.6817179, 10.7737]]}, "properties": {"speed": 13.299991607666016, "congestion": 2.7433054447174072}}, {"type": "Feature", "geometry": {"type": "LineString", "coordinates": [[106.682391, 10.7830804], [106.6820879, 10.7824313]]}, "properties": {"speed": 23.469097137451172, "congestion": 3.7135157585144043}}, {"type": "Feature", "geometry": {"type": "LineString", "coordinates": [[106.682391, 10.7830804], [106.6809796, 10.78373]]}, "properties": {"speed": 26.724658966064453, "congestion": 3.573716402053833}}, {"type": "Feature", "geometry": {"type": "LineString", "coordinates": [[106.682391, 10.7830804], [106.6826765, 10.7836713]]}, "properties": {"speed": 28.27505874633789, "congestion": 3.747440814971924}}, {"type": "Feature", "geometry": {"type": "LineString", "coordinates": [[106.6809796, 10.78373], [106.6810511, 10.7844065]]}, "properties": {"speed": 29.017709732055664, "congestion": 4.035383224487305}}, {"type": "Feature", "geometry": {"type": "LineString", "coordinates": [[106.6809796, 10.78373], [106.6803314, 10.7840667]]}, "properties": {"speed": 26.514408111572266, "congestion": 3.818333625793457}}, {"type": "Feature", "geometry": {"type": "LineString", "coordinates": [[106.6829323, 10.7738141], [106.6828181, 10.7740452]]}, "properties": {"speed": 16.252777099609375, "congestion": 3.676252603530884}}, {"type": "Feature", "geometry": {"type": "LineString", "coordinates": [[106.6829323, 10.7738141], [106.6830536, 10.7735786]]}, "properties": {"speed": 15.59998893737793, "congestion": 2.815861463546753}}, {"type": "Feature", "geometry": {"type": "LineString", "coordinates": [[106.6830536, 10.7735786], [106.6829323, 10.7738141]]}, "properties": {"speed": 16.252777099609375, "congestion": 3.676252603530884}}, {"type": "Feature", "geometry": {"type": "LineString", "coordinates": [[106.6830536, 10.7735786], [106.6833294, 10.7730015]]}, "properties": {"speed": 15.297221183776855, "congestion": 3.573580741882324}}, {"type": "Feature", "geometry": {"type": "LineString", "coordinates": [[106.6821671, 10.7748125], [106.682417, 10.7745289]]}, "properties": {"speed": 14.200008392333984, "congestion": 4.1585564613342285}}, {"type": "Feature", "geometry": {"type": "LineString", "coordinates": [[106.682417, 10.7745289], [106.6828181, 10.7740452]]}, "properties": {"speed": 15.79999828338623, "congestion": 3.199550151824951}}, {"type": "Feature", "geometry": {"type": "LineString", "coordinates": [[106.682417, 10.7745289], [106.6828302, 10.7748795]]}, "properties": {"speed": 16.338193893432617, "congestion": 3.654332399368286}}, {"type": "Feature", "geometry": {"type": "LineString", "coordinates": [[106.697075, 10.775818], [106.6961505, 10.7748182]]}, "properties": {"speed": 21.668058395385742, "congestion": 4.232461452484131}}, {"type": "Feature", "geometry": {"type": "LineString", "coordinates": [[106.697075, 10.775818], [106.6978099, 10.775165]]}, "properties": {"speed": 25.43889045715332, "congestion": 3.422973155975342}}, {"type": "Feature", "geometry": {"type": "LineString", "coordinates": [[106.6833294, 10.7730015], [106.6830536, 10.7735786]]}, "properties": {"speed": 16.252777099609375, "congestion": 3.676252603530884}}, {"type": "Feature", "geometry": {"type": "LineString", "coordinates": [[106.6833294, 10.7730015], [106.6834403, 10.7727502]]}, "properties": {"speed": 25.427810668945312, "congestion": 3.919292449951172}}, {"type": "Feature", "geometry": {"type": "LineString", "coordinates": [[106.6835654, 10.7724997], [106.6834403, 10.7727502]]}, "properties": {"speed": 16.709720611572266, "congestion": 3.5699081420898438}}, {"type": "Feature", "geometry": {"type": "LineString", "coordinates": [[106.6835654, 10.7724997], [106.6839999, 10.7720381]]}, "properties": {"speed": 25.21565818786621, "congestion": 3.86883544921875}}, {"type": "Feature", "geometry": {"type": "LineString", "coordinates": [[106.6835654, 10.7724997], [106.6829562, 10.7722684]]}, "properties": {"speed": 19.465288162231445, "congestion": 3.1135783195495605}}, {"type": "Feature", "geometry": {"type": "LineString", "coordinates": [[106.6834403, 10.7727502], [106.6833294, 10.7730015]]}, "properties": {"speed": 16.240970611572266, "congestion": 3.6558423042297363}}, {"type": "Feature", "geometry": {"type": "LineString", "coordinates": [[106.6834403, 10.7727502], [106.6835654, 10.7724997]]}, "properties": {"speed": 25.458826065063477, "congestion": 3.9246838092803955}}, {"type": "Feature", "geometry": {"type": "LineString", "coordinates": [[106.6893182, 10.7899798], [106.6890874, 10.7901544]]}, "properties": {"speed": 22.46695327758789, "congestion": 4.06231164932251}}, {"type": "Feature", "geometry": {"type": "LineString", "coordinates": [[106.6893182, 10.7899798], [106.6895367, 10.7898054]]}, "properties": {"speed": 16.59424591064453, "congestion": 5.52459192276001}}, {"type": "Feature", "geometry": {"type": "LineString", "coordinates": [[106.6970183, 10.7777077], [106.6979831, 10.7767991]]}, "properties": {"speed": 20.813575744628906, "congestion": 6.437541484832764}}, {"type": "Feature", "geometry": {"type": "LineString", "coordinates": [[106.6970183, 10.7777077], [106.6979087, 10.7786471]]}, "properties": {"speed": 24.08234405517578, "congestion": 5.939784049987793}}, {"type": "Feature", "geometry": {"type": "LineString", "coordinates": [[106.6947379, 10.7875402], [106.6955568, 10.7883778]]}, "properties": {"speed": 21.241666793823242, "congestion": 3.938666343688965}}, {"type": "Feature", "geometry": {"type": "LineString", "coordinates": [[106.6959275, 10.7787142], [106.6968156, 10.7796409]]}, "properties": {"speed": 22.08674430847168, "congestion": 4.957920551300049}}, {"type": "Feature", "geometry": {"type": "LineString", "coordinates": [[106.6959275, 10.7787142], [106.6964878, 10.7781953]]}, "properties": {"speed": 20.98553466796875, "congestion": 5.31167459487915}}, {"type": "Feature", "geometry": {"type": "LineString", "coordinates": [[106.7024222, 10.7710773], [106.7018947, 10.7723028]]}, "properties": {"speed": 24.664588928222656, "congestion": 3.9001264572143555}}, {"type": "Feature", "geometry": {"type": "LineString", "coordinates": [[106.7025753, 10.7707369], [106.7025205, 10.7708498]]}, "properties": {"speed": 32.627262115478516, "congestion": 4.640749454498291}}, {"type": "Feature", "geometry": {"type": "LineString", "coordinates": [[106.6968156, 10.7796409], [106.6959275, 10.7787142]]}, "properties": {"speed": 22.178682327270508, "congestion": 5.001857280731201}}, {"type": "Feature", "geometry": {"type": "LineString", "coordinates": [[106.6968156, 10.7796409], [106.6958645, 10.7805243]]}, "properties": {"speed": 19.702350616455078, "congestion": 5.470837116241455}}, {"type": "Feature", "geometry": {"type": "LineString", "coordinates": [[106.6968156, 10.7796409], [106.6979302, 10.7808244]]}, "properties": {"speed": 22.18081283569336, "congestion": 4.8931474685668945}}, {"type": "Feature", "geometry": {"type": "LineString", "coordinates": [[106.7033721, 10.7710294], [106.7034182, 10.7709258]]}, "properties": {"speed": 27.011125564575195, "congestion": 4.633330345153809}}, {"type": "Feature", "geometry": {"type": "LineString", "coordinates": [[106.703228, 10.792386], [106.7027569, 10.7918269]]}, "properties": {"speed": 30.527780532836914, "congestion": 3.6437366008758545}}, {"type": "Feature", "geometry": {"type": "LineString", "coordinates": [[106.703228, 10.792386], [106.703645, 10.792299]]}, "properties": {"speed": 32.719451904296875, "congestion": 4.266563892364502}}, {"type": "Feature", "geometry": {"type": "LineString", "coordinates": [[106.700944, 10.7928166], [106.7000366, 10.7918663]]}, "properties": {"speed": 40.0225715637207, "congestion": 3.0640814304351807}}, {"type": "Feature", "geometry": {"type": "LineString", "coordinates": [[106.6962441, 10.7823656], [106.6969717, 10.7817005]]}, "properties": {"speed": 22.477750778198242, "congestion": 4.594889163970947}}, {"type": "Feature", "geometry": {"type": "LineString", "coordinates": [[106.6962441, 10.7823656], [106.696225, 10.7829277]]}, "properties": {"speed": 25.40052032470703, "congestion": 4.007373332977295}}, {"type": "Feature", "geometry": {"type": "LineString", "coordinates": [[106.6929296, 10.7793943], [106.6917672, 10.7781848]]}, "properties": {"speed": 24.318403244018555, "congestion": 4.659918785095215}}, {"type": "Feature", "geometry": {"type": "LineString", "coordinates": [[106.6929296, 10.7793943], [106.6939566, 10.7784491]]}, "properties": {"speed": 19.915267944335938, "congestion": 3.0400991439819336}}, {"type": "Feature", "geometry": {"type": "LineString", "coordinates": [[106.6929296, 10.7793943], [106.6918829, 10.7803576]]}, "properties": {"speed": 16.062503814697266, "congestion": 5.652487754821777}}, {"type": "Feature", "geometry": {"type": "LineString", "coordinates": [[106.6991234, 10.7879778], [106.6976719, 10.7864515]]}, "properties": {"speed": 22.00025749206543, "congestion": 5.0831146240234375}}, {"type": "Feature", "geometry": {"type": "LineString", "coordinates": [[106.6991234, 10.7879778], [106.6987334, 10.7883225]]}, "properties": {"speed": 22.463191986083984, "congestion": 5.1101579666137695}}, {"type": "Feature", "geometry": {"type": "LineString", "coordinates": [[106.6976719, 10.7864515], [106.6986683, 10.7855174]]}, "properties": {"speed": 19.662328720092773, "congestion": 5.366732120513916}}, {"type": "Feature", "geometry": {"type": "LineString", "coordinates": [[106.6976719, 10.7864515], [106.6968504, 10.7855867]]}, "properties": {"speed": 18.586341857910156, "congestion": 5.27508020401001}}, {"type": "Feature", "geometry": {"type": "LineString", "coordinates": [[106.6980433, 10.7889195], [106.6985385, 10.7894352]]}, "properties": {"speed": 22.37291717529297, "congestion": 6.079237461090088}}, {"type": "Feature", "geometry": {"type": "LineString", "coordinates": [[106.6970284, 10.7898831], [106.6975233, 10.7894041]]}, "properties": {"speed": 18.196006774902344, "congestion": 5.500848770141602}}, {"type": "Feature", "geometry": {"type": "LineString", "coordinates": [[106.6970284, 10.7898831], [106.6965272, 10.7903362]]}, "properties": {"speed": 19.882808685302734, "congestion": 6.697805404663086}}, {"type": "Feature", "geometry": {"type": "LineString", "coordinates": [[106.6970284, 10.7898831], [106.6975106, 10.7903735]]}, "properties": {"speed": 19.49678611755371, "congestion": 6.381006717681885}}, {"type": "Feature", "geometry": {"type": "LineString", "coordinates": [[106.6975233, 10.7894041], [106.6972026, 10.7890472]]}, "properties": {"speed": 15.00555419921875, "congestion": 3.9612159729003906}}, {"type": "Feature", "geometry": {"type": "LineString", "coordinates": [[106.69163, 10.7709517], [106.6915395, 10.77135]]}, "properties": {"speed": 26.15416717529297, "congestion": 4.513830184936523}}, {"type": "Feature", "geometry": {"type": "LineString", "coordinates": [[106.69163, 10.7709517], [106.6920153, 10.7704446]]}, "properties": {"speed": 25.539756774902344, "congestion": 5.302673816680908}}, {"type": "Feature", "geometry": {"type": "LineString", "coordinates": [[106.69163, 10.7709517], [106.6910192, 10.7705287]]}, "properties": {"speed": 27.57002830505371, "congestion": 4.939790725708008}}, {"type": "Feature", "geometry": {"type": "LineString", "coordinates": [[106.6758057, 10.769598], [106.6767122, 10.7688714]]}, "properties": {"speed": 29.28913688659668, "congestion": 3.6384458541870117}}, {"type": "Feature", "geometry": {"type": "LineString", "coordinates": [[106.6758057, 10.769598], [106.6765257, 10.7703983]]}, "properties": {"speed": 29.438222885131836, "congestion": 3.6521589756011963}}, {"type": "Feature", "geometry": {"type": "LineString", "coordinates": [[106.6825422, 10.7882842], [106.6813102, 10.7912286]]}, "properties": {"speed": 33.21501541137695, "congestion": 3.311284065246582}}, {"type": "Feature", "geometry": {"type": "LineString", "coordinates": [[106.6825422, 10.7882842], [106.6830814, 10.7881629]]}, "properties": {"speed": 32.60712432861328, "congestion": 3.2830426692962646}}, {"type": "Feature", "geometry": {"type": "LineString", "coordinates": [[106.6825422, 10.7882842], [106.6818297, 10.7877545]]}, "properties": {"speed": 32.56098937988281, "congestion": 3.270838975906372}}, {"type": "Feature", "geometry": {"type": "LineString", "coordinates": [[106.6813102, 10.7912286], [106.6825422, 10.7882842]]}, "properties": {"speed": 31.76502799987793, "congestion": 3.3119826316833496}}, {"type": "Feature", "geometry": {"type": "LineString", "coordinates": [[106.6813102, 10.7912286], [106.6819052, 10.7918733]]}, "properties": {"speed": 31.56689453125, "congestion": 3.3199009895324707}}, {"type": "Feature", "geometry": {"type": "LineString", "coordinates": [[106.681949, 10.7867176], [106.683245, 10.7877414]]}, "properties": {"speed": 30.77414321899414, "congestion": 3.49106764793396}}, {"type": "Feature", "geometry": {"type": "LineString", "coordinates": [[106.681949, 10.7867176], [106.6818965, 10.7868162]]}, "properties": {"speed": 31.53495216369629, "congestion": 3.9427032470703125}}, {"type": "Feature", "geometry": {"type": "LineString", "coordinates": [[106.681949, 10.7867176], [106.6815889, 10.7865848]]}, "properties": {"speed": 28.96904182434082, "congestion": 3.6020267009735107}}, {"type": "Feature", "geometry": {"type": "LineString", "coordinates": [[106.683245, 10.7877414], [106.681949, 10.7867176]]}, "properties": {"speed": 31.591529846191406, "congestion": 3.3703413009643555}}, {"type": "Feature", "geometry": {"type": "LineString", "coordinates": [[106.683245, 10.7877414], [106.6830814, 10.7881629]]}, "properties": {"speed": 31.652822494506836, "congestion": 3.3665411472320557}}, {"type": "Feature", "geometry": {"type": "LineString", "coordinates": [[106.683245, 10.7877414], [106.6823458, 10.7871085]]}, "properties": {"speed": 31.46571922302246, "congestion": 3.374620199203491}}, {"type": "Feature", "geometry": {"type": "LineString", "coordinates": [[106.6830814, 10.7881629], [106.6825422, 10.7882842]]}, "properties": {"speed": 32.848880767822266, "congestion": 3.4136672019958496}}, {"type": "Feature", "geometry": {"type": "LineString", "coordinates": [[106.6830814, 10.7881629], [106.683245, 10.7877414]]}, "properties": {"speed": 33.149017333984375, "congestion": 3.4210221767425537}}, {"type": "Feature", "geometry": {"type": "LineString", "coordinates": [[106.6830814, 10.7881629], [106.6820945, 10.7874484]]}, "properties": {"speed": 32.98039627075195, "congestion": 3.468188762664795}}, {"type": "Feature", "geometry": {"type": "LineString", "coordinates": [[106.6944794, 10.7736186], [106.6935515, 10.7729591]]}, "properties": {"speed": 27.98113250732422, "congestion": 3.704460620880127}}, {"type": "Feature", "geometry": {"type": "LineString", "coordinates": [[106.6944794, 10.7736186], [106.6916588, 10.7759826]]}, "properties": {"speed": 29.99421501159668, "congestion": 3.6043217182159424}}, {"type": "Feature", "geometry": {"type": "LineString", "coordinates": [[106.7057341, 10.7772268], [106.7050971, 10.7765349]]}, "properties": {"speed": 23.661109924316406, "congestion": 5.288094520568848}}, {"type": "Feature", "geometry": {"type": "LineString", "coordinates": [[106.7057341, 10.7772268], [106.7062744, 10.7759006]]}, "properties": {"speed": 22.337499618530273, "congestion": 4.229772567749023}}, {"type": "Feature", "geometry": {"type": "LineString", "coordinates": [[106.6973503, 10.7926151], [106.6982258, 10.7957507]]}, "properties": {"speed": 17.9263858795166, "congestion": 4.878615379333496}}, {"type": "Feature", "geometry": {"type": "LineString", "coordinates": [[106.6973503, 10.7926151], [106.6967184, 10.7926663]]}, "properties": {"speed": 19.43120574951172, "congestion": 4.555425643920898}}, {"type": "Feature", "geometry": {"type": "LineString", "coordinates": [[106.6973503, 10.7926151], [106.6980774, 10.79215]]}, "properties": {"speed": 19.671831130981445, "congestion": 4.558981895446777}}, {"type": "Feature", "geometry": {"type": "LineString", "coordinates": [[106.6973503, 10.7926151], [106.697075, 10.7911505]]}, "properties": {"speed": 17.9263858795166, "congestion": 4.878615379333496}}, {"type": "Feature", "geometry": {"type": "LineString", "coordinates": [[106.6785164, 10.7830427], [106.67848, 10.7838706]]}, "properties": {"speed": 18.68035125732422, "congestion": 3.608996868133545}}, {"type": "Feature", "geometry": {"type": "LineString", "coordinates": [[106.6785164, 10.7830427], [106.6753002, 10.7834112]]}, "properties": {"speed": 18.64041519165039, "congestion": 3.5971179008483887}}, {"type": "Feature", "geometry": {"type": "LineString", "coordinates": [[106.6926934, 10.7695606], [106.6920153, 10.7704446]]}, "properties": {"speed": 30.59809684753418, "congestion": 3.6914846897125244}}, {"type": "Feature", "geometry": {"type": "LineString", "coordinates": [[106.6926934, 10.7695606], [106.6922527, 10.7693829]]}, "properties": {"speed": 30.735633850097656, "congestion": 3.665034055709839}}, {"type": "Feature", "geometry": {"type": "LineString", "coordinates": [[106.67848, 10.7838706], [106.6785164, 10.7830427]]}, "properties": {"speed": 17.79912567138672, "congestion": 5.651094913482666}}, {"type": "Feature", "geometry": {"type": "LineString", "coordinates": [[106.67848, 10.7838706], [106.678463, 10.7845019]]}, "properties": {"speed": 17.334102630615234, "congestion": 6.016841888427734}}, {"type": "Feature", "geometry": {"type": "LineString", "coordinates": [[106.67848, 10.7838706], [106.6803314, 10.7840667]]}, "properties": {"speed": 18.453269958496094, "congestion": 5.37249231338501}}, {"type": "Feature", "geometry": {"type": "LineString", "coordinates": [[106.7088516, 10.7857313], [106.7102735, 10.7889164]]}, "properties": {"speed": 40.29296875, "congestion": 3.5591092109680176}}, {"type": "Feature", "geometry": {"type": "LineString", "coordinates": [[106.7088516, 10.7857313], [106.7103378, 10.7888553]]}, "properties": {"speed": 43.83124923706055, "congestion": 3.0314722061157227}}, {"type": "Feature", "geometry": {"type": "LineString", "coordinates": [[106.6869866, 10.7759463], [106.686457, 10.7765016]]}, "properties": {"speed": 12.666667938232422, "congestion": 4.558150291442871}}, {"type": "Feature", "geometry": {"type": "LineString", "coordinates": [[106.6869866, 10.7759463], [106.6880944, 10.7771139]]}, "properties": {"speed": 17.699996948242188, "congestion": 3.726670265197754}}, {"type": "Feature", "geometry": {"type": "LineString", "coordinates": [[106.6869866, 10.7759463], [106.6863923, 10.7752884]]}, "properties": {"speed": 12.501911163330078, "congestion": 6.376847267150879}}, {"type": "Feature", "geometry": {"type": "LineString", "coordinates": [[106.6753118, 10.7863616], [106.6752766, 10.7863913]]}, "properties": {"speed": 33.41996383666992, "congestion": 3.433624267578125}}, {"type": "Feature", "geometry": {"type": "LineString", "coordinates": [[106.6999243, 10.7694201], [106.7009907, 10.7704049]]}, "properties": {"speed": 16.31852149963379, "congestion": 6.107851505279541}}, {"type": "Feature", "geometry": {"type": "LineString", "coordinates": [[106.6999243, 10.7694201], [106.6993107, 10.7704406]]}, "properties": {"speed": 17.142709732055664, "congestion": 5.846179008483887}}, {"type": "Feature", "geometry": {"type": "LineString", "coordinates": [[106.6999243, 10.7694201], [106.6988516, 10.7684134]]}, "properties": {"speed": 18.080034255981445, "congestion": 5.537327289581299}}, {"type": "Feature", "geometry": {"type": "LineString", "coordinates": [[106.6999243, 10.7694201], [106.7003997, 10.7686444]]}, "properties": {"speed": 16.624771118164062, "congestion": 6.059236526489258}}, {"type": "Feature", "geometry": {"type": "LineString", "coordinates": [[106.6816801, 10.7816577], [106.6820879, 10.7824313]]}, "properties": {"speed": 20.64101219177246, "congestion": 4.437839031219482}}, {"type": "Feature", "geometry": {"type": "LineString", "coordinates": [[106.6816801, 10.7816577], [106.6822278, 10.7813333]]}, "properties": {"speed": 21.050867080688477, "congestion": 4.31943941116333}}, {"type": "Feature", "geometry": {"type": "LineString", "coordinates": [[106.6816801, 10.7816577], [106.6808694, 10.7801372]]}, "properties": {"speed": 19.540912628173828, "congestion": 4.414700031280518}}, {"type": "Feature", "geometry": {"type": "LineString", "coordinates": [[106.6999227, 10.7768018], [106.6988723, 10.777776]]}, "properties": {"speed": 20.02924919128418, "congestion": 4.465620994567871}}, {"type": "Feature", "geometry": {"type": "LineString", "coordinates": [[106.6999227, 10.7768018], [106.7010349, 10.7779522]]}, "properties": {"speed": 20.291324615478516, "congestion": 4.047528266906738}}, {"type": "Feature", "geometry": {"type": "LineString", "coordinates": [[106.6819378, 10.7776602], [106.6827702, 10.7772057]]}, "properties": {"speed": 20.543058395385742, "congestion": 5.2716546058654785}}, {"type": "Feature", "geometry": {"type": "LineString", "coordinates": [[106.6819378, 10.7776602], [106.6819605, 10.7779137]]}, "properties": {"speed": 23.528648376464844, "congestion": 5.7523722648620605}}, {"type": "Feature", "geometry": {"type": "LineString", "coordinates": [[106.7004291, 10.7756638], [106.6999227, 10.7768018]]}, "properties": {"speed": 17.455785751342773, "congestion": 6.689252853393555}}, {"type": "Feature", "geometry": {"type": "LineString", "coordinates": [[106.7004291, 10.7756638], [106.6995694, 10.7746638]]}, "properties": {"speed": 18.38929557800293, "congestion": 6.697954177856445}}, {"type": "Feature", "geometry": {"type": "LineString", "coordinates": [[106.6802611, 10.7847545], [106.6795093, 10.7846817]]}, "properties": {"speed": 26.21380615234375, "congestion": 3.4135212898254395}}, {"type": "Feature", "geometry": {"type": "LineString", "coordinates": [[106.6802611, 10.7847545], [106.6807552, 10.7855901]]}, "properties": {"speed": 25.95964241027832, "congestion": 3.4485485553741455}}, {"type": "Feature", "geometry": {"type": "LineString", "coordinates": [[106.6806704, 10.784266], [106.6802611, 10.7847545]]}, "properties": {"speed": 23.737485885620117, "congestion": 3.322354555130005}}, {"type": "Feature", "geometry": {"type": "LineString", "coordinates": [[106.6806704, 10.784266], [106.6811597, 10.7851058]]}, "properties": {"speed": 24.554874420166016, "congestion": 3.4020464420318604}}, {"type": "Feature", "geometry": {"type": "LineString", "coordinates": [[106.6979911, 10.7899274], [106.6975106, 10.7903735]]}, "properties": {"speed": 18.13495445251465, "congestion": 5.915668964385986}}, {"type": "Feature", "geometry": {"type": "LineString", "coordinates": [[106.6763204, 10.7855278], [106.6764931, 10.7876701]]}, "properties": {"speed": 35.083335876464844, "congestion": 3.329671859741211}}, {"type": "Feature", "geometry": {"type": "LineString", "coordinates": [[106.6763204, 10.7855278], [106.6757062, 10.7860318]]}, "properties": {"speed": 33.607635498046875, "congestion": 3.3061182498931885}}, {"type": "Feature", "geometry": {"type": "LineString", "coordinates": [[106.6988723, 10.777776], [106.6979831, 10.7767991]]}, "properties": {"speed": 18.296789169311523, "congestion": 4.76322603225708}}, {"type": "Feature", "geometry": {"type": "LineString", "coordinates": [[106.6988723, 10.777776], [106.6979087, 10.7786471]]}, "properties": {"speed": 21.591838836669922, "congestion": 4.460516929626465}}, {"type": "Feature", "geometry": {"type": "LineString", "coordinates": [[106.676573, 10.7853449], [106.6763204, 10.7855278]]}, "properties": {"speed": 34.28941345214844, "congestion": 3.386090040206909}}, {"type": "Feature", "geometry": {"type": "LineString", "coordinates": [[106.6770231, 10.7850779], [106.676573, 10.7853449]]}, "properties": {"speed": 33.08918380737305, "congestion": 3.273116111755371}}, {"type": "Feature", "geometry": {"type": "LineString", "coordinates": [[106.6770231, 10.7850779], [106.6771302, 10.7859737]]}, "properties": {"speed": 31.212148666381836, "congestion": 3.662869453430176}}, {"type": "Feature", "geometry": {"type": "LineString", "coordinates": [[106.6989634, 10.7719661], [106.7000059, 10.7731909]]}, "properties": {"speed": 22.987760543823242, "congestion": 5.18795108795166}}, {"type": "Feature", "geometry": {"type": "LineString", "coordinates": [[106.6954145, 10.7892199], [106.6961459, 10.7899509]]}, "properties": {"speed": 27.36675262451172, "congestion": 3.783329963684082}}, {"type": "Feature", "geometry": {"type": "LineString", "coordinates": [[106.6954145, 10.7892199], [106.6959541, 10.7887842]]}, "properties": {"speed": 26.08941078186035, "congestion": 3.706423759460449}}, {"type": "Feature", "geometry": {"type": "LineString", "coordinates": [[106.681487, 10.77762], [106.6817654, 10.7775382]]}, "properties": {"speed": 21.51400375366211, "congestion": 4.835035800933838}}, {"type": "Feature", "geometry": {"type": "LineString", "coordinates": [[106.7010766, 10.7741609], [106.7010257, 10.7742764]]}, "properties": {"speed": 22.047222137451172, "congestion": 4.711729049682617}}, {"type": "Feature", "geometry": {"type": "LineString", "coordinates": [[106.6814148, 10.7778512], [106.681487, 10.77762]]}, "properties": {"speed": 22.34479331970215, "congestion": 4.408845901489258}}, {"type": "Feature", "geometry": {"type": "LineString", "coordinates": [[106.6814148, 10.7778512], [106.6800136, 10.7756132]]}, "properties": {"speed": 25.816631317138672, "congestion": 4.600630283355713}}, {"type": "Feature", "geometry": {"type": "LineString", "coordinates": [[106.6911313, 10.7870592], [106.6899935, 10.7859074]]}, "properties": {"speed": 22.845375061035156, "congestion": 4.337833404541016}}, {"type": "Feature", "geometry": {"type": "LineString", "coordinates": [[106.6911313, 10.7870592], [106.6927888, 10.7855325]]}, "properties": {"speed": 22.459619522094727, "congestion": 4.595418930053711}}, {"type": "Feature", "geometry": {"type": "LineString", "coordinates": [[106.6958543, 10.7673525], [106.6968883, 10.7682965]]}, "properties": {"speed": 19.852787017822266, "congestion": 4.30548095703125}}, {"type": "Feature", "geometry": {"type": "LineString", "coordinates": [[106.6958543, 10.7673525], [106.6955206, 10.7680066]]}, "properties": {"speed": 19.95916748046875, "congestion": 4.7728424072265625}}, {"type": "Feature", "geometry": {"type": "LineString", "coordinates": [[106.6816069, 10.7857931], [106.6815607, 10.7857421]]}, "properties": {"speed": 22.50383186340332, "congestion": 4.338181495666504}}, {"type": "Feature", "geometry": {"type": "LineString", "coordinates": [[106.6816069, 10.7857931], [106.6820415, 10.7912746]]}, "properties": {"speed": 21.099891662597656, "congestion": 4.40225887298584}}, {"type": "Feature", "geometry": {"type": "LineString", "coordinates": [[106.6816069, 10.7857931], [106.6810064, 10.7861337]]}, "properties": {"speed": 21.884124755859375, "congestion": 4.444359302520752}}, {"type": "Feature", "geometry": {"type": "LineString", "coordinates": [[106.681334, 10.7854242], [106.6814836, 10.7856542]]}, "properties": {"speed": 19.64898681640625, "congestion": 6.669981956481934}}, {"type": "Feature", "geometry": {"type": "LineString", "coordinates": [[106.7039506, 10.7752637], [106.7043426, 10.7749051]]}, "properties": {"speed": 17.311464309692383, "congestion": 5.756850719451904}}, {"type": "Feature", "geometry": {"type": "LineString", "coordinates": [[106.7043426, 10.7749051], [106.7048401, 10.775427]]}, "properties": {"speed": 19.927316665649414, "congestion": 6.110017776489258}}, {"type": "Feature", "geometry": {"type": "LineString", "coordinates": [[106.7043426, 10.7749051], [106.7037193, 10.774251]]}, "properties": {"speed": 17.15091896057129, "congestion": 7.167304992675781}}, {"type": "Feature", "geometry": {"type": "LineString", "coordinates": [[106.7043426, 10.7749051], [106.7050468, 10.7742525]]}, "properties": {"speed": 20.99704933166504, "congestion": 4.764089584350586}}, {"type": "Feature", "geometry": {"type": "LineString", "coordinates": [[106.6892335, 10.7952436], [106.6887809, 10.7950467]]}, "properties": {"speed": 31.85277557373047, "congestion": 3.5867538452148438}}, {"type": "Feature", "geometry": {"type": "LineString", "coordinates": [[106.6892335, 10.7952436], [106.6896422, 10.795323]]}, "properties": {"speed": 30.30833625793457, "congestion": 3.5896542072296143}}, {"type": "Feature", "geometry": {"type": "LineString", "coordinates": [[106.6908062, 10.7954343], [106.6909982, 10.7943813]]}, "properties": {"speed": 29.52626609802246, "congestion": 3.270240545272827}}, {"type": "Feature", "geometry": {"type": "LineString", "coordinates": [[106.6908062, 10.7954343], [106.6918224, 10.795006]]}, "properties": {"speed": 28.636240005493164, "congestion": 3.3105883598327637}}, {"type": "Feature", "geometry": {"type": "LineString", "coordinates": [[106.6899783, 10.7953863], [106.6901834, 10.7942402]]}, "properties": {"speed": 27.455322265625, "congestion": 3.911529064178467}}, {"type": "Feature", "geometry": {"type": "LineString", "coordinates": [[106.6899783, 10.7953863], [106.6908062, 10.7954343]]}, "properties": {"speed": 29.04549217224121, "congestion": 3.5249509811401367}}, {"type": "Feature", "geometry": {"type": "LineString", "coordinates": [[106.6899783, 10.7953863], [106.6896422, 10.795323]]}, "properties": {"speed": 28.06739044189453, "congestion": 3.826205015182495}}, {"type": "Feature", "geometry": {"type": "LineString", "coordinates": [[106.6825298, 10.7913978], [106.683321, 10.7917445]]}, "properties": {"speed": 33.45554733276367, "congestion": 3.3363139629364014}}, {"type": "Feature", "geometry": {"type": "LineString", "coordinates": [[106.6825298, 10.7913978], [106.682444, 10.7915567]]}, "properties": {"speed": 34.83428955078125, "congestion": 3.3211889266967773}}, {"type": "Feature", "geometry": {"type": "LineString", "coordinates": [[106.6866379, 10.7934094], [106.6867744, 10.792915]]}, "properties": {"speed": 34.184730529785156, "congestion": 3.1478328704833984}}, {"type": "Feature", "geometry": {"type": "LineString", "coordinates": [[106.6866379, 10.7934094], [106.6870752, 10.7935503]]}, "properties": {"speed": 35.180091857910156, "congestion": 3.274301767349243}}, {"type": "Feature", "geometry": {"type": "LineString", "coordinates": [[106.6866379, 10.7934094], [106.6852218, 10.7956566]]}, "properties": {"speed": 34.47685241699219, "congestion": 3.1661014556884766}}, {"type": "Feature", "geometry": {"type": "LineString", "coordinates": [[106.6867744, 10.792915], [106.6866379, 10.7934094]]}, "properties": {"speed": 35.61927795410156, "congestion": 3.1596128940582275}}, {"type": "Feature", "geometry": {"type": "LineString", "coordinates": [[106.6867744, 10.792915], [106.6873607, 10.7931702]]}, "properties": {"speed": 31.000762939453125, "congestion": 3.4581611156463623}}, {"type": "Feature", "geometry": {"type": "LineString", "coordinates": [[106.6865338, 10.7924447], [106.6867744, 10.792915]]}, "properties": {"speed": 32.49906921386719, "congestion": 3.3216729164123535}}, {"type": "Feature", "geometry": {"type": "LineString", "coordinates": [[106.6865338, 10.7924447], [106.682444, 10.7915567]]}, "properties": {"speed": 32.5406494140625, "congestion": 3.2971537113189697}}, {"type": "Feature", "geometry": {"type": "LineString", "coordinates": [[106.6868913, 10.793763], [106.6869566, 10.7936875]]}, "properties": {"speed": 34.34339904785156, "congestion": 3.266772508621216}}, {"type": "Feature", "geometry": {"type": "LineString", "coordinates": [[106.6882349, 10.7947733], [106.6883853, 10.7939515]]}, "properties": {"speed": 34.78862762451172, "congestion": 3.1860132217407227}}, {"type": "Feature", "geometry": {"type": "LineString", "coordinates": [[106.6882349, 10.7947733], [106.6884608, 10.7948858]]}, "properties": {"speed": 34.07835388183594, "congestion": 3.332980155944824}}, {"type": "Feature", "geometry": {"type": "LineString", "coordinates": [[106.6882349, 10.7947733], [106.6864822, 10.795301]]}, "properties": {"speed": 35.51892852783203, "congestion": 3.209970712661743}}, {"type": "Feature", "geometry": {"type": "LineString", "coordinates": [[106.6985922, 10.7931719], [106.6992405, 10.7925521]]}, "properties": {"speed": 30.66754150390625, "congestion": 3.55556583404541}}, {"type": "Feature", "geometry": {"type": "LineString", "coordinates": [[106.6985922, 10.7931719], [106.6933415, 10.7945693]]}, "properties": {"speed": 31.61309051513672, "congestion": 3.5833375453948975}}, {"type": "Feature", "geometry": {"type": "LineString", "coordinates": [[106.6985922, 10.7931719], [106.6994681, 10.7930906]]}, "properties": {"speed": 31.015756607055664, "congestion": 3.5292654037475586}}, {"type": "Feature", "geometry": {"type": "LineString", "coordinates": [[106.678728, 10.780098], [106.6792239, 10.7805493]]}, "properties": {"speed": 22.603727340698242, "congestion": 4.21574592590332}}, {"type": "Feature", "geometry": {"type": "LineString", "coordinates": [[106.6810042, 10.7656968], [106.6817198, 10.7665554]]}, "properties": {"speed": 25.252832412719727, "congestion": 3.9237475395202637}}, {"type": "Feature", "geometry": {"type": "LineString", "coordinates": [[106.6810042, 10.7656968], [106.679338, 10.7662045]]}, "properties": {"speed": 27.395896911621094, "congestion": 4.162586212158203}}, {"type": "Feature", "geometry": {"type": "LineString", "coordinates": [[106.6810042, 10.7656968], [106.6809838, 10.7656241]]}, "properties": {"speed": 26.343908309936523, "congestion": 3.773728609085083}}, {"type": "Feature", "geometry": {"type": "LineString", "coordinates": [[106.6817198, 10.7665554], [106.6810042, 10.7656968]]}, "properties": {"speed": 20.4520320892334, "congestion": 4.060977935791016}}, {"type": "Feature", "geometry": {"type": "LineString", "coordinates": [[106.6817198, 10.7665554], [106.682178, 10.7671229]]}, "properties": {"speed": 20.4520320892334, "congestion": 4.060977935791016}}, {"type": "Feature", "geometry": {"type": "LineString", "coordinates": [[106.6817198, 10.7665554], [106.682257, 10.7661031]]}, "properties": {"speed": 23.18044090270996, "congestion": 3.9113283157348633}}, {"type": "Feature", "geometry": {"type": "LineString", "coordinates": [[106.6817198, 10.7665554], [106.6804373, 10.7675738]]}, "properties": {"speed": 21.59670066833496, "congestion": 4.178308963775635}}, {"type": "Feature", "geometry": {"type": "LineString", "coordinates": [[106.6751193, 10.7871161], [106.6758908, 10.7874137]]}, "properties": {"speed": 33.34756088256836, "congestion": 3.2991878986358643}}, {"type": "Feature", "geometry": {"type": "LineString", "coordinates": [[106.6787805, 10.7689258], [106.6782709, 10.7693455]]}, "properties": {"speed": 28.792938232421875, "congestion": 4.131371021270752}}, {"type": "Feature", "geometry": {"type": "LineString", "coordinates": [[106.688687, 10.7643747], [106.6874957, 10.7647224]]}, "properties": {"speed": 32.50035095214844, "congestion": 4.734313488006592}}, {"type": "Feature", "geometry": {"type": "LineString", "coordinates": [[106.6793217, 10.7684797], [106.6787805, 10.7689258]]}, "properties": {"speed": 28.701473236083984, "congestion": 4.242156982421875}}, {"type": "Feature", "geometry": {"type": "LineString", "coordinates": [[106.6793217, 10.7684797], [106.6798211, 10.7680673]]}, "properties": {"speed": 12.883326530456543, "congestion": 3.8972156047821045}}, {"type": "Feature", "geometry": {"type": "LineString", "coordinates": [[106.6782468, 10.7881348], [106.6800824, 10.7887717]]}, "properties": {"speed": 16.898786544799805, "congestion": 6.463083744049072}}, {"type": "Feature", "geometry": {"type": "LineString", "coordinates": [[106.6782468, 10.7881348], [106.6782254, 10.7884931]]}, "properties": {"speed": 18.311338424682617, "congestion": 5.847635269165039}}, {"type": "Feature", "geometry": {"type": "LineString", "coordinates": [[106.6782468, 10.7881348], [106.6782882, 10.7876317]]}, "properties": {"speed": 16.421125411987305, "congestion": 6.340283393859863}}, {"type": "Feature", "geometry": {"type": "LineString", "coordinates": [[106.6809334, 10.769341], [106.6818152, 10.7703203]]}, "properties": {"speed": 22.648265838623047, "congestion": 4.200624942779541}}, {"type": "Feature", "geometry": {"type": "LineString", "coordinates": [[106.6809334, 10.769341], [106.6780475, 10.7719212]]}, "properties": {"speed": 22.648265838623047, "congestion": 4.20056676864624}}, {"type": "Feature", "geometry": {"type": "LineString", "coordinates": [[106.6809334, 10.769341], [106.6812264, 10.7691091]]}, "properties": {"speed": 31.17661476135254, "congestion": 4.64304780960083}}, {"type": "Feature", "geometry": {"type": "LineString", "coordinates": [[106.682631, 10.7752044], [106.6823846, 10.7756155]]}, "properties": {"speed": 17.163192749023438, "congestion": 4.511731147766113}}, {"type": "Feature", "geometry": {"type": "LineString", "coordinates": [[106.6828302, 10.7748795], [106.682631, 10.7752044]]}, "properties": {"speed": 17.163192749023438, "congestion": 4.511731147766113}}, {"type": "Feature", "geometry": {"type": "LineString", "coordinates": [[106.6828302, 10.7748795], [106.6832071, 10.7741661]]}, "properties": {"speed": 24.588897705078125, "congestion": 3.9262819290161133}}, {"type": "Feature", "geometry": {"type": "LineString", "coordinates": [[106.6853651, 10.7604348], [106.6864983, 10.7624784]]}, "properties": {"speed": 26.58504295349121, "congestion": 3.972806215286255}}, {"type": "Feature", "geometry": {"type": "LineString", "coordinates": [[106.6853651, 10.7604348], [106.687015, 10.7607801]]}, "properties": {"speed": 26.708593368530273, "congestion": 3.950090169906616}}, {"type": "Feature", "geometry": {"type": "LineString", "coordinates": [[106.6887654, 10.7882102], [106.6883239, 10.7874184]]}, "properties": {"speed": 23.97576141357422, "congestion": 4.329525470733643}}, {"type": "Feature", "geometry": {"type": "LineString", "coordinates": [[106.6887654, 10.7882102], [106.6872327, 10.7894085]]}, "properties": {"speed": 20.377954483032227, "congestion": 4.625677585601807}}, {"type": "Feature", "geometry": {"type": "LineString", "coordinates": [[106.6887654, 10.7882102], [106.6895367, 10.7898054]]}, "properties": {"speed": 20.554136276245117, "congestion": 4.552534103393555}}, {"type": "Feature", "geometry": {"type": "LineString", "coordinates": [[106.6794945, 10.7664338], [106.679338, 10.7662045]]}, "properties": {"speed": 28.84444808959961, "congestion": 4.0709733963012695}}, {"type": "Feature", "geometry": {"type": "LineString", "coordinates": [[106.679338, 10.7662045], [106.6794945, 10.7664338]]}, "properties": {"speed": 30.283023834228516, "congestion": 4.237154483795166}}, {"type": "Feature", "geometry": {"type": "LineString", "coordinates": [[106.679338, 10.7662045], [106.6787847, 10.7663838]]}, "properties": {"speed": 27.180313110351562, "congestion": 4.401710033416748}}, {"type": "Feature", "geometry": {"type": "LineString", "coordinates": [[106.6781758, 10.7892822], [106.67988, 10.7898373]]}, "properties": {"speed": 24.445945739746094, "congestion": 4.0454277992248535}}, {"type": "Feature", "geometry": {"type": "LineString", "coordinates": [[106.6781758, 10.7892822], [106.6781952, 10.7889085]]}, "properties": {"speed": 24.424755096435547, "congestion": 4.083578109741211}}, {"type": "Feature", "geometry": {"type": "LineString", "coordinates": [[106.6781758, 10.7892822], [106.6781355, 10.7899765]]}, "properties": {"speed": 24.64605140686035, "congestion": 4.006372451782227}}, {"type": "Feature", "geometry": {"type": "LineString", "coordinates": [[106.6832071, 10.7741661], [106.6828302, 10.7748795]]}, "properties": {"speed": 17.513193130493164, "congestion": 4.50786828994751}}, {"type": "Feature", "geometry": {"type": "LineString", "coordinates": [[106.6832071, 10.7741661], [106.6834124, 10.7742337]]}, "properties": {"speed": 24.18195343017578, "congestion": 3.9215898513793945}}, {"type": "Feature", "geometry": {"type": "LineString", "coordinates": [[106.6774395, 10.7880834], [106.6775347, 10.788032]]}, "properties": {"speed": 24.804859161376953, "congestion": 4.455368518829346}}, {"type": "Feature", "geometry": {"type": "LineString", "coordinates": [[106.6774395, 10.7880834], [106.6772686, 10.7881696]]}, "properties": {"speed": 21.895658493041992, "congestion": 3.986945629119873}}, {"type": "Feature", "geometry": {"type": "LineString", "coordinates": [[106.6782709, 10.7693455], [106.6787805, 10.7689258]]}, "properties": {"speed": 17.879159927368164, "congestion": 4.216579914093018}}, {"type": "Feature", "geometry": {"type": "LineString", "coordinates": [[106.6782709, 10.7693455], [106.677995, 10.7690221]]}, "properties": {"speed": 25.96453094482422, "congestion": 5.382996559143066}}, {"type": "Feature", "geometry": {"type": "LineString", "coordinates": [[106.6782709, 10.7693455], [106.6767106, 10.7705892]]}, "properties": {"speed": 28.67841911315918, "congestion": 4.250827312469482}}, {"type": "Feature", "geometry": {"type": "LineString", "coordinates": [[106.679516, 10.7676989], [106.6798211, 10.7680673]]}, "properties": {"speed": 26.247577667236328, "congestion": 4.133493900299072}}, {"type": "Feature", "geometry": {"type": "LineString", "coordinates": [[106.679516, 10.7676989], [106.6791073, 10.7680203]]}, "properties": {"speed": 26.247577667236328, "congestion": 4.133493900299072}}, {"type": "Feature", "geometry": {"type": "LineString", "coordinates": [[106.679516, 10.7676989], [106.6789731, 10.7667395]]}, "properties": {"speed": 26.050865173339844, "congestion": 4.160526752471924}}, {"type": "Feature", "geometry": {"type": "LineString", "coordinates": [[106.6798211, 10.7680673], [106.6793217, 10.7684797]]}, "properties": {"speed": 28.382232666015625, "congestion": 4.164541244506836}}, {"type": "Feature", "geometry": {"type": "LineString", "coordinates": [[106.6798211, 10.7680673], [106.679516, 10.7676989]]}, "properties": {"speed": 25.232988357543945, "congestion": 3.984278440475464}}, {"type": "Feature", "geometry": {"type": "LineString", "coordinates": [[106.6798211, 10.7680673], [106.6800643, 10.7678668]]}, "properties": {"speed": 26.199983596801758, "congestion": 3.379406690597534}}, {"type": "Feature", "geometry": {"type": "LineString", "coordinates": [[106.6915474, 10.7621729], [106.6925614, 10.7610717]]}, "properties": {"speed": 32.007171630859375, "congestion": 3.6454102993011475}}, {"type": "Feature", "geometry": {"type": "LineString", "coordinates": [[106.6915474, 10.7621729], [106.6910151, 10.7628385]]}, "properties": {"speed": 21.181753158569336, "congestion": 4.218382358551025}}, {"type": "Feature", "geometry": {"type": "LineString", "coordinates": [[106.6915474, 10.7621729], [106.6922534, 10.762757]]}, "properties": {"speed": 21.644594192504883, "congestion": 4.214939594268799}}, {"type": "Feature", "geometry": {"type": "LineString", "coordinates": [[106.6866424, 10.7680186], [106.687003, 10.7683614]]}, "properties": {"speed": 21.44306182861328, "congestion": 4.267720699310303}}, {"type": "Feature", "geometry": {"type": "LineString", "coordinates": [[106.6866424, 10.7680186], [106.6862432, 10.7676377]]}, "properties": {"speed": 22.165102005004883, "congestion": 4.1453857421875}}, {"type": "Feature", "geometry": {"type": "LineString", "coordinates": [[106.6947416, 10.7654926], [106.6940985, 10.7654827]]}, "properties": {"speed": 17.14002227783203, "congestion": 4.601686954498291}}, {"type": "Feature", "geometry": {"type": "LineString", "coordinates": [[106.6947416, 10.7654926], [106.6949225, 10.7649526]]}, "properties": {"speed": 16.14380645751953, "congestion": 4.6862006187438965}}, {"type": "Feature", "geometry": {"type": "LineString", "coordinates": [[106.677995, 10.7690221], [106.6777369, 10.7692098]]}, "properties": {"speed": 27.01892852783203, "congestion": 5.702378273010254}}, {"type": "Feature", "geometry": {"type": "LineString", "coordinates": [[106.693581, 10.7931572], [106.6935144, 10.7936646]]}, "properties": {"speed": 30.694419860839844, "congestion": 3.2669689655303955}}, {"type": "Feature", "geometry": {"type": "LineString", "coordinates": [[106.693581, 10.7931572], [106.6936579, 10.7925759]]}, "properties": {"speed": 28.51034164428711, "congestion": 3.882047414779663}}, {"type": "Feature", "geometry": {"type": "LineString", "coordinates": [[106.6936951, 10.7923255], [106.6940647, 10.792403]]}, "properties": {"speed": 24.666004180908203, "congestion": 3.923273801803589}}, {"type": "Feature", "geometry": {"type": "LineString", "coordinates": [[106.6936951, 10.7923255], [106.6936579, 10.7925759]]}, "properties": {"speed": 30.32564353942871, "congestion": 3.415376901626587}}, {"type": "Feature", "geometry": {"type": "LineString", "coordinates": [[106.6935144, 10.7936646], [106.6927751, 10.7959501]]}, "properties": {"speed": 31.640045166015625, "congestion": 3.242555618286133}}, {"type": "Feature", "geometry": {"type": "LineString", "coordinates": [[106.6935144, 10.7936646], [106.6933415, 10.7945693]]}, "properties": {"speed": 30.713661193847656, "congestion": 3.350958824157715}}, {"type": "Feature", "geometry": {"type": "LineString", "coordinates": [[106.7032908, 10.7803853], [106.7045966, 10.7818313]]}, "properties": {"speed": 17.129165649414062, "congestion": 4.59795618057251}}, {"type": "Feature", "geometry": {"type": "LineString", "coordinates": [[106.6762633, 10.7881611], [106.6758908, 10.7874137]]}, "properties": {"speed": 25.69877815246582, "congestion": 3.8126301765441895}}, {"type": "Feature", "geometry": {"type": "LineString", "coordinates": [[106.6919033, 10.794554], [106.6909982, 10.7943813]]}, "properties": {"speed": 32.87986755371094, "congestion": 3.12536358833313}}, {"type": "Feature", "geometry": {"type": "LineString", "coordinates": [[106.6753742, 10.7879451], [106.6758908, 10.7874137]]}, "properties": {"speed": 25.666404724121094, "congestion": 3.822187662124634}}, {"type": "Feature", "geometry": {"type": "LineString", "coordinates": [[106.6753742, 10.7879451], [106.675419, 10.7891946]]}, "properties": {"speed": 30.685171127319336, "congestion": 3.5513362884521484}}, {"type": "Feature", "geometry": {"type": "LineString", "coordinates": [[106.6758908, 10.7874137], [106.6762633, 10.7881611]]}, "properties": {"speed": 25.666404724121094, "congestion": 3.822187662124634}}, {"type": "Feature", "geometry": {"type": "LineString", "coordinates": [[106.6758908, 10.7874137], [106.6753742, 10.7879451]]}, "properties": {"speed": 30.685171127319336, "congestion": 3.5513362884521484}}, {"type": "Feature", "geometry": {"type": "LineString", "coordinates": [[106.6758908, 10.7874137], [106.6758665, 10.7870755]]}, "properties": {"speed": 33.34756088256836, "congestion": 3.2991878986358643}}, {"type": "Feature", "geometry": {"type": "LineString", "coordinates": [[106.6826419, 10.7898736], [106.6846801, 10.7889673]]}, "properties": {"speed": 32.12039566040039, "congestion": 3.0712454319000244}}, {"type": "Feature", "geometry": {"type": "LineString", "coordinates": [[106.6758665, 10.7870755], [106.6758908, 10.7874137]]}, "properties": {"speed": 34.87725067138672, "congestion": 3.3106679916381836}}, {"type": "Feature", "geometry": {"type": "LineString", "coordinates": [[106.6758665, 10.7870755], [106.6757062, 10.7860318]]}, "properties": {"speed": 33.34756088256836, "congestion": 3.2991878986358643}}, {"type": "Feature", "geometry": {"type": "LineString", "coordinates": [[106.6950133, 10.7909894], [106.6945471, 10.7905173]]}, "properties": {"speed": 27.049793243408203, "congestion": 4.148853778839111}}, {"type": "Feature", "geometry": {"type": "LineString", "coordinates": [[106.6950133, 10.7909894], [106.695257, 10.7907642]]}, "properties": {"speed": 26.68854522705078, "congestion": 3.9583749771118164}}, {"type": "Feature", "geometry": {"type": "LineString", "coordinates": [[106.6782254, 10.7884931], [106.6782468, 10.7881348]]}, "properties": {"speed": 17.279338836669922, "congestion": 6.303912162780762}}, {"type": "Feature", "geometry": {"type": "LineString", "coordinates": [[106.6782254, 10.7884931], [106.6782093, 10.7887065]]}, "properties": {"speed": 24.019447326660156, "congestion": 4.021169662475586}}, {"type": "Feature", "geometry": {"type": "LineString", "coordinates": [[106.6804121, 10.7787524], [106.6803098, 10.7785269]]}, "properties": {"speed": 29.359025955200195, "congestion": 4.012292385101318}}, {"type": "Feature", "geometry": {"type": "LineString", "coordinates": [[106.6804121, 10.7787524], [106.6803734, 10.7796966]]}, "properties": {"speed": 23.811805725097656, "congestion": 4.360659599304199}}, {"type": "Feature", "geometry": {"type": "LineString", "coordinates": [[106.6804121, 10.7787524], [106.6794946, 10.7796755]]}, "properties": {"speed": 25.861778259277344, "congestion": 4.37443733215332}}, {"type": "Feature", "geometry": {"type": "LineString", "coordinates": [[106.6803098, 10.7785269], [106.6804121, 10.7787524]]}, "properties": {"speed": 23.075742721557617, "congestion": 4.771088123321533}}, {"type": "Feature", "geometry": {"type": "LineString", "coordinates": [[106.6803098, 10.7785269], [106.6798422, 10.7787762]]}, "properties": {"speed": 22.86762237548828, "congestion": 4.746280670166016}}, {"type": "Feature", "geometry": {"type": "LineString", "coordinates": [[106.6803098, 10.7785269], [106.6814502, 10.77795]]}, "properties": {"speed": 22.985721588134766, "congestion": 4.505647659301758}}, {"type": "Feature", "geometry": {"type": "LineString", "coordinates": [[106.6889456, 10.7680353], [106.688504, 10.7673972]]}, "properties": {"speed": 24.582029342651367, "congestion": 3.877741813659668}}, {"type": "Feature", "geometry": {"type": "LineString", "coordinates": [[106.6889456, 10.7680353], [106.6893291, 10.7683891]]}, "properties": {"speed": 24.15198516845703, "congestion": 4.146914482116699}}, {"type": "Feature", "geometry": {"type": "LineString", "coordinates": [[106.6889456, 10.7680353], [106.6875178, 10.7688726]]}, "properties": {"speed": 24.942861557006836, "congestion": 3.8207294940948486}}, {"type": "Feature", "geometry": {"type": "LineString", "coordinates": [[106.6779008, 10.7878291], [106.6779796, 10.7859719]]}, "properties": {"speed": 21.739931106567383, "congestion": 3.956204652786255}}, {"type": "Feature", "geometry": {"type": "LineString", "coordinates": [[106.6779008, 10.7878291], [106.6782882, 10.7876317]]}, "properties": {"speed": 21.857900619506836, "congestion": 4.823995113372803}}, {"type": "Feature", "geometry": {"type": "LineString", "coordinates": [[106.6779008, 10.7878291], [106.6777004, 10.7879401]]}, "properties": {"speed": 21.349651336669922, "congestion": 3.765583038330078}}, {"type": "Feature", "geometry": {"type": "LineString", "coordinates": [[106.6779796, 10.7859719], [106.6779008, 10.7878291]]}, "properties": {"speed": 21.920318603515625, "congestion": 3.962895631790161}}, {"type": "Feature", "geometry": {"type": "LineString", "coordinates": [[106.675853, 10.7889674], [106.6758284, 10.7882578]]}, "properties": {"speed": 26.664934158325195, "congestion": 3.925471305847168}}, {"type": "Feature", "geometry": {"type": "LineString", "coordinates": [[106.675853, 10.7889674], [106.6769456, 10.7883538]]}, "properties": {"speed": 29.19507598876953, "congestion": 3.760122060775757}}, {"type": "Feature", "geometry": {"type": "LineString", "coordinates": [[106.675853, 10.7889674], [106.675419, 10.7891946]]}, "properties": {"speed": 26.314701080322266, "congestion": 3.830288887023926}}, {"type": "Feature", "geometry": {"type": "LineString", "coordinates": [[106.683321, 10.7917445], [106.6825298, 10.7913978]]}, "properties": {"speed": 33.78290557861328, "congestion": 3.6861724853515625}}, {"type": "Feature", "geometry": {"type": "LineString", "coordinates": [[106.6782093, 10.7887065], [106.6782254, 10.7884931]]}, "properties": {"speed": 21.649826049804688, "congestion": 5.650308609008789}}, {"type": "Feature", "geometry": {"type": "LineString", "coordinates": [[106.6782093, 10.7887065], [106.6781952, 10.7889085]]}, "properties": {"speed": 24.848608016967773, "congestion": 3.662808656692505}}, {"type": "Feature", "geometry": {"type": "LineString", "coordinates": [[106.6777369, 10.7692098], [106.6765257, 10.7703983]]}, "properties": {"speed": 27.222660064697266, "congestion": 5.588942050933838}}, {"type": "Feature", "geometry": {"type": "LineString", "coordinates": [[106.6781952, 10.7889085], [106.6797583, 10.7892746]]}, "properties": {"speed": 24.165451049804688, "congestion": 4.0634894371032715}}, {"type": "Feature", "geometry": {"type": "LineString", "coordinates": [[106.6781952, 10.7889085], [106.6781758, 10.7892822]]}, "properties": {"speed": 24.26215362548828, "congestion": 3.962409019470215}}, {"type": "Feature", "geometry": {"type": "LineString", "coordinates": [[106.6781952, 10.7889085], [106.6782093, 10.7887065]]}, "properties": {"speed": 23.73859405517578, "congestion": 4.318526744842529}}, {"type": "Feature", "geometry": {"type": "LineString", "coordinates": [[106.684318, 10.790286], [106.6840927, 10.7900501]]}, "properties": {"speed": 29.50555419921875, "congestion": 5.040768623352051}}, {"type": "Feature", "geometry": {"type": "LineString", "coordinates": [[106.6844464, 10.790416], [106.684318, 10.790286]]}, "properties": {"speed": 29.50555419921875, "congestion": 5.040768623352051}}, {"type": "Feature", "geometry": {"type": "LineString", "coordinates": [[106.6846055, 10.7905822], [106.6844464, 10.790416]]}, "properties": {"speed": 29.50555419921875, "congestion": 5.040768623352051}}, {"type": "Feature", "geometry": {"type": "LineString", "coordinates": [[106.6874957, 10.7647224], [106.688687, 10.7643747]]}, "properties": {"speed": 32.53133773803711, "congestion": 4.6009440422058105}}, {"type": "Feature", "geometry": {"type": "LineString", "coordinates": [[106.6874957, 10.7647224], [106.6875984, 10.7650042]]}, "properties": {"speed": 20.857288360595703, "congestion": 4.358584403991699}}, {"type": "Feature", "geometry": {"type": "LineString", "coordinates": [[106.6874957, 10.7647224], [106.6872979, 10.7641624]]}, "properties": {"speed": 28.93235206604004, "congestion": 4.201772212982178}}, {"type": "Feature", "geometry": {"type": "LineString", "coordinates": [[106.6925614, 10.7610717], [106.6915474, 10.7621729]]}, "properties": {"speed": 28.74772071838379, "congestion": 3.6081454753875732}}, {"type": "Feature", "geometry": {"type": "LineString", "coordinates": [[106.6925614, 10.7610717], [106.6940365, 10.7623653]]}, "properties": {"speed": 32.71921920776367, "congestion": 3.600308418273926}}, {"type": "Feature", "geometry": {"type": "LineString", "coordinates": [[106.6895739, 10.7706637], [106.6890543, 10.770407]]}, "properties": {"speed": 27.50859832763672, "congestion": 5.02705192565918}}, {"type": "Feature", "geometry": {"type": "LineString", "coordinates": [[106.6895739, 10.7706637], [106.6894263, 10.7708628]]}, "properties": {"speed": 27.914934158325195, "congestion": 4.475688934326172}}, {"type": "Feature", "geometry": {"type": "LineString", "coordinates": [[106.6876051, 10.7736431], [106.6873039, 10.7733118]]}, "properties": {"speed": 24.128332138061523, "congestion": 4.510159969329834}}, {"type": "Feature", "geometry": {"type": "LineString", "coordinates": [[106.6876051, 10.7736431], [106.6881764, 10.7742473]]}, "properties": {"speed": 23.613487243652344, "congestion": 4.719076156616211}}, {"type": "Feature", "geometry": {"type": "LineString", "coordinates": [[106.6886142, 10.7727008], [106.6885409, 10.7727672]]}, "properties": {"speed": 22.441871643066406, "congestion": 6.07547664642334}}, {"type": "Feature", "geometry": {"type": "LineString", "coordinates": [[106.6886142, 10.7727008], [106.6892687, 10.773391]]}, "properties": {"speed": 20.154386520385742, "congestion": 6.683810234069824}}, {"type": "Feature", "geometry": {"type": "LineString", "coordinates": [[106.6885409, 10.7727672], [106.6876051, 10.7736431]]}, "properties": {"speed": 27.56403350830078, "congestion": 4.219388484954834}}, {"type": "Feature", "geometry": {"type": "LineString", "coordinates": [[106.6885409, 10.7727672], [106.6886142, 10.7727008]]}, "properties": {"speed": 26.890684127807617, "congestion": 4.153074264526367}}, {"type": "Feature", "geometry": {"type": "LineString", "coordinates": [[106.6885409, 10.7727672], [106.6878021, 10.7719712]]}, "properties": {"speed": 27.84817123413086, "congestion": 4.206723213195801}}, {"type": "Feature", "geometry": {"type": "LineString", "coordinates": [[106.6849842, 10.7730843], [106.6829092, 10.7758669]]}, "properties": {"speed": 17.89484977722168, "congestion": 6.599535942077637}}, {"type": "Feature", "geometry": {"type": "LineString", "coordinates": [[106.6849842, 10.7730843], [106.6848113, 10.7728974]]}, "properties": {"speed": 15.73141098022461, "congestion": 6.697904109954834}}, {"type": "Feature", "geometry": {"type": "LineString", "coordinates": [[106.6832874, 10.7745227], [106.6834124, 10.7742337]]}, "properties": {"speed": 17.513193130493164, "congestion": 4.50786828994751}}, {"type": "Feature", "geometry": {"type": "LineString", "coordinates": [[106.6834124, 10.7742337], [106.6832071, 10.7741661]]}, "properties": {"speed": 17.513193130493164, "congestion": 4.50786828994751}}, {"type": "Feature", "geometry": {"type": "LineString", "coordinates": [[106.6834124, 10.7742337], [106.6832874, 10.7745227]]}, "properties": {"speed": 24.18195343017578, "congestion": 3.9215898513793945}}, {"type": "Feature", "geometry": {"type": "LineString", "coordinates": [[106.6829092, 10.7758669], [106.6849842, 10.7730843]]}, "properties": {"speed": 17.2097225189209, "congestion": 4.553736209869385}}, {"type": "Feature", "geometry": {"type": "LineString", "coordinates": [[106.6829092, 10.7758669], [106.6848113, 10.7728974]]}, "properties": {"speed": 16.338193893432617, "congestion": 3.654332399368286}}, {"type": "Feature", "geometry": {"type": "LineString", "coordinates": [[106.6863677, 10.7902169], [106.6872327, 10.7894085]]}, "properties": {"speed": 26.530614852905273, "congestion": 4.564780235290527}}, {"type": "Feature", "geometry": {"type": "LineString", "coordinates": [[106.6863677, 10.7902169], [106.6874992, 10.791433]]}, "properties": {"speed": 24.83326530456543, "congestion": 4.693132400512695}}, {"type": "Feature", "geometry": {"type": "LineString", "coordinates": [[106.6838795, 10.7910212], [106.6846055, 10.7905822]]}, "properties": {"speed": 29.50555419921875, "congestion": 5.040768623352051}}, {"type": "Feature", "geometry": {"type": "LineString", "coordinates": [[106.6837467, 10.7908868], [106.6838795, 10.7910212]]}, "properties": {"speed": 29.50555419921875, "congestion": 5.040768623352051}}, {"type": "Feature", "geometry": {"type": "LineString", "coordinates": [[106.6837467, 10.7908868], [106.6833835, 10.7912145]]}, "properties": {"speed": 15.594443321228027, "congestion": 3.201456308364868}}, {"type": "Feature", "geometry": {"type": "LineString", "coordinates": [[106.6836072, 10.7907393], [106.6837467, 10.7908868]]}, "properties": {"speed": 29.377777099609375, "congestion": 4.922492504119873}}, {"type": "Feature", "geometry": {"type": "LineString", "coordinates": [[106.6833068, 10.7904178], [106.6836072, 10.7907393]]}, "properties": {"speed": 32.760704040527344, "congestion": 4.333293914794922}}, {"type": "Feature", "geometry": {"type": "LineString", "coordinates": [[106.6833068, 10.7904178], [106.6828556, 10.7908309]]}, "properties": {"speed": 33.99961853027344, "congestion": 3.6393344402313232}}, {"type": "Feature", "geometry": {"type": "LineString", "coordinates": [[106.6769456, 10.7883538], [106.675853, 10.7889674]]}, "properties": {"speed": 24.91360092163086, "congestion": 3.79166841506958}}, {"type": "Feature", "geometry": {"type": "LineString", "coordinates": [[106.6769456, 10.7883538], [106.6772686, 10.7881696]]}, "properties": {"speed": 27.117164611816406, "congestion": 3.66583514213562}}, {"type": "Feature", "geometry": {"type": "LineString", "coordinates": [[106.6769456, 10.7883538], [106.6766317, 10.7859988]]}, "properties": {"speed": 28.74647331237793, "congestion": 3.653081178665161}}, {"type": "Feature", "geometry": {"type": "LineString", "coordinates": [[106.6875255, 10.7746832], [106.6889932, 10.7762842]]}, "properties": {"speed": 21.91510772705078, "congestion": 4.784822940826416}}, {"type": "Feature", "geometry": {"type": "LineString", "coordinates": [[106.6875255, 10.7746832], [106.6868508, 10.7750424]]}, "properties": {"speed": 18.512325286865234, "congestion": 5.986955642700195}}, {"type": "Feature", "geometry": {"type": "LineString", "coordinates": [[106.7027569, 10.7918269], [106.703228, 10.792386]]}, "properties": {"speed": 25.29397201538086, "congestion": 5.894529342651367}}, {"type": "Feature", "geometry": {"type": "LineString", "coordinates": [[106.7027569, 10.7918269], [106.7032629, 10.7917082]]}, "properties": {"speed": 25.29397201538086, "congestion": 5.894529342651367}}, {"type": "Feature", "geometry": {"type": "LineString", "coordinates": [[106.7027569, 10.7918269], [106.7015127, 10.7904945]]}, "properties": {"speed": 24.734769821166992, "congestion": 6.041477203369141}}, {"type": "Feature", "geometry": {"type": "LineString", "coordinates": [[106.7028609, 10.7878944], [106.7031283, 10.788173]]}, "properties": {"speed": 25.418012619018555, "congestion": 5.879805088043213}}, {"type": "Feature", "geometry": {"type": "LineString", "coordinates": [[106.6838749, 10.7719084], [106.6846537, 10.771213]]}, "properties": {"speed": 27.231250762939453, "congestion": 4.128590106964111}}, {"type": "Feature", "geometry": {"type": "LineString", "coordinates": [[106.6838749, 10.7719084], [106.6833422, 10.7713427]]}, "properties": {"speed": 26.938875198364258, "congestion": 4.1873979568481445}}, {"type": "Feature", "geometry": {"type": "LineString", "coordinates": [[106.6917072, 10.7702317], [106.6920153, 10.7704446]]}, "properties": {"speed": 23.951059341430664, "congestion": 5.776092052459717}}, {"type": "Feature", "geometry": {"type": "LineString", "coordinates": [[106.6917072, 10.7702317], [106.6896812, 10.7687369]]}, "properties": {"speed": 24.02328872680664, "congestion": 5.525169372558594}}, {"type": "Feature", "geometry": {"type": "LineString", "coordinates": [[106.6917072, 10.7702317], [106.6922527, 10.7693829]]}, "properties": {"speed": 24.019561767578125, "congestion": 5.621001243591309}}, {"type": "Feature", "geometry": {"type": "LineString", "coordinates": [[106.6946318, 10.7647151], [106.6931694, 10.7635148]]}, "properties": {"speed": 22.409591674804688, "congestion": 4.555846214294434}}, {"type": "Feature", "geometry": {"type": "LineString", "coordinates": [[106.6946318, 10.7647151], [106.6949225, 10.7649526]]}, "properties": {"speed": 21.890363693237305, "congestion": 4.460542678833008}}, {"type": "Feature", "geometry": {"type": "LineString", "coordinates": [[106.6946318, 10.7647151], [106.6947151, 10.7641798]]}, "properties": {"speed": 23.177021026611328, "congestion": 4.8156633377075195}}, {"type": "Feature", "geometry": {"type": "LineString", "coordinates": [[106.6967128, 10.7658821], [106.6960346, 10.7670484]]}, "properties": {"speed": 31.840349197387695, "congestion": 3.6302616596221924}}, {"type": "Feature", "geometry": {"type": "LineString", "coordinates": [[106.6967128, 10.7658821], [106.6977825, 10.7665187]]}, "properties": {"speed": 33.055633544921875, "congestion": 3.6242969036102295}}, {"type": "Feature", "geometry": {"type": "LineString", "coordinates": [[106.703645, 10.792299], [106.703228, 10.792386]]}, "properties": {"speed": 31.125009536743164, "congestion": 4.2843852043151855}}, {"type": "Feature", "geometry": {"type": "LineString", "coordinates": [[106.703645, 10.792299], [106.7045613, 10.7920395]]}, "properties": {"speed": 30.081254959106445, "congestion": 4.059817314147949}}, {"type": "Feature", "geometry": {"type": "LineString", "coordinates": [[106.7045613, 10.7920395], [106.703645, 10.792299]]}, "properties": {"speed": 30.67915153503418, "congestion": 4.486201763153076}}, {"type": "Feature", "geometry": {"type": "LineString", "coordinates": [[106.7045613, 10.7920395], [106.7050526, 10.7918659]]}, "properties": {"speed": 30.384714126586914, "congestion": 4.214459419250488}}, {"type": "Feature", "geometry": {"type": "LineString", "coordinates": [[106.7050526, 10.7918659], [106.7045613, 10.7920395]]}, "properties": {"speed": 30.36481475830078, "congestion": 4.3007588386535645}}, {"type": "Feature", "geometry": {"type": "LineString", "coordinates": [[106.7050526, 10.7918659], [106.7044385, 10.7916328]]}, "properties": {"speed": 30.395315170288086, "congestion": 3.364124059677124}}, {"type": "Feature", "geometry": {"type": "LineString", "coordinates": [[106.7050526, 10.7918659], [106.7056334, 10.7909104]]}, "properties": {"speed": 29.412824630737305, "congestion": 3.4715795516967773}}, {"type": "Feature", "geometry": {"type": "LineString", "coordinates": [[106.6828556, 10.7908309], [106.6827476, 10.790763]]}, "properties": {"speed": 35.70838928222656, "congestion": 4.353018283843994}}, {"type": "Feature", "geometry": {"type": "LineString", "coordinates": [[106.6828556, 10.7908309], [106.6826651, 10.7910067]]}, "properties": {"speed": 34.80665969848633, "congestion": 3.408860206604004}}, {"type": "Feature", "geometry": {"type": "LineString", "coordinates": [[106.7010996, 10.7900597], [106.7007533, 10.7896952]]}, "properties": {"speed": 27.337495803833008, "congestion": 3.7679378986358643}}, {"type": "Feature", "geometry": {"type": "LineString", "coordinates": [[106.6913984, 10.7895785], [106.6909832, 10.789409]]}, "properties": {"speed": 19.470487594604492, "congestion": 4.309714317321777}}, {"type": "Feature", "geometry": {"type": "LineString", "coordinates": [[106.6913984, 10.7895785], [106.6907681, 10.7888242]]}, "properties": {"speed": 13.833683013916016, "congestion": 5.000043869018555}}, {"type": "Feature", "geometry": {"type": "LineString", "coordinates": [[106.6913984, 10.7895785], [106.692228, 10.7905308]]}, "properties": {"speed": 17.5, "congestion": 3.703808307647705}}, {"type": "Feature", "geometry": {"type": "LineString", "coordinates": [[106.6798395, 10.7868031], [106.6805602, 10.7880202]]}, "properties": {"speed": 26.96701431274414, "congestion": 4.356058120727539}}, {"type": "Feature", "geometry": {"type": "LineString", "coordinates": [[106.6798395, 10.7868031], [106.6793152, 10.7870989]]}, "properties": {"speed": 28.18486785888672, "congestion": 4.063673496246338}}, {"type": "Feature", "geometry": {"type": "LineString", "coordinates": [[106.6798395, 10.7868031], [106.6797946, 10.7867195]]}, "properties": {"speed": 26.96701431274414, "congestion": 4.356058120727539}}, {"type": "Feature", "geometry": {"type": "LineString", "coordinates": [[106.6823458, 10.7871085], [106.683245, 10.7877414]]}, "properties": {"speed": 31.222373962402344, "congestion": 3.3350605964660645}}, {"type": "Feature", "geometry": {"type": "LineString", "coordinates": [[106.6823458, 10.7871085], [106.6820945, 10.7874484]]}, "properties": {"speed": 32.65737533569336, "congestion": 3.3380768299102783}}, {"type": "Feature", "geometry": {"type": "LineString", "coordinates": [[106.6823458, 10.7871085], [106.6818965, 10.7868162]]}, "properties": {"speed": 30.76479148864746, "congestion": 3.412485122680664}}, {"type": "Feature", "geometry": {"type": "LineString", "coordinates": [[106.6835716, 10.7847198], [106.6830239, 10.7849624]]}, "properties": {"speed": 21.506942749023438, "congestion": 5.026846885681152}}, {"type": "Feature", "geometry": {"type": "LineString", "coordinates": [[106.6835716, 10.7847198], [106.6845028, 10.7843975]]}, "properties": {"speed": 21.350299835205078, "congestion": 4.870096206665039}}, {"type": "Feature", "geometry": {"type": "LineString", "coordinates": [[106.6835716, 10.7847198], [106.6837504, 10.7852993]]}, "properties": {"speed": 21.15625, "congestion": 5.37400484085083}}, {"type": "Feature", "geometry": {"type": "LineString", "coordinates": [[106.6763974, 10.7671244], [106.676368, 10.7670327]]}, "properties": {"speed": 26.82175636291504, "congestion": 3.846973419189453}}, {"type": "Feature", "geometry": {"type": "LineString", "coordinates": [[106.6820945, 10.7874484], [106.6823458, 10.7871085]]}, "properties": {"speed": 30.595651626586914, "congestion": 3.285794258117676}}, {"type": "Feature", "geometry": {"type": "LineString", "coordinates": [[106.6818297, 10.7877545], [106.6825422, 10.7882842]]}, "properties": {"speed": 33.525001525878906, "congestion": 3.304462194442749}}, {"type": "Feature", "geometry": {"type": "LineString", "coordinates": [[106.6818297, 10.7877545], [106.6820945, 10.7874484]]}, "properties": {"speed": 30.595651626586914, "congestion": 3.285794258117676}}, {"type": "Feature", "geometry": {"type": "LineString", "coordinates": [[106.6818297, 10.7877545], [106.6809851, 10.7893898]]}, "properties": {"speed": 31.891910552978516, "congestion": 3.217972755432129}}, {"type": "Feature", "geometry": {"type": "LineString", "coordinates": [[106.6851669, 10.770465], [106.6857403, 10.7710773]]}, "properties": {"speed": 25.950340270996094, "congestion": 4.099389553070068}}, {"type": "Feature", "geometry": {"type": "LineString", "coordinates": [[106.6851669, 10.770465], [106.6849219, 10.7702015]]}, "properties": {"speed": 23.733505249023438, "congestion": 4.688175678253174}}, {"type": "Feature", "geometry": {"type": "LineString", "coordinates": [[106.6857403, 10.7710773], [106.6851669, 10.770465]]}, "properties": {"speed": 24.97031021118164, "congestion": 4.439917087554932}}, {"type": "Feature", "geometry": {"type": "LineString", "coordinates": [[106.688528, 10.7893734], [106.6890874, 10.7901544]]}, "properties": {"speed": 20.844446182250977, "congestion": 3.787308931350708}}, {"type": "Feature", "geometry": {"type": "LineString", "coordinates": [[106.6890874, 10.7901544], [106.6884139, 10.7907006]]}, "properties": {"speed": 23.548803329467773, "congestion": 5.020057678222656}}, {"type": "Feature", "geometry": {"type": "LineString", "coordinates": [[106.6890874, 10.7901544], [106.6893182, 10.7899798]]}, "properties": {"speed": 21.08854103088379, "congestion": 5.2559051513671875}}, {"type": "Feature", "geometry": {"type": "LineString", "coordinates": [[106.6890874, 10.7901544], [106.688528, 10.7893734]]}, "properties": {"speed": 22.857627868652344, "congestion": 4.899784088134766}}, {"type": "Feature", "geometry": {"type": "LineString", "coordinates": [[106.6781355, 10.7899765], [106.6781758, 10.7892822]]}, "properties": {"speed": 25.186124801635742, "congestion": 4.096815586090088}}, {"type": "Feature", "geometry": {"type": "LineString", "coordinates": [[106.6781355, 10.7899765], [106.6793958, 10.7902092]]}, "properties": {"speed": 25.219837188720703, "congestion": 4.086359024047852}}, {"type": "Feature", "geometry": {"type": "LineString", "coordinates": [[106.6781355, 10.7899765], [106.6780728, 10.7908837]]}, "properties": {"speed": 25.21525001525879, "congestion": 4.0835185050964355}}, {"type": "Feature", "geometry": {"type": "LineString", "coordinates": [[106.6917672, 10.7781848], [106.6913317, 10.7777162]]}, "properties": {"speed": 27.22829818725586, "congestion": 5.11832332611084}}, {"type": "Feature", "geometry": {"type": "LineString", "coordinates": [[106.6917672, 10.7781848], [106.6907264, 10.7791401]]}, "properties": {"speed": 28.109376907348633, "congestion": 4.898562431335449}}, {"type": "Feature", "geometry": {"type": "LineString", "coordinates": [[106.6871325, 10.7691351], [106.6861222, 10.7700336]]}, "properties": {"speed": 18.891233444213867, "congestion": 4.528544902801514}}, {"type": "Feature", "geometry": {"type": "LineString", "coordinates": [[106.6871325, 10.7691351], [106.6874113, 10.7687685]]}, "properties": {"speed": 17.563138961791992, "congestion": 4.357300281524658}}, {"type": "Feature", "geometry": {"type": "LineString", "coordinates": [[106.6871325, 10.7691351], [106.6864301, 10.7703835]]}, "properties": {"speed": 18.891233444213867, "congestion": 4.528544902801514}}, {"type": "Feature", "geometry": {"type": "LineString", "coordinates": [[106.6868233, 10.7728062], [106.687137, 10.7731427]]}, "properties": {"speed": 24.490272521972656, "congestion": 4.23919677734375}}, {"type": "Feature", "geometry": {"type": "LineString", "coordinates": [[106.6868233, 10.7728062], [106.6861052, 10.7720361]]}, "properties": {"speed": 26.891315460205078, "congestion": 4.10509729385376}}, {"type": "Feature", "geometry": {"type": "LineString", "coordinates": [[106.6839999, 10.7720381], [106.6835654, 10.7724997]]}, "properties": {"speed": 23.675193786621094, "congestion": 3.8201892375946045}}, {"type": "Feature", "geometry": {"type": "LineString", "coordinates": [[106.6839999, 10.7720381], [106.6838749, 10.7719084]]}, "properties": {"speed": 25.83804702758789, "congestion": 3.8927078247070312}}, {"type": "Feature", "geometry": {"type": "LineString", "coordinates": [[106.6844931, 10.7703109], [106.6839014, 10.769713]]}, "properties": {"speed": 26.288599014282227, "congestion": 4.078338623046875}}, {"type": "Feature", "geometry": {"type": "LineString", "coordinates": [[106.6844931, 10.7703109], [106.6856697, 10.7715689]]}, "properties": {"speed": 19.68403434753418, "congestion": 5.462442874908447}}, {"type": "Feature", "geometry": {"type": "LineString", "coordinates": [[106.6833422, 10.7713427], [106.6844931, 10.7703109]]}, "properties": {"speed": 28.313467025756836, "congestion": 4.116881847381592}}, {"type": "Feature", "geometry": {"type": "LineString", "coordinates": [[106.6833422, 10.7713427], [106.6827741, 10.7707307]]}, "properties": {"speed": 27.919254302978516, "congestion": 4.097588062286377}}, {"type": "Feature", "geometry": {"type": "LineString", "coordinates": [[106.6827924, 10.7728158], [106.6833294, 10.7730015]]}, "properties": {"speed": 25.630821228027344, "congestion": 3.964977264404297}}, {"type": "Feature", "geometry": {"type": "LineString", "coordinates": [[106.6830239, 10.7849624], [106.6816069, 10.7857931]]}, "properties": {"speed": 22.390724182128906, "congestion": 4.249669551849365}}, {"type": "Feature", "geometry": {"type": "LineString", "coordinates": [[106.6830239, 10.7849624], [106.6835716, 10.7847198]]}, "properties": {"speed": 22.494430541992188, "congestion": 4.25847053527832}}, {"type": "Feature", "geometry": {"type": "LineString", "coordinates": [[106.6830239, 10.7849624], [106.6826765, 10.7836713]]}, "properties": {"speed": 22.14354133605957, "congestion": 4.251415252685547}}, {"type": "Feature", "geometry": {"type": "LineString", "coordinates": [[106.6826765, 10.7836713], [106.682391, 10.7830804]]}, "properties": {"speed": 20.821584701538086, "congestion": 4.5562896728515625}}, {"type": "Feature", "geometry": {"type": "LineString", "coordinates": [[106.6826765, 10.7836713], [106.6830239, 10.7849624]]}, "properties": {"speed": 23.920799255371094, "congestion": 4.107053279876709}}, {"type": "Feature", "geometry": {"type": "LineString", "coordinates": [[106.6826765, 10.7836713], [106.6819862, 10.7839817]]}, "properties": {"speed": 25.923269271850586, "congestion": 4.015389919281006}}, {"type": "Feature", "geometry": {"type": "LineString", "coordinates": [[106.6826765, 10.7836713], [106.6830275, 10.7835079]]}, "properties": {"speed": 25.112455368041992, "congestion": 4.016534805297852}}, {"type": "Feature", "geometry": {"type": "LineString", "coordinates": [[106.6915395, 10.77135], [106.69163, 10.7709517]]}, "properties": {"speed": 24.158842086791992, "congestion": 6.528833866119385}}, {"type": "Feature", "geometry": {"type": "LineString", "coordinates": [[106.6915395, 10.77135], [106.6895739, 10.7706637]]}, "properties": {"speed": 24.11977767944336, "congestion": 6.443218231201172}}, {"type": "Feature", "geometry": {"type": "LineString", "coordinates": [[106.6893259, 10.7736099], [106.6885409, 10.7727672]]}, "properties": {"speed": 20.665605545043945, "congestion": 5.850400447845459}}, {"type": "Feature", "geometry": {"type": "LineString", "coordinates": [[106.6893259, 10.7736099], [106.6894436, 10.7735377]]}, "properties": {"speed": 19.752330780029297, "congestion": 6.2394304275512695}}, {"type": "Feature", "geometry": {"type": "LineString", "coordinates": [[106.6821041, 10.7725777], [106.6826444, 10.7727646]]}, "properties": {"speed": 25.630821228027344, "congestion": 3.964977264404297}}, {"type": "Feature", "geometry": {"type": "LineString", "coordinates": [[106.6961338, 10.7641723], [106.6957228, 10.7646871]]}, "properties": {"speed": 20.780132293701172, "congestion": 4.525811195373535}}, {"type": "Feature", "geometry": {"type": "LineString", "coordinates": [[106.6961338, 10.7641723], [106.6970851, 10.7649369]]}, "properties": {"speed": 20.636587142944336, "congestion": 4.476964950561523}}, {"type": "Feature", "geometry": {"type": "LineString", "coordinates": [[106.6961338, 10.7641723], [106.6956287, 10.7637226]]}, "properties": {"speed": 20.780132293701172, "congestion": 4.525811195373535}}, {"type": "Feature", "geometry": {"type": "LineString", "coordinates": [[106.6945641, 10.766033], [106.6947416, 10.7654926]]}, "properties": {"speed": 18.87094497680664, "congestion": 4.486220359802246}}, {"type": "Feature", "geometry": {"type": "LineString", "coordinates": [[106.6945641, 10.766033], [106.6949677, 10.7661564]]}, "properties": {"speed": 18.90694236755371, "congestion": 4.104121208190918}}, {"type": "Feature", "geometry": {"type": "LineString", "coordinates": [[106.6956108, 10.7655737], [106.6963931, 10.7662167]]}, "properties": {"speed": 23.084449768066406, "congestion": 4.414260387420654}}, {"type": "Feature", "geometry": {"type": "LineString", "coordinates": [[106.6956108, 10.7655737], [106.6948362, 10.7672243]]}, "properties": {"speed": 23.386690139770508, "congestion": 4.277338027954102}}, {"type": "Feature", "geometry": {"type": "LineString", "coordinates": [[106.6956108, 10.7655737], [106.6949225, 10.7649526]]}, "properties": {"speed": 32.32576370239258, "congestion": 3.7877132892608643}}, {"type": "Feature", "geometry": {"type": "LineString", "coordinates": [[106.6841839, 10.7895944], [106.6843824, 10.7897972]]}, "properties": {"speed": 32.26267623901367, "congestion": 4.102657318115234}}, {"type": "Feature", "geometry": {"type": "LineString", "coordinates": [[106.6841839, 10.7895944], [106.683905, 10.7898473]]}, "properties": {"speed": 32.24574279785156, "congestion": 3.703435182571411}}, {"type": "Feature", "geometry": {"type": "LineString", "coordinates": [[106.6841839, 10.7895944], [106.6841035, 10.7895101]]}, "properties": {"speed": 29.08382225036621, "congestion": 4.258373260498047}}, {"type": "Feature", "geometry": {"type": "LineString", "coordinates": [[106.6843824, 10.7897972], [106.6841839, 10.7895944]]}, "properties": {"speed": 25.501386642456055, "congestion": 6.076948165893555}}, {"type": "Feature", "geometry": {"type": "LineString", "coordinates": [[106.6870752, 10.7935503], [106.6873607, 10.7931702]]}, "properties": {"speed": 36.15486145019531, "congestion": 3.3691670894622803}}, {"type": "Feature", "geometry": {"type": "LineString", "coordinates": [[106.7000366, 10.7918663], [106.700172, 10.7917269]]}, "properties": {"speed": 20.642539978027344, "congestion": 4.971734523773193}}, {"type": "Feature", "geometry": {"type": "LineString", "coordinates": [[106.7000366, 10.7918663], [106.700944, 10.7928166]]}, "properties": {"speed": 20.927772521972656, "congestion": 4.79428768157959}}, {"type": "Feature", "geometry": {"type": "LineString", "coordinates": [[106.7000366, 10.7918663], [106.699775, 10.7921112]]}, "properties": {"speed": 30.004220962524414, "congestion": 3.969299793243408}}, {"type": "Feature", "geometry": {"type": "LineString", "coordinates": [[106.6923274, 10.7720824], [106.6911548, 10.7727238]]}, "properties": {"speed": 20.73953628540039, "congestion": 5.734055995941162}}, {"type": "Feature", "geometry": {"type": "LineString", "coordinates": [[106.693844, 10.7911731], [106.6935069, 10.7914841]]}, "properties": {"speed": 24.252260208129883, "congestion": 5.390616416931152}}, {"type": "Feature", "geometry": {"type": "LineString", "coordinates": [[106.6900761, 10.7774342], [106.6889932, 10.7762842]]}, "properties": {"speed": 9.5, "congestion": 3.2512857913970947}}, {"type": "Feature", "geometry": {"type": "LineString", "coordinates": [[106.6900761, 10.7774342], [106.6895565, 10.7779086]]}, "properties": {"speed": 15.580902099609375, "congestion": 5.41664981842041}}, {"type": "Feature", "geometry": {"type": "LineString", "coordinates": [[106.6883853, 10.7939515], [106.6894447, 10.7941167]]}, "properties": {"speed": 26.0, "congestion": 3.1171000003814697}}, {"type": "Feature", "geometry": {"type": "LineString", "coordinates": [[106.6883853, 10.7939515], [106.6882349, 10.7947733]]}, "properties": {"speed": 34.30104064941406, "congestion": 3.266403913497925}}, {"type": "Feature", "geometry": {"type": "LineString", "coordinates": [[106.6883853, 10.7939515], [106.6869566, 10.7936875]]}, "properties": {"speed": 34.19160842895508, "congestion": 3.145120143890381}}, {"type": "Feature", "geometry": {"type": "LineString", "coordinates": [[106.6935069, 10.7914841], [106.6932665, 10.7917238]]}, "properties": {"speed": 25.302085876464844, "congestion": 6.473825931549072}}, {"type": "Feature", "geometry": {"type": "LineString", "coordinates": [[106.6909832, 10.789409], [106.6913984, 10.7895785]]}, "properties": {"speed": 16.348003387451172, "congestion": 4.9597344398498535}}, {"type": "Feature", "geometry": {"type": "LineString", "coordinates": [[106.6772686, 10.7881696], [106.6774395, 10.7880834]]}, "properties": {"speed": 24.960588455200195, "congestion": 4.546986103057861}}, {"type": "Feature", "geometry": {"type": "LineString", "coordinates": [[106.6772686, 10.7881696], [106.6769456, 10.7883538]]}, "properties": {"speed": 22.51250457763672, "congestion": 3.7885921001434326}}, {"type": "Feature", "geometry": {"type": "LineString", "coordinates": [[106.6772686, 10.7881696], [106.6771302, 10.7859737]]}, "properties": {"speed": 34.45207595825195, "congestion": 3.219717264175415}}, {"type": "Feature", "geometry": {"type": "LineString", "coordinates": [[106.7007414, 10.7680964], [106.7019437, 10.7691427]]}, "properties": {"speed": 35.32591247558594, "congestion": 3.724924325942993}}, {"type": "Feature", "geometry": {"type": "LineString", "coordinates": [[106.7007414, 10.7680964], [106.7013496, 10.7671087]]}, "properties": {"speed": 23.613876342773438, "congestion": 5.305976867675781}}, {"type": "Feature", "geometry": {"type": "LineString", "coordinates": [[106.7007414, 10.7680964], [106.6998594, 10.7673258]]}, "properties": {"speed": 24.05025863647461, "congestion": 4.7237396240234375}}, {"type": "Feature", "geometry": {"type": "LineString", "coordinates": [[106.7007414, 10.7680964], [106.7003997, 10.7686444]]}, "properties": {"speed": 22.82951545715332, "congestion": 5.62044095993042}}, {"type": "Feature", "geometry": {"type": "LineString", "coordinates": [[106.6911352, 10.776467], [106.6906189, 10.7769384]]}, "properties": {"speed": 15.053645133972168, "congestion": 6.387670993804932}}, {"type": "Feature", "geometry": {"type": "LineString", "coordinates": [[106.6784503, 10.785051], [106.6787537, 10.7850859]]}, "properties": {"speed": 12.84930419921875, "congestion": 9.16480541229248}}, {"type": "Feature", "geometry": {"type": "LineString", "coordinates": [[106.6784503, 10.785051], [106.6784283, 10.7854872]]}, "properties": {"speed": 21.36611557006836, "congestion": 6.158360958099365}}, {"type": "Feature", "geometry": {"type": "LineString", "coordinates": [[106.6784503, 10.785051], [106.678463, 10.7845019]]}, "properties": {"speed": 20.30345916748047, "congestion": 6.618556976318359}}, {"type": "Feature", "geometry": {"type": "LineString", "coordinates": [[106.680873, 10.7721519], [106.6806056, 10.7727882]]}, "properties": {"speed": 26.570266723632812, "congestion": 4.108217239379883}}, {"type": "Feature", "geometry": {"type": "LineString", "coordinates": [[106.680873, 10.7721519], [106.6822736, 10.7720467]]}, "properties": {"speed": 26.570266723632812, "congestion": 4.108217239379883}}, {"type": "Feature", "geometry": {"type": "LineString", "coordinates": [[106.680873, 10.7721519], [106.6821041, 10.7725777]]}, "properties": {"speed": 26.26258087158203, "congestion": 4.059915542602539}}, {"type": "Feature", "geometry": {"type": "LineString", "coordinates": [[106.6994133, 10.7669467], [106.6996863, 10.7671715]]}, "properties": {"speed": 34.846336364746094, "congestion": 3.56510066986084}}, {"type": "Feature", "geometry": {"type": "LineString", "coordinates": [[106.6994133, 10.7669467], [106.6990056, 10.7665925]]}, "properties": {"speed": 19.443761825561523, "congestion": 4.977907657623291}}, {"type": "Feature", "geometry": {"type": "LineString", "coordinates": [[106.6984201, 10.7680176], [106.6988516, 10.7684134]]}, "properties": {"speed": 15.513890266418457, "congestion": 5.114812850952148}}, {"type": "Feature", "geometry": {"type": "LineString", "coordinates": [[106.6984201, 10.7680176], [106.6980079, 10.7676585]]}, "properties": {"speed": 18.377782821655273, "congestion": 4.735424995422363}}, {"type": "Feature", "geometry": {"type": "LineString", "coordinates": [[106.6976004, 10.768921], [106.6984201, 10.7680176]]}, "properties": {"speed": 24.04166603088379, "congestion": 6.400906085968018}}, {"type": "Feature", "geometry": {"type": "LineString", "coordinates": [[106.6976004, 10.768921], [106.6971744, 10.7685425]]}, "properties": {"speed": 23.85508918762207, "congestion": 6.025974273681641}}, {"type": "Feature", "geometry": {"type": "LineString", "coordinates": [[106.6976004, 10.768921], [106.6981019, 10.7693766]]}, "properties": {"speed": 23.549306869506836, "congestion": 5.936988830566406}}, {"type": "Feature", "geometry": {"type": "LineString", "coordinates": [[106.6846519, 10.7699105], [106.6849219, 10.7702015]]}, "properties": {"speed": 25.93194007873535, "congestion": 4.261250019073486}}, {"type": "Feature", "geometry": {"type": "LineString", "coordinates": [[106.6846519, 10.7699105], [106.6841235, 10.7693535]]}, "properties": {"speed": 23.733505249023438, "congestion": 4.688175678253174}}, {"type": "Feature", "geometry": {"type": "LineString", "coordinates": [[106.6849219, 10.7702015], [106.6851669, 10.770465]]}, "properties": {"speed": 25.93194007873535, "congestion": 4.261250019073486}}, {"type": "Feature", "geometry": {"type": "LineString", "coordinates": [[106.6849219, 10.7702015], [106.6846519, 10.7699105]]}, "properties": {"speed": 23.733505249023438, "congestion": 4.688175678253174}}, {"type": "Feature", "geometry": {"type": "LineString", "coordinates": [[106.6841235, 10.7693535], [106.6846519, 10.7699105]]}, "properties": {"speed": 25.93194007873535, "congestion": 4.261250019073486}}, {"type": "Feature", "geometry": {"type": "LineString", "coordinates": [[106.6841235, 10.7693535], [106.6838626, 10.7690686]]}, "properties": {"speed": 23.733505249023438, "congestion": 4.688175678253174}}, {"type": "Feature", "geometry": {"type": "LineString", "coordinates": [[106.6838626, 10.7690686], [106.6841235, 10.7693535]]}, "properties": {"speed": 25.93194007873535, "congestion": 4.261250019073486}}, {"type": "Feature", "geometry": {"type": "LineString", "coordinates": [[106.6838626, 10.7690686], [106.6835914, 10.768784]]}, "properties": {"speed": 23.733505249023438, "congestion": 4.688175678253174}}, {"type": "Feature", "geometry": {"type": "LineString", "coordinates": [[106.6802797, 10.7865415], [106.6798395, 10.7868031]]}, "properties": {"speed": 24.81805419921875, "congestion": 3.7327566146850586}}, {"type": "Feature", "geometry": {"type": "LineString", "coordinates": [[106.6803507, 10.7865024], [106.6802797, 10.7865415]]}, "properties": {"speed": 25.961280822753906, "congestion": 3.6164839267730713}}, {"type": "Feature", "geometry": {"type": "LineString", "coordinates": [[106.6846106, 10.786164], [106.685571, 10.7861229]]}, "properties": {"speed": 23.849956512451172, "congestion": 4.286257743835449}}, {"type": "Feature", "geometry": {"type": "LineString", "coordinates": [[106.6846106, 10.786164], [106.6851269, 10.7882722]]}, "properties": {"speed": 24.385583877563477, "congestion": 4.245968818664551}}, {"type": "Feature", "geometry": {"type": "LineString", "coordinates": [[106.6939566, 10.7784491], [106.6929296, 10.7793943]]}, "properties": {"speed": 16.598438262939453, "congestion": 4.999700546264648}}, {"type": "Feature", "geometry": {"type": "LineString", "coordinates": [[106.6939566, 10.7784491], [106.6949909, 10.7795752]]}, "properties": {"speed": 19.806425094604492, "congestion": 5.5441508293151855}}, {"type": "Feature", "geometry": {"type": "LineString", "coordinates": [[106.6793152, 10.7870989], [106.6782882, 10.7876317]]}, "properties": {"speed": 27.440540313720703, "congestion": 4.197763442993164}}, {"type": "Feature", "geometry": {"type": "LineString", "coordinates": [[106.6891758, 10.7782562], [106.6880944, 10.7771139]]}, "properties": {"speed": 24.865623474121094, "congestion": 4.1375627517700195}}, {"type": "Feature", "geometry": {"type": "LineString", "coordinates": [[106.6891758, 10.7782562], [106.6883468, 10.7790111]]}, "properties": {"speed": 23.908153533935547, "congestion": 4.061152458190918}}, {"type": "Feature", "geometry": {"type": "LineString", "coordinates": [[106.6872327, 10.7894085], [106.6887654, 10.7882102]]}, "properties": {"speed": 28.14419174194336, "congestion": 4.3098554611206055}}, {"type": "Feature", "geometry": {"type": "LineString", "coordinates": [[106.6872327, 10.7894085], [106.6863677, 10.7902169]]}, "properties": {"speed": 21.284629821777344, "congestion": 4.454006671905518}}, {"type": "Feature", "geometry": {"type": "LineString", "coordinates": [[106.6991415, 10.7900834], [106.6996967, 10.790659]]}, "properties": {"speed": 19.17916488647461, "congestion": 3.8493919372558594}}, {"type": "Feature", "geometry": {"type": "LineString", "coordinates": [[106.6991415, 10.7900834], [106.6985385, 10.7894352]]}, "properties": {"speed": 20.681598663330078, "congestion": 5.242513656616211}}, {"type": "Feature", "geometry": {"type": "LineString", "coordinates": [[106.6991415, 10.7900834], [106.6985715, 10.790598]]}, "properties": {"speed": 20.699989318847656, "congestion": 3.3952646255493164}}, {"type": "Feature", "geometry": {"type": "LineString", "coordinates": [[106.7001939, 10.7891062], [106.6995877, 10.7884681]]}, "properties": {"speed": 11.670832633972168, "congestion": 6.2482008934021}}, {"type": "Feature", "geometry": {"type": "LineString", "coordinates": [[106.6911349, 10.791062], [106.6914925, 10.7919098]]}, "properties": {"speed": 21.710952758789062, "congestion": 4.597789764404297}}, {"type": "Feature", "geometry": {"type": "LineString", "coordinates": [[106.6911349, 10.791062], [106.6900344, 10.789409]]}, "properties": {"speed": 21.722688674926758, "congestion": 4.598963260650635}}, {"type": "Feature", "geometry": {"type": "LineString", "coordinates": [[106.6911349, 10.791062], [106.6915293, 10.7908731]]}, "properties": {"speed": 20.651721954345703, "congestion": 4.079986095428467}}, {"type": "Feature", "geometry": {"type": "LineString", "coordinates": [[106.6843876, 10.7681498], [106.6845327, 10.768303]]}, "properties": {"speed": 26.031341552734375, "congestion": 3.8750903606414795}}, {"type": "Feature", "geometry": {"type": "LineString", "coordinates": [[106.6843876, 10.7681498], [106.6842645, 10.768253]]}, "properties": {"speed": 18.83298683166504, "congestion": 5.747434616088867}}, {"type": "Feature", "geometry": {"type": "LineString", "coordinates": [[106.6856697, 10.7715689], [106.6844931, 10.7703109]]}, "properties": {"speed": 17.01584815979004, "congestion": 5.489256381988525}}, {"type": "Feature", "geometry": {"type": "LineString", "coordinates": [[106.6856697, 10.7715689], [106.6863885, 10.7704509]]}, "properties": {"speed": 15.940180778503418, "congestion": 5.667444229125977}}, {"type": "Feature", "geometry": {"type": "LineString", "coordinates": [[106.6856697, 10.7715689], [106.6861052, 10.7720361]]}, "properties": {"speed": 16.3388729095459, "congestion": 5.5234856605529785}}, {"type": "Feature", "geometry": {"type": "LineString", "coordinates": [[106.6856697, 10.7715689], [106.6848113, 10.7728974]]}, "properties": {"speed": 15.873241424560547, "congestion": 5.6284379959106445}}, {"type": "Feature", "geometry": {"type": "LineString", "coordinates": [[106.6782882, 10.7876317], [106.6782468, 10.7881348]]}, "properties": {"speed": 21.64130210876465, "congestion": 4.35640811920166}}, {"type": "Feature", "geometry": {"type": "LineString", "coordinates": [[106.6782882, 10.7876317], [106.6779008, 10.7878291]]}, "properties": {"speed": 21.870594024658203, "congestion": 4.321934223175049}}, {"type": "Feature", "geometry": {"type": "LineString", "coordinates": [[106.6782882, 10.7876317], [106.6797946, 10.7867195]]}, "properties": {"speed": 23.636154174804688, "congestion": 4.32337760925293}}, {"type": "Feature", "geometry": {"type": "LineString", "coordinates": [[106.6782882, 10.7876317], [106.6784141, 10.7857966]]}, "properties": {"speed": 22.90912628173828, "congestion": 4.343871116638184}}, {"type": "Feature", "geometry": {"type": "LineString", "coordinates": [[106.6906189, 10.7769384], [106.6900761, 10.7774342]]}, "properties": {"speed": 18.11591339111328, "congestion": 5.661989688873291}}, {"type": "Feature", "geometry": {"type": "LineString", "coordinates": [[106.6906189, 10.7769384], [106.6895684, 10.7757532]]}, "properties": {"speed": 18.663429260253906, "congestion": 5.733829021453857}}, {"type": "Feature", "geometry": {"type": "LineString", "coordinates": [[106.6895684, 10.7757532], [106.6888264, 10.774973]]}, "properties": {"speed": 24.327774047851562, "congestion": 4.816008567810059}}, {"type": "Feature", "geometry": {"type": "LineString", "coordinates": [[106.6895684, 10.7757532], [106.6905386, 10.7748572]]}, "properties": {"speed": 21.8494815826416, "congestion": 4.907381057739258}}, {"type": "Feature", "geometry": {"type": "LineString", "coordinates": [[106.6907264, 10.7791401], [106.6895501, 10.7802238]]}, "properties": {"speed": 28.012493133544922, "congestion": 3.395735502243042}}, {"type": "Feature", "geometry": {"type": "LineString", "coordinates": [[106.6907264, 10.7791401], [106.6917672, 10.7781848]]}, "properties": {"speed": 18.35417366027832, "congestion": 3.7917840480804443}}, {"type": "Feature", "geometry": {"type": "LineString", "coordinates": [[106.6907264, 10.7791401], [106.6901398, 10.7785259]]}, "properties": {"speed": 27.152257919311523, "congestion": 4.314802169799805}}, {"type": "Feature", "geometry": {"type": "LineString", "coordinates": [[106.7047964, 10.7781081], [106.7053153, 10.7786557]]}, "properties": {"speed": 16.11007308959961, "congestion": 5.260722637176514}}, {"type": "Feature", "geometry": {"type": "LineString", "coordinates": [[106.7047964, 10.7781081], [106.7057341, 10.7772268]]}, "properties": {"speed": 23.42603874206543, "congestion": 5.226635932922363}}, {"type": "Feature", "geometry": {"type": "LineString", "coordinates": [[106.6978569, 10.784656], [106.6986683, 10.7855174]]}, "properties": {"speed": 20.284637451171875, "congestion": 4.767034530639648}}, {"type": "Feature", "geometry": {"type": "LineString", "coordinates": [[106.6978569, 10.784656], [106.697051, 10.7838024]]}, "properties": {"speed": 19.799301147460938, "congestion": 4.96966552734375}}, {"type": "Feature", "geometry": {"type": "LineString", "coordinates": [[106.6978569, 10.784656], [106.6973003, 10.7851707]]}, "properties": {"speed": 26.26597785949707, "congestion": 3.630061626434326}}, {"type": "Feature", "geometry": {"type": "LineString", "coordinates": [[106.6986683, 10.7855174], [106.6978569, 10.784656]]}, "properties": {"speed": 28.37245750427246, "congestion": 4.407319068908691}}, {"type": "Feature", "geometry": {"type": "LineString", "coordinates": [[106.6986683, 10.7855174], [106.6996774, 10.78457]]}, "properties": {"speed": 23.511598587036133, "congestion": 5.117795467376709}}, {"type": "Feature", "geometry": {"type": "LineString", "coordinates": [[106.7056516, 10.7736801], [106.7050529, 10.7730152]]}, "properties": {"speed": 19.795827865600586, "congestion": 4.504665851593018}}, {"type": "Feature", "geometry": {"type": "LineString", "coordinates": [[106.7056516, 10.7736801], [106.706182, 10.7747161]]}, "properties": {"speed": 24.55402183532715, "congestion": 3.7291836738586426}}, {"type": "Feature", "geometry": {"type": "LineString", "coordinates": [[106.7056516, 10.7736801], [106.7064008, 10.7729853]]}, "properties": {"speed": 30.549400329589844, "congestion": 3.3471732139587402}}, {"type": "Feature", "geometry": {"type": "LineString", "coordinates": [[106.7045538, 10.7783352], [106.7047964, 10.7781081]]}, "properties": {"speed": 17.886098861694336, "congestion": 5.25952672958374}}, {"type": "Feature", "geometry": {"type": "LineString", "coordinates": [[106.7045538, 10.7783352], [106.7038862, 10.7776192]]}, "properties": {"speed": 13.757640838623047, "congestion": 5.89224100112915}}, {"type": "Feature", "geometry": {"type": "LineString", "coordinates": [[106.7050579, 10.7788759], [106.7045538, 10.7783352]]}, "properties": {"speed": 17.11631965637207, "congestion": 5.199869155883789}}, {"type": "Feature", "geometry": {"type": "LineString", "coordinates": [[106.7050579, 10.7788759], [106.7045988, 10.7792703]]}, "properties": {"speed": 16.314239501953125, "congestion": 6.380094528198242}}, {"type": "Feature", "geometry": {"type": "LineString", "coordinates": [[106.6948334, 10.781467], [106.6939507, 10.7805422]]}, "properties": {"speed": 23.13098907470703, "congestion": 4.428717613220215}}, {"type": "Feature", "geometry": {"type": "LineString", "coordinates": [[106.6948334, 10.781467], [106.6938041, 10.78238]]}, "properties": {"speed": 19.737239837646484, "congestion": 5.453855514526367}}, {"type": "Feature", "geometry": {"type": "LineString", "coordinates": [[106.7045966, 10.7818313], [106.7053602, 10.7813583]]}, "properties": {"speed": 14.55972671508789, "congestion": 4.0211501121521}}, {"type": "Feature", "geometry": {"type": "LineString", "coordinates": [[106.7045966, 10.7818313], [106.7040685, 10.7823083]]}, "properties": {"speed": 21.509721755981445, "congestion": 4.52789306640625}}, {"type": "Feature", "geometry": {"type": "LineString", "coordinates": [[106.7045966, 10.7818313], [106.7055038, 10.7828182]]}, "properties": {"speed": 24.560007095336914, "congestion": 3.8476006984710693}}, {"type": "Feature", "geometry": {"type": "LineString", "coordinates": [[106.6969717, 10.7817005], [106.6962441, 10.7823656]]}, "properties": {"speed": 26.080902099609375, "congestion": 3.722957134246826}}, {"type": "Feature", "geometry": {"type": "LineString", "coordinates": [[106.6969717, 10.7817005], [106.697816, 10.7809287]]}, "properties": {"speed": 21.073612213134766, "congestion": 4.256787300109863}}, {"type": "Feature", "geometry": {"type": "LineString", "coordinates": [[106.6969717, 10.7817005], [106.6981158, 10.782881]]}, "properties": {"speed": 15.243922233581543, "congestion": 5.5997233390808105}}, {"type": "Feature", "geometry": {"type": "LineString", "coordinates": [[106.7050349, 10.7872252], [106.7079426, 10.7845334]]}, "properties": {"speed": 22.019447326660156, "congestion": 5.229471683502197}}, {"type": "Feature", "geometry": {"type": "LineString", "coordinates": [[106.7017473, 10.7826605], [106.7014332, 10.7814769]]}, "properties": {"speed": 13.884722709655762, "congestion": 5.860964298248291}}, {"type": "Feature", "geometry": {"type": "LineString", "coordinates": [[106.7017473, 10.7826605], [106.7012045, 10.7831604]]}, "properties": {"speed": 15.297219276428223, "congestion": 5.564222812652588}}, {"type": "Feature", "geometry": {"type": "LineString", "coordinates": [[106.7053602, 10.7813583], [106.7045966, 10.7818313]]}, "properties": {"speed": 23.587722778320312, "congestion": 4.984633445739746}}, {"type": "Feature", "geometry": {"type": "LineString", "coordinates": [[106.7053602, 10.7813583], [106.7045468, 10.7804132]]}, "properties": {"speed": 20.127838134765625, "congestion": 6.453887939453125}}, {"type": "Feature", "geometry": {"type": "LineString", "coordinates": [[106.7055219, 10.7761461], [106.7048401, 10.775427]]}, "properties": {"speed": 21.02222442626953, "congestion": 2.9527344703674316}}, {"type": "Feature", "geometry": {"type": "LineString", "coordinates": [[106.7055219, 10.7761461], [106.7050971, 10.7765349]]}, "properties": {"speed": 15.221179962158203, "congestion": 5.837848663330078}}, {"type": "Feature", "geometry": {"type": "LineString", "coordinates": [[106.7055219, 10.7761461], [106.7060029, 10.7757236]]}, "properties": {"speed": 22.251388549804688, "congestion": 4.119680881500244}}, {"type": "Feature", "geometry": {"type": "LineString", "coordinates": [[106.6958631, 10.7918359], [106.6950133, 10.7909894]]}, "properties": {"speed": 22.34549331665039, "congestion": 4.293025970458984}}, {"type": "Feature", "geometry": {"type": "LineString", "coordinates": [[106.6958631, 10.7918359], [106.6932665, 10.7917238]]}, "properties": {"speed": 20.93745994567871, "congestion": 4.175052642822266}}, {"type": "Feature", "geometry": {"type": "LineString", "coordinates": [[106.6958631, 10.7918359], [106.6959446, 10.7918334]]}, "properties": {"speed": 21.842464447021484, "congestion": 4.382803440093994}}, {"type": "Feature", "geometry": {"type": "LineString", "coordinates": [[106.6874992, 10.791433], [106.6877407, 10.7912438]]}, "properties": {"speed": 16.529951095581055, "congestion": 5.320492267608643}}, {"type": "Feature", "geometry": {"type": "LineString", "coordinates": [[106.6874992, 10.791433], [106.6871727, 10.7916957]]}, "properties": {"speed": 27.750295639038086, "congestion": 4.017551898956299}}, {"type": "Feature", "geometry": {"type": "LineString", "coordinates": [[106.6938219, 10.7897832], [106.692228, 10.7905308]]}, "properties": {"speed": 25.1562557220459, "congestion": 7.802890300750732}}, {"type": "Feature", "geometry": {"type": "LineString", "coordinates": [[106.6938219, 10.7897832], [106.691964, 10.7879022]]}, "properties": {"speed": 24.06722640991211, "congestion": 8.109823226928711}}, {"type": "Feature", "geometry": {"type": "LineString", "coordinates": [[106.6966359, 10.7894816], [106.6970284, 10.7898831]]}, "properties": {"speed": 20.006248474121094, "congestion": 4.657583236694336}}, {"type": "Feature", "geometry": {"type": "LineString", "coordinates": [[106.6986819, 10.7915737], [106.6996967, 10.790659]]}, "properties": {"speed": 30.22812271118164, "congestion": 3.4832890033721924}}, {"type": "Feature", "geometry": {"type": "LineString", "coordinates": [[106.6986819, 10.7915737], [106.6993394, 10.7921292]]}, "properties": {"speed": 27.02482795715332, "congestion": 3.557236909866333}}, {"type": "Feature", "geometry": {"type": "LineString", "coordinates": [[106.7015127, 10.7904945], [106.7012589, 10.7907263]]}, "properties": {"speed": 23.98446273803711, "congestion": 4.679943561553955}}, {"type": "Feature", "geometry": {"type": "LineString", "coordinates": [[106.7015127, 10.7904945], [106.7027569, 10.7918269]]}, "properties": {"speed": 23.98446273803711, "congestion": 4.679943561553955}}, {"type": "Feature", "geometry": {"type": "LineString", "coordinates": [[106.7015127, 10.7904945], [106.7010996, 10.7900597]]}, "properties": {"speed": 22.514816284179688, "congestion": 4.287549018859863}}, {"type": "Feature", "geometry": {"type": "LineString", "coordinates": [[106.7015127, 10.7904945], [106.7029041, 10.7892029]]}, "properties": {"speed": 25.992013931274414, "congestion": 4.945291996002197}}, {"type": "Feature", "geometry": {"type": "LineString", "coordinates": [[106.7035437, 10.7886056], [106.7045046, 10.7896217]]}, "properties": {"speed": 22.70677375793457, "congestion": 4.370077133178711}}, {"type": "Feature", "geometry": {"type": "LineString", "coordinates": [[106.7035437, 10.7886056], [106.7034951, 10.7886488]]}, "properties": {"speed": 20.665626525878906, "congestion": 4.613203048706055}}, {"type": "Feature", "geometry": {"type": "LineString", "coordinates": [[106.7035437, 10.7886056], [106.7049776, 10.7872782]]}, "properties": {"speed": 23.424217224121094, "congestion": 5.003845691680908}}, {"type": "Feature", "geometry": {"type": "LineString", "coordinates": [[106.6996774, 10.78457], [106.7008703, 10.7858296]]}, "properties": {"speed": 19.53306007385254, "congestion": 5.629471302032471}}, {"type": "Feature", "geometry": {"type": "LineString", "coordinates": [[106.6996774, 10.78457], [106.7011503, 10.7832096]]}, "properties": {"speed": 18.321308135986328, "congestion": 5.38245153427124}}, {"type": "Feature", "geometry": {"type": "LineString", "coordinates": [[106.6996774, 10.78457], [106.6990912, 10.7839445]]}, "properties": {"speed": 18.732091903686523, "congestion": 5.282444000244141}}, {"type": "Feature", "geometry": {"type": "LineString", "coordinates": [[106.6977273, 10.7885752], [106.6966403, 10.7873909]]}, "properties": {"speed": 15.00555419921875, "congestion": 3.9612159729003906}}, {"type": "Feature", "geometry": {"type": "LineString", "coordinates": [[106.6967184, 10.7926663], [106.6973503, 10.7926151]]}, "properties": {"speed": 19.338607788085938, "congestion": 4.314574241638184}}, {"type": "Feature", "geometry": {"type": "LineString", "coordinates": [[106.6967184, 10.7926663], [106.6966416, 10.7911563]]}, "properties": {"speed": 18.200172424316406, "congestion": 4.542204856872559}}, {"type": "Feature", "geometry": {"type": "LineString", "coordinates": [[106.6967184, 10.7926663], [106.6963155, 10.7926929]]}, "properties": {"speed": 20.96966552734375, "congestion": 4.328629016876221}}, {"type": "Feature", "geometry": {"type": "LineString", "coordinates": [[106.6972026, 10.7890472], [106.6977273, 10.7885752]]}, "properties": {"speed": 15.00555419921875, "congestion": 3.9612159729003906}}, {"type": "Feature", "geometry": {"type": "LineString", "coordinates": [[106.6966416, 10.7911563], [106.6967184, 10.7926663]]}, "properties": {"speed": 17.751388549804688, "congestion": 4.049027442932129}}, {"type": "Feature", "geometry": {"type": "LineString", "coordinates": [[106.6966416, 10.7911563], [106.6962001, 10.7915964]]}, "properties": {"speed": 23.67395782470703, "congestion": 3.755002021789551}}, {"type": "Feature", "geometry": {"type": "LineString", "coordinates": [[106.6901398, 10.7785259], [106.6895565, 10.7779086]]}, "properties": {"speed": 14.01388931274414, "congestion": 5.621017932891846}}, {"type": "Feature", "geometry": {"type": "LineString", "coordinates": [[106.688964, 10.7796331], [106.6895501, 10.7802238]]}, "properties": {"speed": 20.021930694580078, "congestion": 3.8255484104156494}}, {"type": "Feature", "geometry": {"type": "LineString", "coordinates": [[106.688964, 10.7796331], [106.6901398, 10.7785259]]}, "properties": {"speed": 22.29132843017578, "congestion": 3.7015597820281982}}, {"type": "Feature", "geometry": {"type": "LineString", "coordinates": [[106.688964, 10.7796331], [106.6883468, 10.7790111]]}, "properties": {"speed": 21.790637969970703, "congestion": 3.6972596645355225}}, {"type": "Feature", "geometry": {"type": "LineString", "coordinates": [[106.6858246, 10.7755933], [106.686457, 10.7765016]]}, "properties": {"speed": 25.85651206970215, "congestion": 4.46525239944458}}, {"type": "Feature", "geometry": {"type": "LineString", "coordinates": [[106.6858246, 10.7755933], [106.6852571, 10.7758973]]}, "properties": {"speed": 24.310993194580078, "congestion": 4.7215447425842285}}, {"type": "Feature", "geometry": {"type": "LineString", "coordinates": [[106.7048401, 10.775427], [106.7043426, 10.7749051]]}, "properties": {"speed": 19.315271377563477, "congestion": 6.061281204223633}}, {"type": "Feature", "geometry": {"type": "LineString", "coordinates": [[106.7048401, 10.775427], [106.7055219, 10.7761461]]}, "properties": {"speed": 20.51735496520996, "congestion": 5.414111137390137}}, {"type": "Feature", "geometry": {"type": "LineString", "coordinates": [[106.7048401, 10.775427], [106.7058247, 10.7753411]]}, "properties": {"speed": 20.602771759033203, "congestion": 5.484262943267822}}, {"type": "Feature", "geometry": {"type": "LineString", "coordinates": [[106.6912726, 10.7928217], [106.6909982, 10.7943813]]}, "properties": {"speed": 21.86686897277832, "congestion": 4.269895076751709}}, {"type": "Feature", "geometry": {"type": "LineString", "coordinates": [[106.6912726, 10.7928217], [106.6914925, 10.7919098]]}, "properties": {"speed": 21.82393455505371, "congestion": 4.29243278503418}}, {"type": "Feature", "geometry": {"type": "LineString", "coordinates": [[106.6912726, 10.7928217], [106.6897163, 10.7925414]]}, "properties": {"speed": 21.82393455505371, "congestion": 4.29243278503418}}, {"type": "Feature", "geometry": {"type": "LineString", "coordinates": [[106.6907681, 10.7888242], [106.6910676, 10.7885911]]}, "properties": {"speed": 17.910764694213867, "congestion": 9.18307113647461}}, {"type": "Feature", "geometry": {"type": "LineString", "coordinates": [[106.6907681, 10.7888242], [106.6913984, 10.7895785]]}, "properties": {"speed": 18.918577194213867, "congestion": 7.801972389221191}}, {"type": "Feature", "geometry": {"type": "LineString", "coordinates": [[106.6907681, 10.7888242], [106.6900344, 10.789409]]}, "properties": {"speed": 17.79753875732422, "congestion": 6.732218265533447}}, {"type": "Feature", "geometry": {"type": "LineString", "coordinates": [[106.6914925, 10.7919098], [106.6936951, 10.7923255]]}, "properties": {"speed": 20.209056854248047, "congestion": 4.925747871398926}}, {"type": "Feature", "geometry": {"type": "LineString", "coordinates": [[106.6914925, 10.7919098], [106.6911349, 10.791062]]}, "properties": {"speed": 20.203882217407227, "congestion": 4.855939865112305}}, {"type": "Feature", "geometry": {"type": "LineString", "coordinates": [[106.6914925, 10.7919098], [106.6912726, 10.7928217]]}, "properties": {"speed": 20.254905700683594, "congestion": 5.051487445831299}}, {"type": "Feature", "geometry": {"type": "LineString", "coordinates": [[106.6914925, 10.7919098], [106.6898524, 10.7916682]]}, "properties": {"speed": 20.68159294128418, "congestion": 4.958935260772705}}, {"type": "Feature", "geometry": {"type": "LineString", "coordinates": [[106.6932665, 10.7917238], [106.6935069, 10.7914841]]}, "properties": {"speed": 24.620027542114258, "congestion": 6.545467853546143}}, {"type": "Feature", "geometry": {"type": "LineString", "coordinates": [[106.6932665, 10.7917238], [106.6919592, 10.7916675]]}, "properties": {"speed": 23.367454528808594, "congestion": 5.855063438415527}}, {"type": "Feature", "geometry": {"type": "LineString", "coordinates": [[106.692228, 10.7905308], [106.6913984, 10.7895785]]}, "properties": {"speed": 19.470487594604492, "congestion": 4.309714317321777}}, {"type": "Feature", "geometry": {"type": "LineString", "coordinates": [[106.692228, 10.7905308], [106.6915293, 10.7908731]]}, "properties": {"speed": 17.5, "congestion": 3.703808307647705}}, {"type": "Feature", "geometry": {"type": "LineString", "coordinates": [[106.7004476, 10.791466], [106.7012589, 10.7907263]]}, "properties": {"speed": 20.67962646484375, "congestion": 4.772109508514404}}, {"type": "Feature", "geometry": {"type": "LineString", "coordinates": [[106.7004476, 10.791466], [106.700172, 10.7917269]]}, "properties": {"speed": 20.477767944335938, "congestion": 5.504587173461914}}, {"type": "Feature", "geometry": {"type": "LineString", "coordinates": [[106.7004476, 10.791466], [106.6996967, 10.790659]]}, "properties": {"speed": 19.01390266418457, "congestion": 4.166589260101318}}, {"type": "Feature", "geometry": {"type": "LineString", "coordinates": [[106.6945471, 10.7905173], [106.6943047, 10.7902719]]}, "properties": {"speed": 26.044963836669922, "congestion": 4.229771614074707}}, {"type": "Feature", "geometry": {"type": "LineString", "coordinates": [[106.6945471, 10.7905173], [106.6940434, 10.7909857]]}, "properties": {"speed": 27.05138397216797, "congestion": 4.3512864112854}}, {"type": "Feature", "geometry": {"type": "LineString", "coordinates": [[106.7004492, 10.7823516], [106.700811, 10.7827374]]}, "properties": {"speed": 14.959721565246582, "congestion": 6.893669128417969}}, {"type": "Feature", "geometry": {"type": "LineString", "coordinates": [[106.7055963, 10.7816326], [106.7053602, 10.7813583]]}, "properties": {"speed": 24.02228355407715, "congestion": 4.261338233947754}}, {"type": "Feature", "geometry": {"type": "LineString", "coordinates": [[106.7064292, 10.7810366], [106.7059614, 10.7813708]]}, "properties": {"speed": 28.656944274902344, "congestion": 3.2467539310455322}}, {"type": "Feature", "geometry": {"type": "LineString", "coordinates": [[106.7069926, 10.7805129], [106.7064292, 10.7810366]]}, "properties": {"speed": 28.656944274902344, "congestion": 3.2467539310455322}}, {"type": "Feature", "geometry": {"type": "LineString", "coordinates": [[106.7069926, 10.7805129], [106.70774, 10.7801286]]}, "properties": {"speed": 15.983344078063965, "congestion": 3.929013967514038}}, {"type": "Feature", "geometry": {"type": "LineString", "coordinates": [[106.6853982, 10.7774209], [106.6848872, 10.7778559]]}, "properties": {"speed": 11.528125762939453, "congestion": 4.708292007446289}}, {"type": "Feature", "geometry": {"type": "LineString", "coordinates": [[106.6853982, 10.7774209], [106.6861495, 10.7767966]]}, "properties": {"speed": 17.069448471069336, "congestion": 4.1281633377075195}}, {"type": "Feature", "geometry": {"type": "LineString", "coordinates": [[106.686457, 10.7765016], [106.6861495, 10.7767966]]}, "properties": {"speed": 14.797219276428223, "congestion": 4.569461345672607}}, {"type": "Feature", "geometry": {"type": "LineString", "coordinates": [[106.6933006, 10.7860641], [106.6936817, 10.7864593]]}, "properties": {"speed": 16.662673950195312, "congestion": 5.511267185211182}}, {"type": "Feature", "geometry": {"type": "LineString", "coordinates": [[106.6830576, 10.7789053], [106.6839633, 10.7783866]]}, "properties": {"speed": 11.487494468688965, "congestion": 4.729262828826904}}, {"type": "Feature", "geometry": {"type": "LineString", "coordinates": [[106.6830576, 10.7789053], [106.6828682, 10.7790149]]}, "properties": {"speed": 16.72153091430664, "congestion": 5.384659767150879}}, {"type": "Feature", "geometry": {"type": "LineString", "coordinates": [[106.6830576, 10.7789053], [106.6828979, 10.7787441]]}, "properties": {"speed": 24.322052001953125, "congestion": 3.687130928039551}}, {"type": "Feature", "geometry": {"type": "LineString", "coordinates": [[106.6841936, 10.7771974], [106.6848872, 10.7778559]]}, "properties": {"speed": 17.630901336669922, "congestion": 4.922873020172119}}, {"type": "Feature", "geometry": {"type": "LineString", "coordinates": [[106.6944476, 10.772146], [106.6948699, 10.7724371]]}, "properties": {"speed": 22.48516082763672, "congestion": 5.0876145362854}}, {"type": "Feature", "geometry": {"type": "LineString", "coordinates": [[106.6935515, 10.7729591], [106.6923274, 10.7720824]]}, "properties": {"speed": 26.754167556762695, "congestion": 3.803279399871826}}, {"type": "Feature", "geometry": {"type": "LineString", "coordinates": [[106.6935515, 10.7729591], [106.6944476, 10.772146]]}, "properties": {"speed": 15.700003623962402, "congestion": 4.016795635223389}}, {"type": "Feature", "geometry": {"type": "LineString", "coordinates": [[106.6961505, 10.7748182], [106.6944794, 10.7736186]]}, "properties": {"speed": 20.440223693847656, "congestion": 4.5558061599731445}}, {"type": "Feature", "geometry": {"type": "LineString", "coordinates": [[106.6961505, 10.7748182], [106.697121, 10.7739958]]}, "properties": {"speed": 19.036828994750977, "congestion": 5.200316429138184}}, {"type": "Feature", "geometry": {"type": "LineString", "coordinates": [[106.7009907, 10.7704049], [106.6999243, 10.7694201]]}, "properties": {"speed": 19.021442413330078, "congestion": 4.956508159637451}}, {"type": "Feature", "geometry": {"type": "LineString", "coordinates": [[106.7009907, 10.7704049], [106.6993107, 10.7704406]]}, "properties": {"speed": 22.918752670288086, "congestion": 3.8876123428344727}}, {"type": "Feature", "geometry": {"type": "LineString", "coordinates": [[106.7009907, 10.7704049], [106.7012764, 10.7706904]]}, "properties": {"speed": 20.902605056762695, "congestion": 4.412310600280762}}, {"type": "Feature", "geometry": {"type": "LineString", "coordinates": [[106.6993107, 10.7704406], [106.6999243, 10.7694201]]}, "properties": {"speed": 20.00901985168457, "congestion": 4.838376045227051}}, {"type": "Feature", "geometry": {"type": "LineString", "coordinates": [[106.6993107, 10.7704406], [106.7009907, 10.7704049]]}, "properties": {"speed": 21.250688552856445, "congestion": 4.144550800323486}}, {"type": "Feature", "geometry": {"type": "LineString", "coordinates": [[106.6993107, 10.7704406], [106.6981019, 10.7693766]]}, "properties": {"speed": 29.81270408630371, "congestion": 4.852711200714111}}, {"type": "Feature", "geometry": {"type": "LineString", "coordinates": [[106.6993107, 10.7704406], [106.6991128, 10.7707699]]}, "properties": {"speed": 23.210304260253906, "congestion": 3.814368724822998}}, {"type": "Feature", "geometry": {"type": "LineString", "coordinates": [[106.6975561, 10.7721929], [106.6971681, 10.7728506]]}, "properties": {"speed": 16.20138168334961, "congestion": 6.701111793518066}}, {"type": "Feature", "geometry": {"type": "LineString", "coordinates": [[106.6975561, 10.7721929], [106.6964406, 10.7715056]]}, "properties": {"speed": 30.599992752075195, "congestion": 5.028043270111084}}, {"type": "Feature", "geometry": {"type": "LineString", "coordinates": [[106.688504, 10.7673972], [106.6889456, 10.7680353]]}, "properties": {"speed": 26.54368782043457, "congestion": 3.737751007080078}}, {"type": "Feature", "geometry": {"type": "LineString", "coordinates": [[106.688504, 10.7673972], [106.687003, 10.7683614]]}, "properties": {"speed": 16.170841217041016, "congestion": 4.02336311340332}}, {"type": "Feature", "geometry": {"type": "LineString", "coordinates": [[106.688504, 10.7673972], [106.6883847, 10.7670904]]}, "properties": {"speed": 21.252086639404297, "congestion": 3.958587646484375}}, {"type": "Feature", "geometry": {"type": "LineString", "coordinates": [[106.6875984, 10.7650042], [106.6874957, 10.7647224]]}, "properties": {"speed": 22.301393508911133, "congestion": 4.064924240112305}}, {"type": "Feature", "geometry": {"type": "LineString", "coordinates": [[106.6875984, 10.7650042], [106.6876217, 10.765068]]}, "properties": {"speed": 22.8170166015625, "congestion": 3.7856407165527344}}, {"type": "Feature", "geometry": {"type": "LineString", "coordinates": [[106.6808694, 10.7801372], [106.6798779, 10.7807539]]}, "properties": {"speed": 19.898338317871094, "congestion": 4.612752914428711}}, {"type": "Feature", "geometry": {"type": "LineString", "coordinates": [[106.6808694, 10.7801372], [106.6816801, 10.7816577]]}, "properties": {"speed": 19.749303817749023, "congestion": 4.696292400360107}}, {"type": "Feature", "geometry": {"type": "LineString", "coordinates": [[106.6808694, 10.7801372], [106.6821552, 10.7794251]]}, "properties": {"speed": 20.512126922607422, "congestion": 4.5219621658325195}}, {"type": "Feature", "geometry": {"type": "LineString", "coordinates": [[106.6898524, 10.7916682], [106.6914925, 10.7919098]]}, "properties": {"speed": 20.863861083984375, "congestion": 4.623597145080566}}, {"type": "Feature", "geometry": {"type": "LineString", "coordinates": [[106.6898524, 10.7916682], [106.6897163, 10.7925414]]}, "properties": {"speed": 20.890331268310547, "congestion": 4.58270263671875}}, {"type": "Feature", "geometry": {"type": "LineString", "coordinates": [[106.6898524, 10.7916682], [106.6883702, 10.7913967]]}, "properties": {"speed": 20.767789840698242, "congestion": 4.686371803283691}}, {"type": "Feature", "geometry": {"type": "LineString", "coordinates": [[106.6880944, 10.7771139], [106.6869866, 10.7759463]]}, "properties": {"speed": 7.899999141693115, "congestion": 4.037027835845947}}, {"type": "Feature", "geometry": {"type": "LineString", "coordinates": [[106.6880944, 10.7771139], [106.6891758, 10.7782562]]}, "properties": {"speed": 7.899999141693115, "congestion": 4.037027835845947}}, {"type": "Feature", "geometry": {"type": "LineString", "coordinates": [[106.6880944, 10.7771139], [106.6884651, 10.7767717]]}, "properties": {"speed": 12.735761642456055, "congestion": 6.16058349609375}}, {"type": "Feature", "geometry": {"type": "LineString", "coordinates": [[106.7031424, 10.7732529], [106.7036705, 10.773838]]}, "properties": {"speed": 17.023841857910156, "congestion": 6.747369766235352}}, {"type": "Feature", "geometry": {"type": "LineString", "coordinates": [[106.7031424, 10.7732529], [106.703913, 10.771863]]}, "properties": {"speed": 18.35462188720703, "congestion": 6.22625207901001}}, {"type": "Feature", "geometry": {"type": "LineString", "coordinates": [[106.7031424, 10.7732529], [106.7028018, 10.7736167]]}, "properties": {"speed": 18.324304580688477, "congestion": 6.317599773406982}}, {"type": "Feature", "geometry": {"type": "LineString", "coordinates": [[106.7018045, 10.7772405], [106.7012198, 10.7765708]]}, "properties": {"speed": 23.968055725097656, "congestion": 3.6864895820617676}}, {"type": "Feature", "geometry": {"type": "LineString", "coordinates": [[106.7018045, 10.7772405], [106.7025647, 10.7765403]]}, "properties": {"speed": 24.097915649414062, "congestion": 4.169534683227539}}, {"type": "Feature", "geometry": {"type": "LineString", "coordinates": [[106.7036705, 10.773838], [106.7048194, 10.7727751]]}, "properties": {"speed": 24.23784637451172, "congestion": 4.76456880569458}}, {"type": "Feature", "geometry": {"type": "LineString", "coordinates": [[106.7036705, 10.773838], [106.7031424, 10.7732529]]}, "properties": {"speed": 17.620819091796875, "congestion": 4.911684036254883}}, {"type": "Feature", "geometry": {"type": "LineString", "coordinates": [[106.6899935, 10.7859074], [106.6883239, 10.7874184]]}, "properties": {"speed": 22.658226013183594, "congestion": 5.246859073638916}}, {"type": "Feature", "geometry": {"type": "LineString", "coordinates": [[106.6899935, 10.7859074], [106.6895565, 10.7854649]]}, "properties": {"speed": 21.7221622467041, "congestion": 5.138071537017822}}, {"type": "Feature", "geometry": {"type": "LineString", "coordinates": [[106.6929429, 10.7814734], [106.6939507, 10.7805422]]}, "properties": {"speed": 13.615452766418457, "congestion": 9.350286483764648}}, {"type": "Feature", "geometry": {"type": "LineString", "coordinates": [[106.6929429, 10.7814734], [106.6918829, 10.7803576]]}, "properties": {"speed": 19.701391220092773, "congestion": 4.196353435516357}}, {"type": "Feature", "geometry": {"type": "LineString", "coordinates": [[106.6839633, 10.7783866], [106.6830576, 10.7789053]]}, "properties": {"speed": 15.190279006958008, "congestion": 4.3979644775390625}}, {"type": "Feature", "geometry": {"type": "LineString", "coordinates": [[106.6839633, 10.7783866], [106.6848872, 10.7778559]]}, "properties": {"speed": 9.123958587646484, "congestion": 6.046895980834961}}, {"type": "Feature", "geometry": {"type": "LineString", "coordinates": [[106.6839633, 10.7783866], [106.6842145, 10.778619]]}, "properties": {"speed": 14.318401336669922, "congestion": 4.636623382568359}}, {"type": "Feature", "geometry": {"type": "LineString", "coordinates": [[106.6968883, 10.7682965], [106.6971334, 10.7677437]]}, "properties": {"speed": 22.027772903442383, "congestion": 3.5086326599121094}}, {"type": "Feature", "geometry": {"type": "LineString", "coordinates": [[106.6968883, 10.7682965], [106.6971744, 10.7685425]]}, "properties": {"speed": 17.06006622314453, "congestion": 4.925845623016357}}, {"type": "Feature", "geometry": {"type": "LineString", "coordinates": [[106.6968883, 10.7682965], [106.6965106, 10.7691375]]}, "properties": {"speed": 17.219093322753906, "congestion": 6.414578914642334}}, {"type": "Feature", "geometry": {"type": "LineString", "coordinates": [[106.7040685, 10.7823083], [106.7026267, 10.7836107]]}, "properties": {"speed": 19.611103057861328, "congestion": 3.730661153793335}}, {"type": "Feature", "geometry": {"type": "LineString", "coordinates": [[106.6940365, 10.7623653], [106.6925614, 10.7610717]]}, "properties": {"speed": 34.71556091308594, "congestion": 3.5031962394714355}}, {"type": "Feature", "geometry": {"type": "LineString", "coordinates": [[106.6940365, 10.7623653], [106.6931694, 10.7635148]]}, "properties": {"speed": 35.014522552490234, "congestion": 3.589202880859375}}, {"type": "Feature", "geometry": {"type": "LineString", "coordinates": [[106.6940365, 10.7623653], [106.6956287, 10.7637226]]}, "properties": {"speed": 36.18702697753906, "congestion": 3.5577452182769775}}, {"type": "Feature", "geometry": {"type": "LineString", "coordinates": [[106.6870194, 10.763365], [106.687691, 10.762927]]}, "properties": {"speed": 31.382986068725586, "congestion": 4.687804222106934}}, {"type": "Feature", "geometry": {"type": "LineString", "coordinates": [[106.6870194, 10.763365], [106.6867776, 10.7629606]]}, "properties": {"speed": 24.028127670288086, "congestion": 4.170332908630371}}, {"type": "Feature", "geometry": {"type": "LineString", "coordinates": [[106.6870194, 10.763365], [106.6872979, 10.7641624]]}, "properties": {"speed": 28.62051010131836, "congestion": 3.8708736896514893}}, {"type": "Feature", "geometry": {"type": "LineString", "coordinates": [[106.6864983, 10.7624784], [106.6853651, 10.7604348]]}, "properties": {"speed": 25.970556259155273, "congestion": 4.188644886016846}}, {"type": "Feature", "geometry": {"type": "LineString", "coordinates": [[106.6864983, 10.7624784], [106.6866339, 10.7627117]]}, "properties": {"speed": 25.123218536376953, "congestion": 4.080287456512451}}, {"type": "Feature", "geometry": {"type": "LineString", "coordinates": [[106.6864983, 10.7624784], [106.6867683, 10.7625665]]}, "properties": {"speed": 25.892377853393555, "congestion": 4.339502334594727}}, {"type": "Feature", "geometry": {"type": "LineString", "coordinates": [[106.702606, 10.7728438], [106.7031424, 10.7732529]]}, "properties": {"speed": 17.98472023010254, "congestion": 3.8842973709106445}}, {"type": "Feature", "geometry": {"type": "LineString", "coordinates": [[106.7018947, 10.7723028], [106.702606, 10.7728438]]}, "properties": {"speed": 24.912508010864258, "congestion": 4.039705276489258}}, {"type": "Feature", "geometry": {"type": "LineString", "coordinates": [[106.7018947, 10.7723028], [106.7014575, 10.7732605]]}, "properties": {"speed": 20.97048568725586, "congestion": 5.836722373962402}}, {"type": "Feature", "geometry": {"type": "LineString", "coordinates": [[106.7001527, 10.7791894], [106.6988748, 10.7803507]]}, "properties": {"speed": 19.33507537841797, "congestion": 7.828762531280518}}, {"type": "Feature", "geometry": {"type": "LineString", "coordinates": [[106.7001527, 10.7791894], [106.6999459, 10.7789593]]}, "properties": {"speed": 20.398441314697266, "congestion": 5.78182315826416}}, {"type": "Feature", "geometry": {"type": "LineString", "coordinates": [[106.6896267, 10.793059], [106.689543, 10.7935629]]}, "properties": {"speed": 20.841663360595703, "congestion": 5.7712931632995605}}, {"type": "Feature", "geometry": {"type": "LineString", "coordinates": [[106.6896267, 10.793059], [106.6877013, 10.7927487]]}, "properties": {"speed": 20.811111450195312, "congestion": 5.69219970703125}}, {"type": "Feature", "geometry": {"type": "LineString", "coordinates": [[106.6896267, 10.793059], [106.6897163, 10.7925414]]}, "properties": {"speed": 20.515745162963867, "congestion": 5.736438751220703}}, {"type": "Feature", "geometry": {"type": "LineString", "coordinates": [[106.6896267, 10.793059], [106.6903029, 10.7932182]]}, "properties": {"speed": 20.811111450195312, "congestion": 5.69219970703125}}, {"type": "Feature", "geometry": {"type": "LineString", "coordinates": [[106.6854156, 10.7812847], [106.683615, 10.782517]]}, "properties": {"speed": 19.850351333618164, "congestion": 3.77610445022583}}, {"type": "Feature", "geometry": {"type": "LineString", "coordinates": [[106.6854156, 10.7812847], [106.6842442, 10.7801026]]}, "properties": {"speed": 22.938369750976562, "congestion": 4.327854156494141}}, {"type": "Feature", "geometry": {"type": "LineString", "coordinates": [[106.6931694, 10.7635148], [106.6946318, 10.7647151]]}, "properties": {"speed": 24.01134490966797, "congestion": 3.899763822555542}}, {"type": "Feature", "geometry": {"type": "LineString", "coordinates": [[106.6931694, 10.7635148], [106.6940365, 10.7623653]]}, "properties": {"speed": 22.65926170349121, "congestion": 3.3556723594665527}}, {"type": "Feature", "geometry": {"type": "LineString", "coordinates": [[106.6931694, 10.7635148], [106.6924232, 10.7644396]]}, "properties": {"speed": 21.276390075683594, "congestion": 3.4564695358276367}}, {"type": "Feature", "geometry": {"type": "LineString", "coordinates": [[106.6931694, 10.7635148], [106.6922534, 10.762757]]}, "properties": {"speed": 22.65926170349121, "congestion": 3.3556723594665527}}, {"type": "Feature", "geometry": {"type": "LineString", "coordinates": [[106.6939507, 10.7805422], [106.6949909, 10.7795752]]}, "properties": {"speed": 14.868574142456055, "congestion": 6.402263641357422}}, {"type": "Feature", "geometry": {"type": "LineString", "coordinates": [[106.6939507, 10.7805422], [106.6934185, 10.7799444]]}, "properties": {"speed": 20.858245849609375, "congestion": 5.108151435852051}}, {"type": "Feature", "geometry": {"type": "LineString", "coordinates": [[106.6880199, 10.7839127], [106.6888468, 10.7831517]]}, "properties": {"speed": 23.914928436279297, "congestion": 3.623769521713257}}, {"type": "Feature", "geometry": {"type": "LineString", "coordinates": [[106.6880199, 10.7839127], [106.6874203, 10.7833077]]}, "properties": {"speed": 25.483366012573242, "congestion": 3.6412763595581055}}, {"type": "Feature", "geometry": {"type": "LineString", "coordinates": [[106.6876762, 10.786401], [106.6876058, 10.7862874]]}, "properties": {"speed": 21.137588500976562, "congestion": 4.746127128601074}}, {"type": "Feature", "geometry": {"type": "LineString", "coordinates": [[106.6876762, 10.786401], [106.6874835, 10.7865765]]}, "properties": {"speed": 23.69615364074707, "congestion": 4.879063606262207}}, {"type": "Feature", "geometry": {"type": "LineString", "coordinates": [[106.683615, 10.782517], [106.682391, 10.7830804]]}, "properties": {"speed": 29.53853988647461, "congestion": 3.7741801738739014}}, {"type": "Feature", "geometry": {"type": "LineString", "coordinates": [[106.683615, 10.782517], [106.683948, 10.7832224]]}, "properties": {"speed": 23.430727005004883, "congestion": 4.355916976928711}}, {"type": "Feature", "geometry": {"type": "LineString", "coordinates": [[106.7041995, 10.7690648], [106.7038154, 10.7699703]]}, "properties": {"speed": 36.28073501586914, "congestion": 3.3613638877868652}}, {"type": "Feature", "geometry": {"type": "LineString", "coordinates": [[106.7041995, 10.7690648], [106.7051609, 10.7694232]]}, "properties": {"speed": 34.591087341308594, "congestion": 3.5877881050109863}}, {"type": "Feature", "geometry": {"type": "LineString", "coordinates": [[106.7041995, 10.7690648], [106.7037384, 10.7688842]]}, "properties": {"speed": 35.52947235107422, "congestion": 3.533175230026245}}, {"type": "Feature", "geometry": {"type": "LineString", "coordinates": [[106.6791161, 10.7819516], [106.6785164, 10.7830427]]}, "properties": {"speed": 21.638343811035156, "congestion": 4.616438865661621}}, {"type": "Feature", "geometry": {"type": "LineString", "coordinates": [[106.6791161, 10.7819516], [106.678744, 10.7808242]]}, "properties": {"speed": 22.104896545410156, "congestion": 4.457247734069824}}, {"type": "Feature", "geometry": {"type": "LineString", "coordinates": [[106.6791161, 10.7819516], [106.679307, 10.7816381]]}, "properties": {"speed": 21.088563919067383, "congestion": 4.351343631744385}}, {"type": "Feature", "geometry": {"type": "LineString", "coordinates": [[106.6897163, 10.7925414], [106.6898524, 10.7916682]]}, "properties": {"speed": 16.59861946105957, "congestion": 4.4370598793029785}}, {"type": "Feature", "geometry": {"type": "LineString", "coordinates": [[106.6897163, 10.7925414], [106.6896267, 10.793059]]}, "properties": {"speed": 17.846355438232422, "congestion": 3.805697441101074}}, {"type": "Feature", "geometry": {"type": "LineString", "coordinates": [[106.6873607, 10.7931702], [106.6876075, 10.7928751]]}, "properties": {"speed": 32.359832763671875, "congestion": 3.4207677841186523}}, {"type": "Feature", "geometry": {"type": "LineString", "coordinates": [[106.6869566, 10.7936875], [106.6868913, 10.793763]]}, "properties": {"speed": 34.232120513916016, "congestion": 3.145336389541626}}, {"type": "Feature", "geometry": {"type": "LineString", "coordinates": [[106.6869566, 10.7936875], [106.6883853, 10.7939515]]}, "properties": {"speed": 34.34339904785156, "congestion": 3.266772508621216}}, {"type": "Feature", "geometry": {"type": "LineString", "coordinates": [[106.6880247, 10.7913566], [106.6878901, 10.7912885]]}, "properties": {"speed": 28.992685317993164, "congestion": 3.8630104064941406}}, {"type": "Feature", "geometry": {"type": "LineString", "coordinates": [[106.7030192, 10.7696265], [106.7025753, 10.7707369]]}, "properties": {"speed": 17.755207061767578, "congestion": 4.224925518035889}}, {"type": "Feature", "geometry": {"type": "LineString", "coordinates": [[106.7030192, 10.7696265], [106.7038154, 10.7699703]]}, "properties": {"speed": 18.96794319152832, "congestion": 4.044811725616455}}, {"type": "Feature", "geometry": {"type": "LineString", "coordinates": [[106.7030192, 10.7696265], [106.7019437, 10.7691427]]}, "properties": {"speed": 17.72974395751953, "congestion": 4.2216362953186035}}, {"type": "Feature", "geometry": {"type": "LineString", "coordinates": [[106.7038154, 10.7699703], [106.7030192, 10.7696265]]}, "properties": {"speed": 17.19999885559082, "congestion": 3.1948578357696533}}, {"type": "Feature", "geometry": {"type": "LineString", "coordinates": [[106.7038154, 10.7699703], [106.7046901, 10.7703541]]}, "properties": {"speed": 37.58743667602539, "congestion": 3.003697395324707}}, {"type": "Feature", "geometry": {"type": "LineString", "coordinates": [[106.7019437, 10.7691427], [106.7007414, 10.7680964]]}, "properties": {"speed": 17.449769973754883, "congestion": 5.502750873565674}}, {"type": "Feature", "geometry": {"type": "LineString", "coordinates": [[106.7019437, 10.7691427], [106.7030192, 10.7696265]]}, "properties": {"speed": 18.84184455871582, "congestion": 4.800846099853516}}, {"type": "Feature", "geometry": {"type": "LineString", "coordinates": [[106.7019437, 10.7691427], [106.7023387, 10.7682131]]}, "properties": {"speed": 35.33103942871094, "congestion": 3.69830584526062}}, {"type": "Feature", "geometry": {"type": "LineString", "coordinates": [[106.6861222, 10.7700336], [106.6871325, 10.7691351]]}, "properties": {"speed": 23.075227737426758, "congestion": 4.478519439697266}}, {"type": "Feature", "geometry": {"type": "LineString", "coordinates": [[106.6861222, 10.7700336], [106.6864301, 10.7703835]]}, "properties": {"speed": 22.926555633544922, "congestion": 4.802211284637451}}, {"type": "Feature", "geometry": {"type": "LineString", "coordinates": [[106.6861222, 10.7700336], [106.68605, 10.7700989]]}, "properties": {"speed": 23.113004684448242, "congestion": 4.537846565246582}}, {"type": "Feature", "geometry": {"type": "LineString", "coordinates": [[106.6779981, 10.792161], [106.6779176, 10.7932746]]}, "properties": {"speed": 16.53675079345703, "congestion": 5.140772819519043}}, {"type": "Feature", "geometry": {"type": "LineString", "coordinates": [[106.6779981, 10.792161], [106.6780728, 10.7908837]]}, "properties": {"speed": 17.428813934326172, "congestion": 4.979537010192871}}, {"type": "Feature", "geometry": {"type": "LineString", "coordinates": [[106.6779981, 10.792161], [106.6784943, 10.7921177]]}, "properties": {"speed": 16.53675079345703, "congestion": 5.140772819519043}}, {"type": "Feature", "geometry": {"type": "LineString", "coordinates": [[106.6779981, 10.792161], [106.6775713, 10.7921048]]}, "properties": {"speed": 17.220800399780273, "congestion": 5.427960395812988}}, {"type": "Feature", "geometry": {"type": "LineString", "coordinates": [[106.6796949, 10.7924553], [106.6799899, 10.7929032]]}, "properties": {"speed": 11.205728530883789, "congestion": 7.281343460083008}}, {"type": "Feature", "geometry": {"type": "LineString", "coordinates": [[106.683905, 10.7898473], [106.6833068, 10.7904178]]}, "properties": {"speed": 32.667213439941406, "congestion": 3.9094724655151367}}, {"type": "Feature", "geometry": {"type": "LineString", "coordinates": [[106.683905, 10.7898473], [106.6840927, 10.7900501]]}, "properties": {"speed": 29.66754150390625, "congestion": 5.1246867179870605}}, {"type": "Feature", "geometry": {"type": "LineString", "coordinates": [[106.6877407, 10.7912438], [106.6874992, 10.791433]]}, "properties": {"speed": 30.701948165893555, "congestion": 3.509233236312866}}, {"type": "Feature", "geometry": {"type": "LineString", "coordinates": [[106.6877407, 10.7912438], [106.6878901, 10.7912885]]}, "properties": {"speed": 22.58749771118164, "congestion": 3.7482502460479736}}, {"type": "Feature", "geometry": {"type": "LineString", "coordinates": [[106.6877407, 10.7912438], [106.6878837, 10.791133]]}, "properties": {"speed": 22.862159729003906, "congestion": 4.068577289581299}}, {"type": "Feature", "geometry": {"type": "LineString", "coordinates": [[106.6900344, 10.789409], [106.6911349, 10.791062]]}, "properties": {"speed": 18.6134090423584, "congestion": 6.089975833892822}}, {"type": "Feature", "geometry": {"type": "LineString", "coordinates": [[106.6900344, 10.789409], [106.6907681, 10.7888242]]}, "properties": {"speed": 18.77631950378418, "congestion": 6.64778995513916}}, {"type": "Feature", "geometry": {"type": "LineString", "coordinates": [[106.6900344, 10.789409], [106.6898071, 10.7895934]]}, "properties": {"speed": 18.135845184326172, "congestion": 6.046182155609131}}, {"type": "Feature", "geometry": {"type": "LineString", "coordinates": [[106.6959458, 10.7670008], [106.6960346, 10.7670484]]}, "properties": {"speed": 22.689964294433594, "congestion": 4.092431545257568}}, {"type": "Feature", "geometry": {"type": "LineString", "coordinates": [[106.6959458, 10.7670008], [106.6963931, 10.7662167]]}, "properties": {"speed": 29.83321762084961, "congestion": 3.7761175632476807}}, {"type": "Feature", "geometry": {"type": "LineString", "coordinates": [[106.6971334, 10.7677437], [106.6968883, 10.7682965]]}, "properties": {"speed": 23.01936149597168, "congestion": 3.4957995414733887}}, {"type": "Feature", "geometry": {"type": "LineString", "coordinates": [[106.6971334, 10.7677437], [106.6972415, 10.7675198]]}, "properties": {"speed": 25.473609924316406, "congestion": 4.708684921264648}}, {"type": "Feature", "geometry": {"type": "LineString", "coordinates": [[106.6971334, 10.7677437], [106.6969333, 10.7676168]]}, "properties": {"speed": 21.494457244873047, "congestion": 4.04481315612793}}, {"type": "Feature", "geometry": {"type": "LineString", "coordinates": [[106.6919592, 10.7916675], [106.6914925, 10.7919098]]}, "properties": {"speed": 16.86892318725586, "congestion": 5.968252182006836}}, {"type": "Feature", "geometry": {"type": "LineString", "coordinates": [[106.6919592, 10.7916675], [106.6915293, 10.7908731]]}, "properties": {"speed": 15.440279006958008, "congestion": 10.558439254760742}}, {"type": "Feature", "geometry": {"type": "LineString", "coordinates": [[106.6915293, 10.7908731], [106.6911349, 10.791062]]}, "properties": {"speed": 17.5, "congestion": 3.703808307647705}}, {"type": "Feature", "geometry": {"type": "LineString", "coordinates": [[106.6915293, 10.7908731], [106.692228, 10.7905308]]}, "properties": {"speed": 19.470487594604492, "congestion": 4.309714317321777}}, {"type": "Feature", "geometry": {"type": "LineString", "coordinates": [[106.6915293, 10.7908731], [106.6919592, 10.7916675]]}, "properties": {"speed": 18.735416412353516, "congestion": 3.83359432220459}}, {"type": "Feature", "geometry": {"type": "LineString", "coordinates": [[106.7041193, 10.7773934], [106.7043473, 10.777634]]}, "properties": {"speed": 21.24126434326172, "congestion": 5.110331058502197}}, {"type": "Feature", "geometry": {"type": "LineString", "coordinates": [[106.7041193, 10.7773934], [106.7038862, 10.7776192]]}, "properties": {"speed": 21.358339309692383, "congestion": 7.39174747467041}}, {"type": "Feature", "geometry": {"type": "LineString", "coordinates": [[106.7010349, 10.7779522], [106.7018045, 10.7772405]]}, "properties": {"speed": 18.981937408447266, "congestion": 4.632838249206543}}, {"type": "Feature", "geometry": {"type": "LineString", "coordinates": [[106.7010349, 10.7779522], [106.702175, 10.7791968]]}, "properties": {"speed": 16.136802673339844, "congestion": 5.253586769104004}}, {"type": "Feature", "geometry": {"type": "LineString", "coordinates": [[106.6948699, 10.7724371], [106.6954284, 10.772787]]}, "properties": {"speed": 16.570833206176758, "congestion": 7.193384647369385}}, {"type": "Feature", "geometry": {"type": "LineString", "coordinates": [[106.6948699, 10.7724371], [106.6952704, 10.7716294]]}, "properties": {"speed": 20.315975189208984, "congestion": 6.547806262969971}}, {"type": "Feature", "geometry": {"type": "LineString", "coordinates": [[106.7050971, 10.7765349], [106.7055219, 10.7761461]]}, "properties": {"speed": 23.952083587646484, "congestion": 4.1929216384887695}}, {"type": "Feature", "geometry": {"type": "LineString", "coordinates": [[106.7050971, 10.7765349], [106.7041193, 10.7773934]]}, "properties": {"speed": 19.837499618530273, "congestion": 5.313000202178955}}, {"type": "Feature", "geometry": {"type": "LineString", "coordinates": [[106.6896689, 10.7823954], [106.6907327, 10.7814155]]}, "properties": {"speed": 15.572221755981445, "congestion": 4.094409465789795}}, {"type": "Feature", "geometry": {"type": "LineString", "coordinates": [[106.6896689, 10.7823954], [106.6900349, 10.7827429]]}, "properties": {"speed": 21.673608779907227, "congestion": 4.742893218994141}}, {"type": "Feature", "geometry": {"type": "LineString", "coordinates": [[106.6827702, 10.7772057], [106.6831766, 10.7776034]]}, "properties": {"speed": 20.8125, "congestion": 3.894901752471924}}, {"type": "Feature", "geometry": {"type": "LineString", "coordinates": [[106.6827702, 10.7772057], [106.6819378, 10.7776602]]}, "properties": {"speed": 25.339174270629883, "congestion": 4.769370079040527}}, {"type": "Feature", "geometry": {"type": "LineString", "coordinates": [[106.6827702, 10.7772057], [106.6831854, 10.7769816]]}, "properties": {"speed": 11.955554962158203, "congestion": 11.688315391540527}}, {"type": "Feature", "geometry": {"type": "LineString", "coordinates": [[106.703913, 10.771863], [106.7048194, 10.7727751]]}, "properties": {"speed": 19.88518524169922, "congestion": 6.125802993774414}}, {"type": "Feature", "geometry": {"type": "LineString", "coordinates": [[106.703913, 10.771863], [106.7031424, 10.7732529]]}, "properties": {"speed": 19.88518524169922, "congestion": 6.125802993774414}}, {"type": "Feature", "geometry": {"type": "LineString", "coordinates": [[106.703913, 10.771863], [106.7043435, 10.7711821]]}, "properties": {"speed": 19.85173797607422, "congestion": 6.079469203948975}}, {"type": "Feature", "geometry": {"type": "LineString", "coordinates": [[106.6981499, 10.7748371], [106.6990186, 10.7740726]]}, "properties": {"speed": 19.415283203125, "congestion": 3.913701057434082}}, {"type": "Feature", "geometry": {"type": "LineString", "coordinates": [[106.6981499, 10.7748371], [106.6990461, 10.7758208]]}, "properties": {"speed": 16.2319393157959, "congestion": 4.640198230743408}}, {"type": "Feature", "geometry": {"type": "LineString", "coordinates": [[106.6981499, 10.7748371], [106.6978099, 10.775165]]}, "properties": {"speed": 22.63751792907715, "congestion": 3.371798515319824}}, {"type": "Feature", "geometry": {"type": "LineString", "coordinates": [[106.6884593, 10.7812471], [106.6896689, 10.7823954]]}, "properties": {"speed": 16.533857345581055, "congestion": 5.057094097137451}}, {"type": "Feature", "geometry": {"type": "LineString", "coordinates": [[106.6884593, 10.7812471], [106.6876492, 10.7819798]]}, "properties": {"speed": 14.863184928894043, "congestion": 3.9460957050323486}}, {"type": "Feature", "geometry": {"type": "LineString", "coordinates": [[106.6884593, 10.7812471], [106.6890494, 10.7807024]]}, "properties": {"speed": 22.361452102661133, "congestion": 3.639230489730835}}, {"type": "Feature", "geometry": {"type": "LineString", "coordinates": [[106.6927888, 10.7855325], [106.6911313, 10.7870592]]}, "properties": {"speed": 19.63264274597168, "congestion": 5.997584342956543}}, {"type": "Feature", "geometry": {"type": "LineString", "coordinates": [[106.6927888, 10.7855325], [106.6933006, 10.7860641]]}, "properties": {"speed": 19.939498901367188, "congestion": 5.918871879577637}}, {"type": "Feature", "geometry": {"type": "LineString", "coordinates": [[106.6927888, 10.7855325], [106.6949277, 10.7835624]]}, "properties": {"speed": 20.32181739807129, "congestion": 6.110240936279297}}, {"type": "Feature", "geometry": {"type": "LineString", "coordinates": [[106.688343, 10.7907571], [106.6884139, 10.7907006]]}, "properties": {"speed": 25.08905792236328, "congestion": 4.3794450759887695}}, {"type": "Feature", "geometry": {"type": "LineString", "coordinates": [[106.688343, 10.7907571], [106.6881596, 10.7909188]]}, "properties": {"speed": 23.286108016967773, "congestion": 4.2473978996276855}}, {"type": "Feature", "geometry": {"type": "LineString", "coordinates": [[106.6852571, 10.7758973], [106.6852154, 10.7758553]]}, "properties": {"speed": 22.418493270874023, "congestion": 5.264289379119873}}, {"type": "Feature", "geometry": {"type": "LineString", "coordinates": [[106.6852571, 10.7758973], [106.6839226, 10.7766202]]}, "properties": {"speed": 23.66649627685547, "congestion": 4.9015398025512695}}, {"type": "Feature", "geometry": {"type": "LineString", "coordinates": [[106.6852571, 10.7758973], [106.6856829, 10.7763265]]}, "properties": {"speed": 18.362491607666016, "congestion": 3.738189697265625}}, {"type": "Feature", "geometry": {"type": "LineString", "coordinates": [[106.6971681, 10.7728506], [106.696004, 10.7720998]]}, "properties": {"speed": 21.753293991088867, "congestion": 5.630529403686523}}, {"type": "Feature", "geometry": {"type": "LineString", "coordinates": [[106.6974183, 10.7671388], [106.6977825, 10.7665187]]}, "properties": {"speed": 22.956951141357422, "congestion": 3.632333993911743}}, {"type": "Feature", "geometry": {"type": "LineString", "coordinates": [[106.6974183, 10.7671388], [106.6972415, 10.7675198]]}, "properties": {"speed": 23.059022903442383, "congestion": 3.6391987800598145}}, {"type": "Feature", "geometry": {"type": "LineString", "coordinates": [[106.6974183, 10.7671388], [106.6980079, 10.7676585]]}, "properties": {"speed": 20.099985122680664, "congestion": 3.002964496612549}}, {"type": "Feature", "geometry": {"type": "LineString", "coordinates": [[106.696004, 10.7720998], [106.6954284, 10.772787]]}, "properties": {"speed": 18.891477584838867, "congestion": 5.668932914733887}}, {"type": "Feature", "geometry": {"type": "LineString", "coordinates": [[106.696004, 10.7720998], [106.6952704, 10.7716294]]}, "properties": {"speed": 19.77022933959961, "congestion": 5.791762351989746}}, {"type": "Feature", "geometry": {"type": "LineString", "coordinates": [[106.6976491, 10.7731556], [106.6971681, 10.7728506]]}, "properties": {"speed": 21.47404670715332, "congestion": 4.522818565368652}}, {"type": "Feature", "geometry": {"type": "LineString", "coordinates": [[106.6976491, 10.7731556], [106.697121, 10.7739958]]}, "properties": {"speed": 19.303462982177734, "congestion": 4.48943567276001}}, {"type": "Feature", "geometry": {"type": "LineString", "coordinates": [[106.6966403, 10.7873909], [106.6976719, 10.7864515]]}, "properties": {"speed": 20.73155975341797, "congestion": 4.696322441101074}}, {"type": "Feature", "geometry": {"type": "LineString", "coordinates": [[106.6966403, 10.7873909], [106.6977273, 10.7885752]]}, "properties": {"speed": 21.52096939086914, "congestion": 4.799514293670654}}, {"type": "Feature", "geometry": {"type": "LineString", "coordinates": [[106.6966403, 10.7873909], [106.6957919, 10.7865655]]}, "properties": {"speed": 20.365100860595703, "congestion": 4.624689102172852}}, {"type": "Feature", "geometry": {"type": "LineString", "coordinates": [[106.6889932, 10.7762842], [106.6900761, 10.7774342]]}, "properties": {"speed": 16.200002670288086, "congestion": 3.335552930831909}}, {"type": "Feature", "geometry": {"type": "LineString", "coordinates": [[106.6889932, 10.7762842], [106.6895684, 10.7757532]]}, "properties": {"speed": 13.767014503479004, "congestion": 6.738851547241211}}, {"type": "Feature", "geometry": {"type": "LineString", "coordinates": [[106.6981229, 10.791006], [106.6986819, 10.7915737]]}, "properties": {"speed": 28.49639892578125, "congestion": 3.917414426803589}}, {"type": "Feature", "geometry": {"type": "LineString", "coordinates": [[106.6981229, 10.791006], [106.6985715, 10.790598]]}, "properties": {"speed": 24.63597869873047, "congestion": 4.842617988586426}}, {"type": "Feature", "geometry": {"type": "LineString", "coordinates": [[106.7014575, 10.7732605], [106.7010766, 10.7741609]]}, "properties": {"speed": 18.167362213134766, "congestion": 6.365182876586914}}, {"type": "Feature", "geometry": {"type": "LineString", "coordinates": [[106.6957919, 10.7865655], [106.6947379, 10.7875402]]}, "properties": {"speed": 20.765365600585938, "congestion": 3.649031639099121}}, {"type": "Feature", "geometry": {"type": "LineString", "coordinates": [[106.6957919, 10.7865655], [106.6966403, 10.7873909]]}, "properties": {"speed": 12.806938171386719, "congestion": 4.99728536605835}}, {"type": "Feature", "geometry": {"type": "LineString", "coordinates": [[106.6957919, 10.7865655], [106.6948657, 10.7855772]]}, "properties": {"speed": 23.081953048706055, "congestion": 3.3557446002960205}}, {"type": "Feature", "geometry": {"type": "LineString", "coordinates": [[106.6996967, 10.790659], [106.6991415, 10.7900834]]}, "properties": {"speed": 13.545827865600586, "congestion": 3.1734135150909424}}, {"type": "Feature", "geometry": {"type": "LineString", "coordinates": [[106.6996967, 10.790659], [106.6986819, 10.7915737]]}, "properties": {"speed": 13.545827865600586, "congestion": 3.1734135150909424}}, {"type": "Feature", "geometry": {"type": "LineString", "coordinates": [[106.6996967, 10.790659], [106.7004476, 10.791466]]}, "properties": {"speed": 10.780211448669434, "congestion": 5.710644721984863}}, {"type": "Feature", "geometry": {"type": "LineString", "coordinates": [[106.6996967, 10.790659], [106.7007533, 10.7896952]]}, "properties": {"speed": 14.343059539794922, "congestion": 3.7403717041015625}}, {"type": "Feature", "geometry": {"type": "LineString", "coordinates": [[106.6948657, 10.7855772], [106.6957919, 10.7865655]]}, "properties": {"speed": 22.24331283569336, "congestion": 6.222656726837158}}, {"type": "Feature", "geometry": {"type": "LineString", "coordinates": [[106.6948657, 10.7855772], [106.6959835, 10.7846634]]}, "properties": {"speed": 20.756996154785156, "congestion": 5.749241828918457}}, {"type": "Feature", "geometry": {"type": "LineString", "coordinates": [[106.6948657, 10.7855772], [106.6943467, 10.7860406]]}, "properties": {"speed": 21.429473876953125, "congestion": 6.319236755371094}}, {"type": "Feature", "geometry": {"type": "LineString", "coordinates": [[106.6832774, 10.7690486], [106.6839014, 10.769713]]}, "properties": {"speed": 22.31543731689453, "congestion": 5.0461297035217285}}, {"type": "Feature", "geometry": {"type": "LineString", "coordinates": [[106.6832774, 10.7690486], [106.6835914, 10.768784]]}, "properties": {"speed": 21.85517692565918, "congestion": 5.4010009765625}}, {"type": "Feature", "geometry": {"type": "LineString", "coordinates": [[106.6832774, 10.7690486], [106.6821231, 10.7700561]]}, "properties": {"speed": 20.835039138793945, "congestion": 5.187990665435791}}, {"type": "Feature", "geometry": {"type": "LineString", "coordinates": [[106.6932877, 10.7686677], [106.6939962, 10.7674234]]}, "properties": {"speed": 20.687694549560547, "congestion": 5.264267444610596}}, {"type": "Feature", "geometry": {"type": "LineString", "coordinates": [[106.6932877, 10.7686677], [106.6946504, 10.769207]]}, "properties": {"speed": 19.80228614807129, "congestion": 5.689123630523682}}, {"type": "Feature", "geometry": {"type": "LineString", "coordinates": [[106.6852701, 10.7886239], [106.6863677, 10.7902169]]}, "properties": {"speed": 26.350563049316406, "congestion": 4.283331871032715}}, {"type": "Feature", "geometry": {"type": "LineString", "coordinates": [[106.6852701, 10.7886239], [106.6841839, 10.7895944]]}, "properties": {"speed": 29.51893424987793, "congestion": 3.562194347381592}}, {"type": "Feature", "geometry": {"type": "LineString", "coordinates": [[106.6852701, 10.7886239], [106.6852127, 10.7884963]]}, "properties": {"speed": 23.760894775390625, "congestion": 5.0691399574279785}}, {"type": "Feature", "geometry": {"type": "LineString", "coordinates": [[106.6863923, 10.7752884], [106.6869866, 10.7759463]]}, "properties": {"speed": 24.458675384521484, "congestion": 4.616837024688721}}, {"type": "Feature", "geometry": {"type": "LineString", "coordinates": [[106.6863923, 10.7752884], [106.6858246, 10.7755933]]}, "properties": {"speed": 25.282459259033203, "congestion": 4.360217571258545}}, {"type": "Feature", "geometry": {"type": "LineString", "coordinates": [[106.6863923, 10.7752884], [106.6863514, 10.7752429]]}, "properties": {"speed": 12.501911163330078, "congestion": 6.376847267150879}}, {"type": "Feature", "geometry": {"type": "LineString", "coordinates": [[106.6918829, 10.7803576], [106.6929296, 10.7793943]]}, "properties": {"speed": 15.45138931274414, "congestion": 4.7943620681762695}}, {"type": "Feature", "geometry": {"type": "LineString", "coordinates": [[106.6918829, 10.7803576], [106.6907264, 10.7791401]]}, "properties": {"speed": 19.628129959106445, "congestion": 3.9570627212524414}}, {"type": "Feature", "geometry": {"type": "LineString", "coordinates": [[106.6918829, 10.7803576], [106.6907327, 10.7814155]]}, "properties": {"speed": 14.91388988494873, "congestion": 5.4582414627075195}}, {"type": "Feature", "geometry": {"type": "LineString", "coordinates": [[106.6907327, 10.7814155], [106.6895501, 10.7802238]]}, "properties": {"speed": 27.586109161376953, "congestion": 4.193448066711426}}, {"type": "Feature", "geometry": {"type": "LineString", "coordinates": [[106.6907327, 10.7814155], [106.6896689, 10.7823954]]}, "properties": {"speed": 16.562501907348633, "congestion": 4.961350440979004}}, {"type": "Feature", "geometry": {"type": "LineString", "coordinates": [[106.6907327, 10.7814155], [106.6918829, 10.7803576]]}, "properties": {"speed": 17.980728149414062, "congestion": 4.638747215270996}}, {"type": "Feature", "geometry": {"type": "LineString", "coordinates": [[106.6907327, 10.7814155], [106.6918155, 10.7825068]]}, "properties": {"speed": 21.198612213134766, "congestion": 4.733181953430176}}, {"type": "Feature", "geometry": {"type": "LineString", "coordinates": [[106.7035889, 10.7792329], [106.7045538, 10.7783352]]}, "properties": {"speed": 18.347230911254883, "congestion": 5.243074893951416}}, {"type": "Feature", "geometry": {"type": "LineString", "coordinates": [[106.7035889, 10.7792329], [106.7029239, 10.778525]]}, "properties": {"speed": 12.454516410827637, "congestion": 5.848664283752441}}, {"type": "Feature", "geometry": {"type": "LineString", "coordinates": [[106.6925294, 10.7648363], [106.6926747, 10.7648521]]}, "properties": {"speed": 28.13288116455078, "congestion": 4.230904579162598}}, {"type": "Feature", "geometry": {"type": "LineString", "coordinates": [[106.6925294, 10.7648363], [106.6922837, 10.7645634]]}, "properties": {"speed": 27.79646110534668, "congestion": 3.9849696159362793}}, {"type": "Feature", "geometry": {"type": "LineString", "coordinates": [[106.6925294, 10.7648363], [106.6920777, 10.7646897]]}, "properties": {"speed": 27.70381736755371, "congestion": 3.612560272216797}}, {"type": "Feature", "geometry": {"type": "LineString", "coordinates": [[106.6981058, 10.7734407], [106.6976491, 10.7731556]]}, "properties": {"speed": 24.6003475189209, "congestion": 5.1675519943237305}}, {"type": "Feature", "geometry": {"type": "LineString", "coordinates": [[106.6981058, 10.7734407], [106.6985066, 10.7727875]]}, "properties": {"speed": 23.988893508911133, "congestion": 5.507471084594727}}, {"type": "Feature", "geometry": {"type": "LineString", "coordinates": [[106.6876492, 10.7819798], [106.6884593, 10.7812471]]}, "properties": {"speed": 12.78333568572998, "congestion": 5.7781982421875}}, {"type": "Feature", "geometry": {"type": "LineString", "coordinates": [[106.6876492, 10.7819798], [106.6888468, 10.7831517]]}, "properties": {"speed": 20.778736114501953, "congestion": 3.817721366882324}}, {"type": "Feature", "geometry": {"type": "LineString", "coordinates": [[106.6876492, 10.7819798], [106.6868417, 10.7827237]]}, "properties": {"speed": 18.40703582763672, "congestion": 4.223837852478027}}, {"type": "Feature", "geometry": {"type": "LineString", "coordinates": [[106.6888468, 10.7831517], [106.6880199, 10.7839127]]}, "properties": {"speed": 21.50052833557129, "congestion": 3.8870785236358643}}, {"type": "Feature", "geometry": {"type": "LineString", "coordinates": [[106.6888468, 10.7831517], [106.6896689, 10.7823954]]}, "properties": {"speed": 16.372224807739258, "congestion": 4.966333389282227}}, {"type": "Feature", "geometry": {"type": "LineString", "coordinates": [[106.6888468, 10.7831517], [106.6898816, 10.7841642]]}, "properties": {"speed": 18.94165802001953, "congestion": 4.434081077575684}}, {"type": "Feature", "geometry": {"type": "LineString", "coordinates": [[106.7012764, 10.7706904], [106.7009907, 10.7704049]]}, "properties": {"speed": 24.369102478027344, "congestion": 3.5469424724578857}}, {"type": "Feature", "geometry": {"type": "LineString", "coordinates": [[106.6959835, 10.7846634], [106.6948657, 10.7855772]]}, "properties": {"speed": 23.790451049804688, "congestion": 4.703363418579102}}, {"type": "Feature", "geometry": {"type": "LineString", "coordinates": [[106.6959835, 10.7846634], [106.697051, 10.7838024]]}, "properties": {"speed": 14.897050857543945, "congestion": 4.834683418273926}}, {"type": "Feature", "geometry": {"type": "LineString", "coordinates": [[106.6959835, 10.7846634], [106.6949277, 10.7835624]]}, "properties": {"speed": 15.53142261505127, "congestion": 4.709534645080566}}, {"type": "Feature", "geometry": {"type": "LineString", "coordinates": [[106.6962001, 10.7915964], [106.6959446, 10.7918334]]}, "properties": {"speed": 21.011978149414062, "congestion": 4.050537109375}}, {"type": "Feature", "geometry": {"type": "LineString", "coordinates": [[106.6977441, 10.7698536], [106.6981019, 10.7693766]]}, "properties": {"speed": 25.495018005371094, "congestion": 3.699079751968384}}, {"type": "Feature", "geometry": {"type": "LineString", "coordinates": [[106.6977441, 10.7698536], [106.6968648, 10.7688766]]}, "properties": {"speed": 25.527252197265625, "congestion": 3.711501121520996}}, {"type": "Feature", "geometry": {"type": "LineString", "coordinates": [[106.6977441, 10.7698536], [106.6974547, 10.7702587]]}, "properties": {"speed": 29.40974998474121, "congestion": 4.246778964996338}}, {"type": "Feature", "geometry": {"type": "LineString", "coordinates": [[106.690783, 10.7834531], [106.691294, 10.7829847]]}, "properties": {"speed": 20.24994468688965, "congestion": 4.653166770935059}}, {"type": "Feature", "geometry": {"type": "LineString", "coordinates": [[106.690783, 10.7834531], [106.6916574, 10.78436]]}, "properties": {"speed": 19.0473575592041, "congestion": 4.914496421813965}}, {"type": "Feature", "geometry": {"type": "LineString", "coordinates": [[106.690783, 10.7834531], [106.6891553, 10.7850588]]}, "properties": {"speed": 20.56319808959961, "congestion": 4.564024925231934}}, {"type": "Feature", "geometry": {"type": "LineString", "coordinates": [[106.6971744, 10.7685425], [106.6976004, 10.768921]]}, "properties": {"speed": 21.81804656982422, "congestion": 4.076222896575928}}, {"type": "Feature", "geometry": {"type": "LineString", "coordinates": [[106.6971744, 10.7685425], [106.6968883, 10.7682965]]}, "properties": {"speed": 28.80972671508789, "congestion": 5.786797523498535}}, {"type": "Feature", "geometry": {"type": "LineString", "coordinates": [[106.6971744, 10.7685425], [106.6980079, 10.7676585]]}, "properties": {"speed": 21.71527862548828, "congestion": 3.977243185043335}}, {"type": "Feature", "geometry": {"type": "LineString", "coordinates": [[106.6971744, 10.7685425], [106.6968648, 10.7688766]]}, "properties": {"speed": 18.56110382080078, "congestion": 4.239401817321777}}, {"type": "Feature", "geometry": {"type": "LineString", "coordinates": [[106.6990186, 10.7740726], [106.6981499, 10.7748371]]}, "properties": {"speed": 13.145829200744629, "congestion": 3.7134475708007812}}, {"type": "Feature", "geometry": {"type": "LineString", "coordinates": [[106.6990186, 10.7740726], [106.6981058, 10.7734407]]}, "properties": {"speed": 26.98749542236328, "congestion": 4.891183376312256}}, {"type": "Feature", "geometry": {"type": "LineString", "coordinates": [[106.6968504, 10.7855867], [106.6957919, 10.7865655]]}, "properties": {"speed": 24.76874351501465, "congestion": 3.3334994316101074}}, {"type": "Feature", "geometry": {"type": "LineString", "coordinates": [[106.6968504, 10.7855867], [106.6959835, 10.7846634]]}, "properties": {"speed": 16.063018798828125, "congestion": 4.354163646697998}}, {"type": "Feature", "geometry": {"type": "LineString", "coordinates": [[106.6995694, 10.7746638], [106.6990186, 10.7740726]]}, "properties": {"speed": 19.56978988647461, "congestion": 3.8277523517608643}}, {"type": "Feature", "geometry": {"type": "LineString", "coordinates": [[106.6995694, 10.7746638], [106.7000374, 10.7735274]]}, "properties": {"speed": 18.59166145324707, "congestion": 4.499819755554199}}, {"type": "Feature", "geometry": {"type": "LineString", "coordinates": [[106.6996356, 10.7814762], [106.7010602, 10.7801873]]}, "properties": {"speed": 16.8091983795166, "congestion": 5.749655723571777}}, {"type": "Feature", "geometry": {"type": "LineString", "coordinates": [[106.6996356, 10.7814762], [106.7001223, 10.7820025]]}, "properties": {"speed": 19.477081298828125, "congestion": 5.989669322967529}}, {"type": "Feature", "geometry": {"type": "LineString", "coordinates": [[106.6996356, 10.7814762], [106.6995731, 10.7815337]]}, "properties": {"speed": 18.204513549804688, "congestion": 5.546466827392578}}, {"type": "Feature", "geometry": {"type": "LineString", "coordinates": [[106.6882626, 10.7743262], [106.6875255, 10.7746832]]}, "properties": {"speed": 19.749481201171875, "congestion": 5.0373854637146}}, {"type": "Feature", "geometry": {"type": "LineString", "coordinates": [[106.6882626, 10.7743262], [106.6881764, 10.7742473]]}, "properties": {"speed": 14.86391544342041, "congestion": 7.201584815979004}}, {"type": "Feature", "geometry": {"type": "LineString", "coordinates": [[106.6938041, 10.78238], [106.693016, 10.78312]]}, "properties": {"speed": 21.910736083984375, "congestion": 7.09755802154541}}, {"type": "Feature", "geometry": {"type": "LineString", "coordinates": [[106.6938041, 10.78238], [106.6929429, 10.7814734]]}, "properties": {"speed": 14.91041374206543, "congestion": 5.810223579406738}}, {"type": "Feature", "geometry": {"type": "LineString", "coordinates": [[106.6916574, 10.78436], [106.6899935, 10.7859074]]}, "properties": {"speed": 23.704105377197266, "congestion": 4.875768184661865}}, {"type": "Feature", "geometry": {"type": "LineString", "coordinates": [[106.6916574, 10.78436], [106.6927888, 10.7855325]]}, "properties": {"speed": 20.31464195251465, "congestion": 5.946269512176514}}, {"type": "Feature", "geometry": {"type": "LineString", "coordinates": [[106.6868508, 10.7750424], [106.6863923, 10.7752884]]}, "properties": {"speed": 20.63975715637207, "congestion": 5.000412464141846}}, {"type": "Feature", "geometry": {"type": "LineString", "coordinates": [[106.6868508, 10.7750424], [106.6868086, 10.7749964]]}, "properties": {"speed": 18.985952377319336, "congestion": 5.477434158325195}}, {"type": "Feature", "geometry": {"type": "LineString", "coordinates": [[106.6988516, 10.7684134], [106.6999243, 10.7694201]]}, "properties": {"speed": 16.087064743041992, "congestion": 5.677515029907227}}, {"type": "Feature", "geometry": {"type": "LineString", "coordinates": [[106.6988516, 10.7684134], [106.6984201, 10.7680176]]}, "properties": {"speed": 16.215681076049805, "congestion": 5.59242582321167}}, {"type": "Feature", "geometry": {"type": "LineString", "coordinates": [[106.6988516, 10.7684134], [106.6981019, 10.7693766]]}, "properties": {"speed": 17.78600311279297, "congestion": 5.090051651000977}}, {"type": "Feature", "geometry": {"type": "LineString", "coordinates": [[106.6988516, 10.7684134], [106.6997734, 10.7672511]]}, "properties": {"speed": 16.1534366607666, "congestion": 5.454453468322754}}, {"type": "Feature", "geometry": {"type": "LineString", "coordinates": [[106.697051, 10.7838024], [106.6959835, 10.7846634]]}, "properties": {"speed": 18.05084228515625, "congestion": 5.550090789794922}}, {"type": "Feature", "geometry": {"type": "LineString", "coordinates": [[106.697051, 10.7838024], [106.696225, 10.7829277]]}, "properties": {"speed": 20.457988739013672, "congestion": 5.542971611022949}}, {"type": "Feature", "geometry": {"type": "LineString", "coordinates": [[106.697051, 10.7838024], [106.6981158, 10.782881]]}, "properties": {"speed": 20.733448028564453, "congestion": 5.4730305671691895}}, {"type": "Feature", "geometry": {"type": "LineString", "coordinates": [[106.6955568, 10.7883778], [106.6966403, 10.7873909]]}, "properties": {"speed": 22.54884147644043, "congestion": 3.9677324295043945}}, {"type": "Feature", "geometry": {"type": "LineString", "coordinates": [[106.6955568, 10.7883778], [106.6959541, 10.7887842]]}, "properties": {"speed": 23.176963806152344, "congestion": 3.82490873336792}}, {"type": "Feature", "geometry": {"type": "LineString", "coordinates": [[106.7023364, 10.7734873], [106.7014575, 10.7732605]]}, "properties": {"speed": 15.281938552856445, "congestion": 5.816980361938477}}, {"type": "Feature", "geometry": {"type": "LineString", "coordinates": [[106.6897192, 10.7616266], [106.6896603, 10.761662]]}, "properties": {"speed": 23.425519943237305, "congestion": 4.009029388427734}}, {"type": "Feature", "geometry": {"type": "LineString", "coordinates": [[106.6897192, 10.7616266], [106.689793, 10.7615823]]}, "properties": {"speed": 25.16596794128418, "congestion": 4.4859395027160645}}, {"type": "Feature", "geometry": {"type": "LineString", "coordinates": [[106.702175, 10.7791968], [106.7032908, 10.7803853]]}, "properties": {"speed": 19.276390075683594, "congestion": 4.707346439361572}}, {"type": "Feature", "geometry": {"type": "LineString", "coordinates": [[106.702175, 10.7791968], [106.7010602, 10.7801873]]}, "properties": {"speed": 15.473434448242188, "congestion": 4.809177398681641}}, {"type": "Feature", "geometry": {"type": "LineString", "coordinates": [[106.702175, 10.7791968], [106.7029239, 10.778525]]}, "properties": {"speed": 17.817535400390625, "congestion": 4.8480706214904785}}, {"type": "Feature", "geometry": {"type": "LineString", "coordinates": [[106.7040024, 10.7797806], [106.7032908, 10.7803853]]}, "properties": {"speed": 13.623640060424805, "congestion": 6.7441253662109375}}, {"type": "Feature", "geometry": {"type": "LineString", "coordinates": [[106.7040024, 10.7797806], [106.7035889, 10.7792329]]}, "properties": {"speed": 16.08388328552246, "congestion": 6.2729315757751465}}, {"type": "Feature", "geometry": {"type": "LineString", "coordinates": [[106.6949277, 10.7835624], [106.6927888, 10.7855325]]}, "properties": {"speed": 20.19542694091797, "congestion": 6.083094120025635}}, {"type": "Feature", "geometry": {"type": "LineString", "coordinates": [[106.6949277, 10.7835624], [106.6938041, 10.78238]]}, "properties": {"speed": 20.308828353881836, "congestion": 5.714967727661133}}, {"type": "Feature", "geometry": {"type": "LineString", "coordinates": [[106.6949277, 10.7835624], [106.69565, 10.7829102]]}, "properties": {"speed": 20.028392791748047, "congestion": 5.476588726043701}}, {"type": "Feature", "geometry": {"type": "LineString", "coordinates": [[106.69565, 10.7829102], [106.695672, 10.7823428]]}, "properties": {"speed": 24.70625114440918, "congestion": 3.8517134189605713}}, {"type": "Feature", "geometry": {"type": "LineString", "coordinates": [[106.69565, 10.7829102], [106.6949277, 10.7835624]]}, "properties": {"speed": 19.732032775878906, "congestion": 4.005988597869873}}, {"type": "Feature", "geometry": {"type": "LineString", "coordinates": [[106.6958645, 10.7805243], [106.6948334, 10.781467]]}, "properties": {"speed": 15.51189136505127, "congestion": 5.649693489074707}}, {"type": "Feature", "geometry": {"type": "LineString", "coordinates": [[106.6958645, 10.7805243], [106.6969717, 10.7817005]]}, "properties": {"speed": 15.539321899414062, "congestion": 5.710736274719238}}, {"type": "Feature", "geometry": {"type": "LineString", "coordinates": [[106.7007533, 10.7896952], [106.7001939, 10.7891062]]}, "properties": {"speed": 23.934720993041992, "congestion": 5.064198017120361}}, {"type": "Feature", "geometry": {"type": "LineString", "coordinates": [[106.7007533, 10.7896952], [106.6996967, 10.790659]]}, "properties": {"speed": 17.650012969970703, "congestion": 4.318685054779053}}, {"type": "Feature", "geometry": {"type": "LineString", "coordinates": [[106.6872062, 10.7800575], [106.6884593, 10.7812471]]}, "properties": {"speed": 17.44097137451172, "congestion": 4.382084846496582}}, {"type": "Feature", "geometry": {"type": "LineString", "coordinates": [[106.6872062, 10.7800575], [106.6863121, 10.7806715]]}, "properties": {"speed": 19.747220993041992, "congestion": 4.971381187438965}}, {"type": "Feature", "geometry": {"type": "LineString", "coordinates": [[106.6884651, 10.7767717], [106.687907, 10.7761492]]}, "properties": {"speed": 27.785417556762695, "congestion": 4.221322536468506}}, {"type": "Feature", "geometry": {"type": "LineString", "coordinates": [[106.6884651, 10.7767717], [106.6889932, 10.7762842]]}, "properties": {"speed": 21.171873092651367, "congestion": 4.423279762268066}}, {"type": "Feature", "geometry": {"type": "LineString", "coordinates": [[106.6954284, 10.772787], [106.6944794, 10.7736186]]}, "properties": {"speed": 17.542877197265625, "congestion": 5.494421482086182}}, {"type": "Feature", "geometry": {"type": "LineString", "coordinates": [[106.6954284, 10.772787], [106.69589, 10.7731183]]}, "properties": {"speed": 19.779685974121094, "congestion": 5.894451141357422}}, {"type": "Feature", "geometry": {"type": "LineString", "coordinates": [[106.697121, 10.7739958], [106.6981499, 10.7748371]]}, "properties": {"speed": 15.961227416992188, "congestion": 5.901845932006836}}, {"type": "Feature", "geometry": {"type": "LineString", "coordinates": [[106.697121, 10.7739958], [106.6976491, 10.7731556]]}, "properties": {"speed": 18.044042587280273, "congestion": 6.427362442016602}}, {"type": "Feature", "geometry": {"type": "LineString", "coordinates": [[106.7028018, 10.7736167], [106.7023364, 10.7734873]]}, "properties": {"speed": 21.075008392333984, "congestion": 9.07138442993164}}, {"type": "Feature", "geometry": {"type": "LineString", "coordinates": [[106.6942946, 10.7668561], [106.6939962, 10.7674234]]}, "properties": {"speed": 21.00304412841797, "congestion": 4.485448837280273}}, {"type": "Feature", "geometry": {"type": "LineString", "coordinates": [[106.6942946, 10.7668561], [106.6943395, 10.7667468]]}, "properties": {"speed": 22.853843688964844, "congestion": 5.013838768005371}}, {"type": "Feature", "geometry": {"type": "LineString", "coordinates": [[106.6942946, 10.7668561], [106.6941145, 10.7666499]]}, "properties": {"speed": 27.627086639404297, "congestion": 4.106618404388428}}, {"type": "Feature", "geometry": {"type": "LineString", "coordinates": [[106.7010602, 10.7801873], [106.7001527, 10.7791894]]}, "properties": {"speed": 21.015277862548828, "congestion": 4.162343978881836}}, {"type": "Feature", "geometry": {"type": "LineString", "coordinates": [[106.7010602, 10.7801873], [106.6996356, 10.7814762]]}, "properties": {"speed": 21.45416831970215, "congestion": 5.748007297515869}}, {"type": "Feature", "geometry": {"type": "LineString", "coordinates": [[106.7010602, 10.7801873], [106.702175, 10.7791968]]}, "properties": {"speed": 13.160935401916504, "congestion": 6.688678741455078}}, {"type": "Feature", "geometry": {"type": "LineString", "coordinates": [[106.6863121, 10.7806715], [106.6854156, 10.7812847]]}, "properties": {"speed": 17.68177032470703, "congestion": 5.177251815795898}}, {"type": "Feature", "geometry": {"type": "LineString", "coordinates": [[106.6863121, 10.7806715], [106.6876492, 10.7819798]]}, "properties": {"speed": 20.563451766967773, "congestion": 4.227332592010498}}, {"type": "Feature", "geometry": {"type": "LineString", "coordinates": [[106.6863121, 10.7806715], [106.6851578, 10.779542]]}, "properties": {"speed": 20.08698081970215, "congestion": 4.483356952667236}}, {"type": "Feature", "geometry": {"type": "LineString", "coordinates": [[106.6920153, 10.7704446], [106.69163, 10.7709517]]}, "properties": {"speed": 23.009546279907227, "congestion": 6.24897575378418}}, {"type": "Feature", "geometry": {"type": "LineString", "coordinates": [[106.6920153, 10.7704446], [106.6926934, 10.7695606]]}, "properties": {"speed": 18.19305419921875, "congestion": 7.65351676940918}}, {"type": "Feature", "geometry": {"type": "LineString", "coordinates": [[106.6920153, 10.7704446], [106.6917072, 10.7702317]]}, "properties": {"speed": 21.859458923339844, "congestion": 6.3030104637146}}, {"type": "Feature", "geometry": {"type": "LineString", "coordinates": [[106.6920153, 10.7704446], [106.6931266, 10.7712328]]}, "properties": {"speed": 15.056133270263672, "congestion": 8.422454833984375}}, {"type": "Feature", "geometry": {"type": "LineString", "coordinates": [[106.6981643, 10.7658757], [106.6973026, 10.7650936]]}, "properties": {"speed": 20.334030151367188, "congestion": 4.116976261138916}}, {"type": "Feature", "geometry": {"type": "LineString", "coordinates": [[106.6981643, 10.7658757], [106.6987998, 10.7648501]]}, "properties": {"speed": 30.74053955078125, "congestion": 3.8391478061676025}}, {"type": "Feature", "geometry": {"type": "LineString", "coordinates": [[106.6981643, 10.7658757], [106.6977825, 10.7665187]]}, "properties": {"speed": 20.24551010131836, "congestion": 3.90793776512146}}, {"type": "Feature", "geometry": {"type": "LineString", "coordinates": [[106.6981643, 10.7658757], [106.6990056, 10.7665925]]}, "properties": {"speed": 21.11708641052246, "congestion": 4.056608200073242}}, {"type": "Feature", "geometry": {"type": "LineString", "coordinates": [[106.6895565, 10.7779086], [106.6891758, 10.7782562]]}, "properties": {"speed": 24.61553192138672, "congestion": 4.2464728355407715}}, {"type": "Feature", "geometry": {"type": "LineString", "coordinates": [[106.6895565, 10.7779086], [106.6884651, 10.7767717]]}, "properties": {"speed": 20.21674919128418, "congestion": 5.466198921203613}}, {"type": "Feature", "geometry": {"type": "LineString", "coordinates": [[106.6842442, 10.7801026], [106.6830576, 10.7789053]]}, "properties": {"speed": 16.672813415527344, "congestion": 4.929342746734619}}, {"type": "Feature", "geometry": {"type": "LineString", "coordinates": [[106.6842442, 10.7801026], [106.6851578, 10.779542]]}, "properties": {"speed": 15.331451416015625, "congestion": 5.06365442276001}}, {"type": "Feature", "geometry": {"type": "LineString", "coordinates": [[106.6851578, 10.779542], [106.6860728, 10.7789815]]}, "properties": {"speed": 11.575520515441895, "congestion": 6.1055779457092285}}, {"type": "Feature", "geometry": {"type": "LineString", "coordinates": [[106.6851578, 10.779542], [106.6863121, 10.7806715]]}, "properties": {"speed": 16.214584350585938, "congestion": 3.8272759914398193}}, {"type": "Feature", "geometry": {"type": "LineString", "coordinates": [[106.6851578, 10.779542], [106.6842145, 10.778619]]}, "properties": {"speed": 14.099989891052246, "congestion": 3.522205114364624}}, {"type": "Feature", "geometry": {"type": "LineString", "coordinates": [[106.685973, 10.7834895], [106.6863082, 10.7831971]]}, "properties": {"speed": 24.35792350769043, "congestion": 3.9770660400390625}}, {"type": "Feature", "geometry": {"type": "LineString", "coordinates": [[106.685973, 10.7834895], [106.6845028, 10.7843975]]}, "properties": {"speed": 17.661287307739258, "congestion": 4.112514019012451}}, {"type": "Feature", "geometry": {"type": "LineString", "coordinates": [[106.6979831, 10.7767991], [106.697075, 10.775818]]}, "properties": {"speed": 25.414928436279297, "congestion": 3.8886048793792725}}, {"type": "Feature", "geometry": {"type": "LineString", "coordinates": [[106.6979831, 10.7767991], [106.6990461, 10.7758208]]}, "properties": {"speed": 21.942974090576172, "congestion": 4.265168190002441}}, {"type": "Feature", "geometry": {"type": "LineString", "coordinates": [[106.6868417, 10.7827237], [106.6876492, 10.7819798]]}, "properties": {"speed": 16.303585052490234, "congestion": 4.827585697174072}}, {"type": "Feature", "geometry": {"type": "LineString", "coordinates": [[106.6868417, 10.7827237], [106.6866413, 10.7828965]]}, "properties": {"speed": 23.932634353637695, "congestion": 3.5458316802978516}}, {"type": "Feature", "geometry": {"type": "LineString", "coordinates": [[106.6868417, 10.7827237], [106.6866513, 10.7825317]]}, "properties": {"speed": 22.80902862548828, "congestion": 3.68145489692688}}, {"type": "Feature", "geometry": {"type": "LineString", "coordinates": [[106.6866217, 10.7829132], [106.6863082, 10.7831971]]}, "properties": {"speed": 24.137849807739258, "congestion": 3.546700954437256}}, {"type": "Feature", "geometry": {"type": "LineString", "coordinates": [[106.6866217, 10.7829132], [106.6866075, 10.7833377]]}, "properties": {"speed": 25.330907821655273, "congestion": 3.3176283836364746}}, {"type": "Feature", "geometry": {"type": "LineString", "coordinates": [[106.6866217, 10.7829132], [106.6866413, 10.7828965]]}, "properties": {"speed": 17.14496421813965, "congestion": 6.339109420776367}}, {"type": "Feature", "geometry": {"type": "LineString", "coordinates": [[106.7029239, 10.778525], [106.7018045, 10.7772405]]}, "properties": {"speed": 13.825000762939453, "congestion": 6.270925521850586}}, {"type": "Feature", "geometry": {"type": "LineString", "coordinates": [[106.7029239, 10.778525], [106.702175, 10.7791968]]}, "properties": {"speed": 10.456250190734863, "congestion": 7.25702428817749}}, {"type": "Feature", "geometry": {"type": "LineString", "coordinates": [[106.7029239, 10.778525], [106.7038862, 10.7776192]]}, "properties": {"speed": 22.6027774810791, "congestion": 3.9662907123565674}}, {"type": "Feature", "geometry": {"type": "LineString", "coordinates": [[106.7038862, 10.7776192], [106.7041193, 10.7773934]]}, "properties": {"speed": 18.845802307128906, "congestion": 6.122261047363281}}, {"type": "Feature", "geometry": {"type": "LineString", "coordinates": [[106.7038862, 10.7776192], [106.7029239, 10.778525]]}, "properties": {"speed": 17.907236099243164, "congestion": 6.953079700469971}}, {"type": "Feature", "geometry": {"type": "LineString", "coordinates": [[106.7038862, 10.7776192], [106.7034401, 10.77718]]}, "properties": {"speed": 20.26304817199707, "congestion": 5.960870742797852}}, {"type": "Feature", "geometry": {"type": "LineString", "coordinates": [[106.6985385, 10.7894352], [106.6980433, 10.7889195]]}, "properties": {"speed": 18.030471801757812, "congestion": 6.419830799102783}}, {"type": "Feature", "geometry": {"type": "LineString", "coordinates": [[106.6985385, 10.7894352], [106.6979911, 10.7899274]]}, "properties": {"speed": 19.228992462158203, "congestion": 6.218760967254639}}, {"type": "Feature", "geometry": {"type": "LineString", "coordinates": [[106.6985385, 10.7894352], [106.6991415, 10.7900834]]}, "properties": {"speed": 18.344785690307617, "congestion": 5.6268439292907715}}, {"type": "Feature", "geometry": {"type": "LineString", "coordinates": [[106.6975106, 10.7903735], [106.6976612, 10.7905339]]}, "properties": {"speed": 22.271703720092773, "congestion": 5.024966716766357}}, {"type": "Feature", "geometry": {"type": "LineString", "coordinates": [[106.6975106, 10.7903735], [106.697425, 10.7904522]]}, "properties": {"speed": 21.355382919311523, "congestion": 3.8848440647125244}}, {"type": "Feature", "geometry": {"type": "LineString", "coordinates": [[106.6981019, 10.7693766], [106.6976004, 10.768921]]}, "properties": {"speed": 20.885072708129883, "congestion": 5.554728031158447}}, {"type": "Feature", "geometry": {"type": "LineString", "coordinates": [[106.6981019, 10.7693766], [106.6993107, 10.7704406]]}, "properties": {"speed": 20.551910400390625, "congestion": 4.827245712280273}}, {"type": "Feature", "geometry": {"type": "LineString", "coordinates": [[106.6981019, 10.7693766], [106.6977441, 10.7698536]]}, "properties": {"speed": 27.555015563964844, "congestion": 4.593604564666748}}, {"type": "Feature", "geometry": {"type": "LineString", "coordinates": [[106.6981019, 10.7693766], [106.6988516, 10.7684134]]}, "properties": {"speed": 20.02135467529297, "congestion": 5.015151023864746}}, {"type": "Feature", "geometry": {"type": "LineString", "coordinates": [[106.6815348, 10.7651972], [106.6816522, 10.7651601]]}, "properties": {"speed": 24.705812454223633, "congestion": 4.604228496551514}}, {"type": "Feature", "geometry": {"type": "LineString", "coordinates": [[106.6816936, 10.76516], [106.6818289, 10.7652073]]}, "properties": {"speed": 24.26441192626953, "congestion": 4.625608444213867}}, {"type": "Feature", "geometry": {"type": "LineString", "coordinates": [[106.6816936, 10.76516], [106.682127, 10.7640265]]}, "properties": {"speed": 21.771440505981445, "congestion": 5.088702201843262}}, {"type": "Feature", "geometry": {"type": "LineString", "coordinates": [[106.6818289, 10.7652073], [106.6818746, 10.7655926]]}, "properties": {"speed": 23.8532772064209, "congestion": 4.396856307983398}}, {"type": "Feature", "geometry": {"type": "LineString", "coordinates": [[106.6818746, 10.7655926], [106.6817916, 10.7656557]]}, "properties": {"speed": 25.052452087402344, "congestion": 4.090963840484619}}, {"type": "Feature", "geometry": {"type": "LineString", "coordinates": [[106.6818746, 10.7655926], [106.6824196, 10.76594]]}, "properties": {"speed": 27.47222328186035, "congestion": 3.7660458087921143}}, {"type": "Feature", "geometry": {"type": "LineString", "coordinates": [[106.6818746, 10.7655926], [106.682342, 10.7660604]]}, "properties": {"speed": 26.847915649414062, "congestion": 3.8046467304229736}}, {"type": "Feature", "geometry": {"type": "LineString", "coordinates": [[106.7112997, 10.8006438], [106.7113752, 10.8011855]]}, "properties": {"speed": 20.87986183166504, "congestion": 5.084587097167969}}, {"type": "Feature", "geometry": {"type": "LineString", "coordinates": [[106.7112997, 10.8006438], [106.7115525, 10.8010172]]}, "properties": {"speed": 24.20417022705078, "congestion": 4.327560901641846}}, {"type": "Feature", "geometry": {"type": "LineString", "coordinates": [[106.7090308, 10.8008929], [106.7091802, 10.800952]]}, "properties": {"speed": 44.70503234863281, "congestion": 2.9553446769714355}}, {"type": "Feature", "geometry": {"type": "LineString", "coordinates": [[106.6992405, 10.7925521], [106.6985922, 10.7931719]]}, "properties": {"speed": 23.481338500976562, "congestion": 3.642706871032715}}, {"type": "Feature", "geometry": {"type": "LineString", "coordinates": [[106.6992405, 10.7925521], [106.6991161, 10.7923305]]}, "properties": {"speed": 22.608823776245117, "congestion": 4.121243476867676}}, {"type": "Feature", "geometry": {"type": "LineString", "coordinates": [[106.6993394, 10.7921292], [106.6995478, 10.792164]]}, "properties": {"speed": 22.116012573242188, "congestion": 5.082062721252441}}, {"type": "Feature", "geometry": {"type": "LineString", "coordinates": [[106.699734, 10.7923026], [106.6997671, 10.792411]]}, "properties": {"speed": 29.666086196899414, "congestion": 3.449634075164795}}, {"type": "Feature", "geometry": {"type": "LineString", "coordinates": [[106.6867808, 10.8039153], [106.684482, 10.8033105]]}, "properties": {"speed": 27.82716941833496, "congestion": 3.516181468963623}}, {"type": "Feature", "geometry": {"type": "LineString", "coordinates": [[106.6867808, 10.8039153], [106.6867718, 10.8038275]]}, "properties": {"speed": 28.407808303833008, "congestion": 3.466852903366089}}, {"type": "Feature", "geometry": {"type": "LineString", "coordinates": [[106.686021, 10.8030282], [106.6857139, 10.802723]]}, "properties": {"speed": 25.015798568725586, "congestion": 4.686142444610596}}, {"type": "Feature", "geometry": {"type": "LineString", "coordinates": [[106.6909136, 10.8033941], [106.6909017, 10.8033095]]}, "properties": {"speed": 25.53160285949707, "congestion": 3.5571632385253906}}, {"type": "Feature", "geometry": {"type": "LineString", "coordinates": [[106.6909136, 10.8033941], [106.69064, 10.8034222]]}, "properties": {"speed": 31.967529296875, "congestion": 3.4366884231567383}}, {"type": "Feature", "geometry": {"type": "LineString", "coordinates": [[106.6844453, 10.8003479], [106.6845442, 10.8004395]]}, "properties": {"speed": 30.56857681274414, "congestion": 4.067391395568848}}, {"type": "Feature", "geometry": {"type": "LineString", "coordinates": [[106.684775, 10.8034955], [106.6857139, 10.802723]]}, "properties": {"speed": 22.53657341003418, "congestion": 5.419754505157471}}, {"type": "Feature", "geometry": {"type": "LineString", "coordinates": [[106.684775, 10.8034955], [106.6848718, 10.8035731]]}, "properties": {"speed": 26.890628814697266, "congestion": 4.34907865524292}}, {"type": "Feature", "geometry": {"type": "LineString", "coordinates": [[106.6857139, 10.802723], [106.684775, 10.8034955]]}, "properties": {"speed": 25.015798568725586, "congestion": 4.686142444610596}}, {"type": "Feature", "geometry": {"type": "LineString", "coordinates": [[106.6857139, 10.802723], [106.6846802, 10.8019004]]}, "properties": {"speed": 19.559024810791016, "congestion": 5.73003625869751}}, {"type": "Feature", "geometry": {"type": "LineString", "coordinates": [[106.6816418, 10.778085], [106.6815324, 10.7780381]]}, "properties": {"speed": 23.211780548095703, "congestion": 4.764155387878418}}, {"type": "Feature", "geometry": {"type": "LineString", "coordinates": [[106.6816418, 10.778085], [106.6821552, 10.7794251]]}, "properties": {"speed": 18.862585067749023, "congestion": 4.865135192871094}}, {"type": "Feature", "geometry": {"type": "LineString", "coordinates": [[106.6765433, 10.7931786], [106.6766514, 10.7935485]]}, "properties": {"speed": 25.072214126586914, "congestion": 3.715266704559326}}, {"type": "Feature", "geometry": {"type": "LineString", "coordinates": [[106.6770814, 10.7947481], [106.6763241, 10.7951902]]}, "properties": {"speed": 26.349592208862305, "congestion": 4.845664024353027}}, {"type": "Feature", "geometry": {"type": "LineString", "coordinates": [[106.6750376, 10.7959666], [106.6759404, 10.7966546]]}, "properties": {"speed": 21.2394962310791, "congestion": 4.725751876831055}}, {"type": "Feature", "geometry": {"type": "LineString", "coordinates": [[106.6769285, 10.7927065], [106.6764521, 10.7928361]]}, "properties": {"speed": 17.0802059173584, "congestion": 6.828435897827148}}, {"type": "Feature", "geometry": {"type": "LineString", "coordinates": [[106.6769285, 10.7927065], [106.6769988, 10.7926847]]}, "properties": {"speed": 19.430461883544922, "congestion": 6.700336456298828}}, {"type": "Feature", "geometry": {"type": "LineString", "coordinates": [[106.6771532, 10.7974367], [106.6762097, 10.7975382]]}, "properties": {"speed": 21.23935317993164, "congestion": 4.040772914886475}}, {"type": "Feature", "geometry": {"type": "LineString", "coordinates": [[106.6771532, 10.7974367], [106.6759404, 10.7966546]]}, "properties": {"speed": 21.25833511352539, "congestion": 4.088390350341797}}, {"type": "Feature", "geometry": {"type": "LineString", "coordinates": [[106.6771532, 10.7974367], [106.677672, 10.7974051]]}, "properties": {"speed": 18.940349578857422, "congestion": 4.8531084060668945}}, {"type": "Feature", "geometry": {"type": "LineString", "coordinates": [[106.6822033, 10.7956227], [106.6825611, 10.7960874]]}, "properties": {"speed": 22.079954147338867, "congestion": 5.448032379150391}}, {"type": "Feature", "geometry": {"type": "LineString", "coordinates": [[106.6822033, 10.7956227], [106.6826423, 10.7952664]]}, "properties": {"speed": 23.40271759033203, "congestion": 4.901132106781006}}, {"type": "Feature", "geometry": {"type": "LineString", "coordinates": [[106.6822033, 10.7956227], [106.681903, 10.7958597]]}, "properties": {"speed": 23.01276206970215, "congestion": 5.4143757820129395}}, {"type": "Feature", "geometry": {"type": "LineString", "coordinates": [[106.6819605, 10.7779137], [106.6816418, 10.778085]]}, "properties": {"speed": 23.924514770507812, "congestion": 5.058361053466797}}, {"type": "Feature", "geometry": {"type": "LineString", "coordinates": [[106.6785162, 10.7992469], [106.680278, 10.7991874]]}, "properties": {"speed": 22.553714752197266, "congestion": 4.9476752281188965}}, {"type": "Feature", "geometry": {"type": "LineString", "coordinates": [[106.677511, 10.8002492], [106.6758888, 10.8014266]]}, "properties": {"speed": 14.582637786865234, "congestion": 6.748682022094727}}, {"type": "Feature", "geometry": {"type": "LineString", "coordinates": [[106.6758888, 10.8014266], [106.6757184, 10.8011312]]}, "properties": {"speed": 22.9273738861084, "congestion": 5.8548407554626465}}, {"type": "Feature", "geometry": {"type": "LineString", "coordinates": [[106.6763974, 10.7925507], [106.6764521, 10.7928361]]}, "properties": {"speed": 19.430461883544922, "congestion": 6.700336456298828}}, {"type": "Feature", "geometry": {"type": "LineString", "coordinates": [[106.6763974, 10.7925507], [106.6763414, 10.7922902]]}, "properties": {"speed": 14.89687728881836, "congestion": 7.759771347045898}}, {"type": "Feature", "geometry": {"type": "LineString", "coordinates": [[106.6887809, 10.7950467], [106.6892335, 10.7952436]]}, "properties": {"speed": 31.199995040893555, "congestion": 3.687455892562866}}, {"type": "Feature", "geometry": {"type": "LineString", "coordinates": [[106.6887809, 10.7950467], [106.6884608, 10.7948858]]}, "properties": {"speed": 34.87916564941406, "congestion": 3.732372760772705}}, {"type": "Feature", "geometry": {"type": "LineString", "coordinates": [[106.6893637, 10.7944825], [106.6894447, 10.7941167]]}, "properties": {"speed": 19.69999122619629, "congestion": 3.238173484802246}}, {"type": "Feature", "geometry": {"type": "LineString", "coordinates": [[106.6893637, 10.7944825], [106.6892335, 10.7952436]]}, "properties": {"speed": 17.599987030029297, "congestion": 3.689023017883301}}, {"type": "Feature", "geometry": {"type": "LineString", "coordinates": [[106.6769406, 10.7988885], [106.6771778, 10.798692]]}, "properties": {"speed": 20.278064727783203, "congestion": 4.985311031341553}}, {"type": "Feature", "geometry": {"type": "LineString", "coordinates": [[106.6776205, 10.7983154], [106.6776276, 10.7981888]]}, "properties": {"speed": 20.52126693725586, "congestion": 5.114084243774414}}, {"type": "Feature", "geometry": {"type": "LineString", "coordinates": [[106.6776205, 10.7983154], [106.6771778, 10.798692]]}, "properties": {"speed": 25.063016891479492, "congestion": 4.449326992034912}}, {"type": "Feature", "geometry": {"type": "LineString", "coordinates": [[106.7121753, 10.7894924], [106.7145504, 10.7890519]]}, "properties": {"speed": 40.93840026855469, "congestion": 3.081875801086426}}, {"type": "Feature", "geometry": {"type": "LineString", "coordinates": [[106.7145504, 10.7890519], [106.7149283, 10.7889458]]}, "properties": {"speed": 40.19760513305664, "congestion": 3.182339906692505}}, {"type": "Feature", "geometry": {"type": "LineString", "coordinates": [[106.7043736, 10.7971927], [106.7047704, 10.7976019]]}, "properties": {"speed": 38.74635314941406, "congestion": 3.440463066101074}}, {"type": "Feature", "geometry": {"type": "LineString", "coordinates": [[106.7059684, 10.7988022], [106.706828, 10.7995421]]}, "properties": {"speed": 38.74635314941406, "congestion": 3.440463066101074}}, {"type": "Feature", "geometry": {"type": "LineString", "coordinates": [[106.7107669, 10.8011911], [106.7111262, 10.8012791]]}, "properties": {"speed": 29.57658576965332, "congestion": 5.8978753089904785}}, {"type": "Feature", "geometry": {"type": "LineString", "coordinates": [[106.7107669, 10.8011911], [106.7111784, 10.8007419]]}, "properties": {"speed": 20.113893508911133, "congestion": 4.836867332458496}}, {"type": "Feature", "geometry": {"type": "LineString", "coordinates": [[106.7112775, 10.8020476], [106.7112111, 10.8016809]]}, "properties": {"speed": 20.593482971191406, "congestion": 5.659636974334717}}, {"type": "Feature", "geometry": {"type": "LineString", "coordinates": [[106.7114279, 10.802169], [106.7113925, 10.802663]]}, "properties": {"speed": 20.670196533203125, "congestion": 5.723773956298828}}, {"type": "Feature", "geometry": {"type": "LineString", "coordinates": [[106.7119071, 10.8012885], [106.7127424, 10.8012607]]}, "properties": {"speed": 40.31322479248047, "congestion": 3.174325466156006}}, {"type": "Feature", "geometry": {"type": "LineString", "coordinates": [[106.6927751, 10.7959501], [106.6930295, 10.7959377]]}, "properties": {"speed": 30.98306655883789, "congestion": 3.2014858722686768}}, {"type": "Feature", "geometry": {"type": "LineString", "coordinates": [[106.6930295, 10.7959377], [106.6937097, 10.7958981]]}, "properties": {"speed": 30.98306655883789, "congestion": 3.2014858722686768}}, {"type": "Feature", "geometry": {"type": "LineString", "coordinates": [[106.6987318, 10.7632003], [106.6999279, 10.7638289]]}, "properties": {"speed": 35.85383987426758, "congestion": 3.3214070796966553}}, {"type": "Feature", "geometry": {"type": "LineString", "coordinates": [[106.6846055, 10.7953213], [106.6836565, 10.7944714]]}, "properties": {"speed": 37.02604675292969, "congestion": 3.175853967666626}}, {"type": "Feature", "geometry": {"type": "LineString", "coordinates": [[106.710033, 10.8049649], [106.7094404, 10.8040226]]}, "properties": {"speed": 21.196874618530273, "congestion": 8.595704078674316}}, {"type": "Feature", "geometry": {"type": "LineString", "coordinates": [[106.6784523, 10.7939448], [106.6778607, 10.7942967]]}, "properties": {"speed": 21.761661529541016, "congestion": 6.447108268737793}}, {"type": "Feature", "geometry": {"type": "LineString", "coordinates": [[106.6813876, 10.795113], [106.6809202, 10.7941455]]}, "properties": {"speed": 37.27534484863281, "congestion": 3.1207242012023926}}, {"type": "Feature", "geometry": {"type": "LineString", "coordinates": [[106.6918224, 10.795006], [106.6931437, 10.7945413]]}, "properties": {"speed": 30.114158630371094, "congestion": 3.404597759246826}}, {"type": "Feature", "geometry": {"type": "LineString", "coordinates": [[106.6918224, 10.795006], [106.6908077, 10.7955137]]}, "properties": {"speed": 29.871498107910156, "congestion": 3.3751115798950195}}, {"type": "Feature", "geometry": {"type": "LineString", "coordinates": [[106.7055, 10.7635355], [106.7064484, 10.7629778]]}, "properties": {"speed": 14.074987411499023, "congestion": 3.36513614654541}}, {"type": "Feature", "geometry": {"type": "LineString", "coordinates": [[106.7055, 10.7635355], [106.7046798, 10.7640384]]}, "properties": {"speed": 14.301376342773438, "congestion": 3.6435556411743164}}, {"type": "Feature", "geometry": {"type": "LineString", "coordinates": [[106.7055, 10.7635355], [106.7058383, 10.7640382]]}, "properties": {"speed": 14.074987411499023, "congestion": 3.36513614654541}}, {"type": "Feature", "geometry": {"type": "LineString", "coordinates": [[106.6793546, 10.7933991], [106.6790788, 10.7935662]]}, "properties": {"speed": 23.506364822387695, "congestion": 5.871335029602051}}, {"type": "Feature", "geometry": {"type": "LineString", "coordinates": [[106.6776276, 10.7981888], [106.6784032, 10.7982281]]}, "properties": {"speed": 20.52126693725586, "congestion": 5.114084243774414}}, {"type": "Feature", "geometry": {"type": "LineString", "coordinates": [[106.6776084, 10.7985288], [106.6776205, 10.7983154]]}, "properties": {"speed": 25.063016891479492, "congestion": 4.449326992034912}}, {"type": "Feature", "geometry": {"type": "LineString", "coordinates": [[106.6783155, 10.7992641], [106.6785162, 10.7992469]]}, "properties": {"speed": 22.771251678466797, "congestion": 4.9052414894104}}, {"type": "Feature", "geometry": {"type": "LineString", "coordinates": [[106.6894155, 10.8035773], [106.6879295, 10.8037712]]}, "properties": {"speed": 32.48811340332031, "congestion": 3.816168785095215}}, {"type": "Feature", "geometry": {"type": "LineString", "coordinates": [[106.6894155, 10.8035773], [106.6894639, 10.8049604]]}, "properties": {"speed": 32.05906295776367, "congestion": 3.8517417907714844}}, {"type": "Feature", "geometry": {"type": "LineString", "coordinates": [[106.6763061, 10.8022312], [106.6758888, 10.8014266]]}, "properties": {"speed": 28.230384826660156, "congestion": 4.634218215942383}}, {"type": "Feature", "geometry": {"type": "LineString", "coordinates": [[106.677242, 10.8038652], [106.6769787, 10.8033773]]}, "properties": {"speed": 30.74547576904297, "congestion": 3.625962495803833}}, {"type": "Feature", "geometry": {"type": "LineString", "coordinates": [[106.6775017, 10.8043283], [106.6774927, 10.8043122]]}, "properties": {"speed": 30.966665267944336, "congestion": 3.708730459213257}}, {"type": "Feature", "geometry": {"type": "LineString", "coordinates": [[106.6970203, 10.7989915], [106.6964065, 10.7990366]]}, "properties": {"speed": 31.2103271484375, "congestion": 3.49240779876709}}, {"type": "Feature", "geometry": {"type": "LineString", "coordinates": [[106.6964065, 10.7990366], [106.6970203, 10.7989915]]}, "properties": {"speed": 32.48685073852539, "congestion": 3.7704896926879883}}, {"type": "Feature", "geometry": {"type": "LineString", "coordinates": [[106.6964065, 10.7990366], [106.6964429, 10.7995502]]}, "properties": {"speed": 31.331199645996094, "congestion": 3.705495595932007}}, {"type": "Feature", "geometry": {"type": "LineString", "coordinates": [[106.7113752, 10.8011855], [106.711558, 10.8013004]]}, "properties": {"speed": 24.87088394165039, "congestion": 4.891345024108887}}, {"type": "Feature", "geometry": {"type": "LineString", "coordinates": [[106.7111262, 10.8012791], [106.7112269, 10.8012043]]}, "properties": {"speed": 24.65094757080078, "congestion": 5.186491012573242}}, {"type": "Feature", "geometry": {"type": "LineString", "coordinates": [[106.7110915, 10.8015651], [106.7111262, 10.8012791]]}, "properties": {"speed": 23.41722869873047, "congestion": 5.009836196899414}}, {"type": "Feature", "geometry": {"type": "LineString", "coordinates": [[106.7110915, 10.8015651], [106.7109333, 10.8015309]]}, "properties": {"speed": 36.98076248168945, "congestion": 3.589198112487793}}, {"type": "Feature", "geometry": {"type": "LineString", "coordinates": [[106.7115512, 10.8016017], [106.7114473, 10.8016858]]}, "properties": {"speed": 21.578834533691406, "congestion": 5.262109756469727}}, {"type": "Feature", "geometry": {"type": "LineString", "coordinates": [[106.7114473, 10.8016858], [106.7114279, 10.802169]]}, "properties": {"speed": 20.676712036132812, "congestion": 5.782589435577393}}, {"type": "Feature", "geometry": {"type": "LineString", "coordinates": [[106.7114473, 10.8016858], [106.7112111, 10.8016809]]}, "properties": {"speed": 28.567962646484375, "congestion": 4.909921646118164}}, {"type": "Feature", "geometry": {"type": "LineString", "coordinates": [[106.7112111, 10.8016809], [106.7110915, 10.8015651]]}, "properties": {"speed": 25.760295867919922, "congestion": 4.728325843811035}}, {"type": "Feature", "geometry": {"type": "LineString", "coordinates": [[106.7111687, 10.7994936], [106.7112997, 10.8006438]]}, "properties": {"speed": 22.95594596862793, "congestion": 4.092744827270508}}, {"type": "Feature", "geometry": {"type": "LineString", "coordinates": [[106.7111687, 10.7994936], [106.7110937, 10.7995023]]}, "properties": {"speed": 23.884201049804688, "congestion": 3.792893409729004}}, {"type": "Feature", "geometry": {"type": "LineString", "coordinates": [[106.710204, 10.7996228], [106.7099003, 10.7998045]]}, "properties": {"speed": 24.875001907348633, "congestion": 3.73276424407959}}, {"type": "Feature", "geometry": {"type": "LineString", "coordinates": [[106.7099003, 10.7998045], [106.7104489, 10.8000696]]}, "properties": {"speed": 24.875001907348633, "congestion": 3.73276424407959}}, {"type": "Feature", "geometry": {"type": "LineString", "coordinates": [[106.6972114, 10.7612608], [106.6971324, 10.7613298]]}, "properties": {"speed": 26.86620330810547, "congestion": 4.433913707733154}}, {"type": "Feature", "geometry": {"type": "LineString", "coordinates": [[106.6972114, 10.7612608], [106.6973657, 10.7611218]]}, "properties": {"speed": 17.91197967529297, "congestion": 3.6694247722625732}}, {"type": "Feature", "geometry": {"type": "LineString", "coordinates": [[106.6972114, 10.7612608], [106.6973759, 10.7614666]]}, "properties": {"speed": 34.87690353393555, "congestion": 3.264533758163452}}, {"type": "Feature", "geometry": {"type": "LineString", "coordinates": [[106.6826423, 10.7952664], [106.6822033, 10.7956227]]}, "properties": {"speed": 26.980159759521484, "congestion": 4.431110382080078}}, {"type": "Feature", "geometry": {"type": "LineString", "coordinates": [[106.6826423, 10.7952664], [106.684148, 10.796989]]}, "properties": {"speed": 26.753990173339844, "congestion": 4.286334991455078}}, {"type": "Feature", "geometry": {"type": "LineString", "coordinates": [[106.6826423, 10.7952664], [106.6836565, 10.7944714]]}, "properties": {"speed": 26.31052017211914, "congestion": 4.24929141998291}}, {"type": "Feature", "geometry": {"type": "LineString", "coordinates": [[106.6764767, 10.7916392], [106.6761674, 10.7916516]]}, "properties": {"speed": 19.430461883544922, "congestion": 6.700336456298828}}, {"type": "Feature", "geometry": {"type": "LineString", "coordinates": [[106.6764767, 10.7916392], [106.6775713, 10.7921048]]}, "properties": {"speed": 14.89687728881836, "congestion": 7.759771347045898}}, {"type": "Feature", "geometry": {"type": "LineString", "coordinates": [[106.7030389, 10.7669874], [106.7013955, 10.7653067]]}, "properties": {"speed": 34.55536651611328, "congestion": 3.3168411254882812}}, {"type": "Feature", "geometry": {"type": "LineString", "coordinates": [[106.7030389, 10.7669874], [106.7010054, 10.7646063]]}, "properties": {"speed": 34.666473388671875, "congestion": 3.5985043048858643}}, {"type": "Feature", "geometry": {"type": "LineString", "coordinates": [[106.7013955, 10.7653067], [106.7010478, 10.7657093]]}, "properties": {"speed": 34.22774887084961, "congestion": 3.153475046157837}}, {"type": "Feature", "geometry": {"type": "LineString", "coordinates": [[106.6997734, 10.7672511], [106.6988516, 10.7684134]]}, "properties": {"speed": 18.83019256591797, "congestion": 5.711232662200928}}, {"type": "Feature", "geometry": {"type": "LineString", "coordinates": [[106.6997734, 10.7672511], [106.7010057, 10.765631]]}, "properties": {"speed": 28.82608985900879, "congestion": 4.205186367034912}}, {"type": "Feature", "geometry": {"type": "LineString", "coordinates": [[106.6997734, 10.7672511], [106.6998594, 10.7673258]]}, "properties": {"speed": 19.438541412353516, "congestion": 5.575211524963379}}, {"type": "Feature", "geometry": {"type": "LineString", "coordinates": [[106.6997734, 10.7672511], [106.6996863, 10.7671715]]}, "properties": {"speed": 20.01049041748047, "congestion": 5.387669086456299}}, {"type": "Feature", "geometry": {"type": "LineString", "coordinates": [[106.6994861, 10.760291], [106.6999092, 10.7605997]]}, "properties": {"speed": 24.71918487548828, "congestion": 4.333991050720215}}, {"type": "Feature", "geometry": {"type": "LineString", "coordinates": [[106.7010057, 10.765631], [106.7014005, 10.7651915]]}, "properties": {"speed": 36.341426849365234, "congestion": 3.148452043533325}}, {"type": "Feature", "geometry": {"type": "LineString", "coordinates": [[106.7010478, 10.7657093], [106.6997734, 10.7672511]]}, "properties": {"speed": 32.646385192871094, "congestion": 3.171660900115967}}, {"type": "Feature", "geometry": {"type": "LineString", "coordinates": [[106.7010478, 10.7657093], [106.7016057, 10.7665511]]}, "properties": {"speed": 36.91404342651367, "congestion": 3.006617546081543}}, {"type": "Feature", "geometry": {"type": "LineString", "coordinates": [[106.700621, 10.7663412], [106.6998594, 10.7673258]]}, "properties": {"speed": 26.918224334716797, "congestion": 3.802558422088623}}, {"type": "Feature", "geometry": {"type": "LineString", "coordinates": [[106.7016057, 10.7665511], [106.7022473, 10.7674021]]}, "properties": {"speed": 40.792232513427734, "congestion": 3.085686206817627}}, {"type": "Feature", "geometry": {"type": "LineString", "coordinates": [[106.7016057, 10.7665511], [106.7024381, 10.7678364]]}, "properties": {"speed": 39.48107147216797, "congestion": 2.874579429626465}}, {"type": "Feature", "geometry": {"type": "LineString", "coordinates": [[106.700978, 10.7663531], [106.700621, 10.7663412]]}, "properties": {"speed": 25.16631317138672, "congestion": 3.2928857803344727}}, {"type": "Feature", "geometry": {"type": "LineString", "coordinates": [[106.700978, 10.7663531], [106.7006283, 10.7658537]]}, "properties": {"speed": 34.42912292480469, "congestion": 3.5393874645233154}}, {"type": "Feature", "geometry": {"type": "LineString", "coordinates": [[106.7015079, 10.764934], [106.7017118, 10.7651372]]}, "properties": {"speed": 32.743682861328125, "congestion": 3.4659180641174316}}, {"type": "Feature", "geometry": {"type": "LineString", "coordinates": [[106.7015079, 10.764934], [106.7032543, 10.7637848]]}, "properties": {"speed": 32.83989334106445, "congestion": 3.368300676345825}}, {"type": "Feature", "geometry": {"type": "LineString", "coordinates": [[106.7017118, 10.7651372], [106.7022746, 10.7658008]]}, "properties": {"speed": 29.293142318725586, "congestion": 3.6584863662719727}}, {"type": "Feature", "geometry": {"type": "LineString", "coordinates": [[106.6994389, 10.7609052], [106.6985088, 10.7607132]]}, "properties": {"speed": 36.61423110961914, "congestion": 3.160586357116699}}, {"type": "Feature", "geometry": {"type": "LineString", "coordinates": [[106.6994389, 10.7609052], [106.7001088, 10.7613976]]}, "properties": {"speed": 34.25382614135742, "congestion": 3.8245179653167725}}, {"type": "Feature", "geometry": {"type": "LineString", "coordinates": [[106.6999092, 10.7605997], [106.7003993, 10.7609437]]}, "properties": {"speed": 24.475522994995117, "congestion": 4.884108543395996}}, {"type": "Feature", "geometry": {"type": "LineString", "coordinates": [[106.6973026, 10.7650936], [106.6981643, 10.7658757]]}, "properties": {"speed": 19.18471336364746, "congestion": 5.099024772644043}}, {"type": "Feature", "geometry": {"type": "LineString", "coordinates": [[106.6973026, 10.7650936], [106.6971322, 10.7652402]]}, "properties": {"speed": 29.52971649169922, "congestion": 3.5423877239227295}}, {"type": "Feature", "geometry": {"type": "LineString", "coordinates": [[106.6985088, 10.7607132], [106.6994389, 10.7609052]]}, "properties": {"speed": 34.25382614135742, "congestion": 3.8245179653167725}}, {"type": "Feature", "geometry": {"type": "LineString", "coordinates": [[106.6985088, 10.7607132], [106.6984148, 10.7606474]]}, "properties": {"speed": 22.546875, "congestion": 6.3236799240112305}}, {"type": "Feature", "geometry": {"type": "LineString", "coordinates": [[106.6985088, 10.7607132], [106.6978333, 10.761359]]}, "properties": {"speed": 36.61423110961914, "congestion": 3.160586357116699}}, {"type": "Feature", "geometry": {"type": "LineString", "coordinates": [[106.697986, 10.7603399], [106.6984148, 10.7606474]]}, "properties": {"speed": 29.130353927612305, "congestion": 4.370876312255859}}, {"type": "Feature", "geometry": {"type": "LineString", "coordinates": [[106.697986, 10.7603399], [106.6982197, 10.7600254]]}, "properties": {"speed": 22.262123107910156, "congestion": 6.231095314025879}}, {"type": "Feature", "geometry": {"type": "LineString", "coordinates": [[106.697986, 10.7603399], [106.6973657, 10.7611218]]}, "properties": {"speed": 23.6890926361084, "congestion": 5.281624794006348}}, {"type": "Feature", "geometry": {"type": "LineString", "coordinates": [[106.6984148, 10.7606474], [106.6985088, 10.7607132]]}, "properties": {"speed": 34.25382614135742, "congestion": 3.8245179653167725}}, {"type": "Feature", "geometry": {"type": "LineString", "coordinates": [[106.6984148, 10.7606474], [106.697986, 10.7603399]]}, "properties": {"speed": 22.546875, "congestion": 6.3236799240112305}}, {"type": "Feature", "geometry": {"type": "LineString", "coordinates": [[106.6975465, 10.7616837], [106.6985998, 10.763029]]}, "properties": {"speed": 33.533775329589844, "congestion": 3.6665420532226562}}, {"type": "Feature", "geometry": {"type": "LineString", "coordinates": [[106.6975465, 10.7616837], [106.6978333, 10.761359]]}, "properties": {"speed": 30.09984016418457, "congestion": 4.37816047668457}}, {"type": "Feature", "geometry": {"type": "LineString", "coordinates": [[106.7060968, 10.7673447], [106.7064231, 10.7667788]]}, "properties": {"speed": 29.947486877441406, "congestion": 3.960822105407715}}, {"type": "Feature", "geometry": {"type": "LineString", "coordinates": [[106.7057529, 10.76843], [106.7054391, 10.7683527]]}, "properties": {"speed": 24.771400451660156, "congestion": 3.8181638717651367}}, {"type": "Feature", "geometry": {"type": "LineString", "coordinates": [[106.7057529, 10.76843], [106.7058912, 10.7681129]]}, "properties": {"speed": 23.728803634643555, "congestion": 3.7502365112304688}}, {"type": "Feature", "geometry": {"type": "LineString", "coordinates": [[106.7071997, 10.7652206], [106.707136, 10.7651898]]}, "properties": {"speed": 22.246755599975586, "congestion": 6.091432571411133}}, {"type": "Feature", "geometry": {"type": "LineString", "coordinates": [[106.7071997, 10.7652206], [106.7064954, 10.7668202]]}, "properties": {"speed": 31.107547760009766, "congestion": 3.4420690536499023}}, {"type": "Feature", "geometry": {"type": "LineString", "coordinates": [[106.7063184, 10.7707757], [106.7066578, 10.7749437]]}, "properties": {"speed": 37.37649154663086, "congestion": 3.080183506011963}}, {"type": "Feature", "geometry": {"type": "LineString", "coordinates": [[106.7051609, 10.7694232], [106.7041995, 10.7690648]]}, "properties": {"speed": 34.30272674560547, "congestion": 3.2328526973724365}}, {"type": "Feature", "geometry": {"type": "LineString", "coordinates": [[106.7051609, 10.7694232], [106.7063184, 10.7707757]]}, "properties": {"speed": 34.96323776245117, "congestion": 3.1167659759521484}}, {"type": "Feature", "geometry": {"type": "LineString", "coordinates": [[106.7051609, 10.7694232], [106.7046901, 10.7703541]]}, "properties": {"speed": 33.33112335205078, "congestion": 3.4885973930358887}}, {"type": "Feature", "geometry": {"type": "LineString", "coordinates": [[106.7013496, 10.7671087], [106.7007414, 10.7680964]]}, "properties": {"speed": 35.984642028808594, "congestion": 3.5398101806640625}}, {"type": "Feature", "geometry": {"type": "LineString", "coordinates": [[106.7013496, 10.7671087], [106.7010492, 10.7664951]]}, "properties": {"speed": 34.69109344482422, "congestion": 3.2571845054626465}}, {"type": "Feature", "geometry": {"type": "LineString", "coordinates": [[106.7023387, 10.7682131], [106.7013496, 10.7671087]]}, "properties": {"speed": 37.030548095703125, "congestion": 3.0783236026763916}}, {"type": "Feature", "geometry": {"type": "LineString", "coordinates": [[106.7120976, 10.760359], [106.712057, 10.7602945]]}, "properties": {"speed": 25.273841857910156, "congestion": 8.205530166625977}}, {"type": "Feature", "geometry": {"type": "LineString", "coordinates": [[106.7120976, 10.760359], [106.7097603, 10.7617296]]}, "properties": {"speed": 25.102380752563477, "congestion": 8.291534423828125}}, {"type": "Feature", "geometry": {"type": "LineString", "coordinates": [[106.7060988, 10.7675486], [106.7063184, 10.7707757]]}, "properties": {"speed": 36.11327362060547, "congestion": 3.5246806144714355}}, {"type": "Feature", "geometry": {"type": "LineString", "coordinates": [[106.7060988, 10.7675486], [106.7059195, 10.7680569]]}, "properties": {"speed": 32.75870132446289, "congestion": 3.6946229934692383}}, {"type": "Feature", "geometry": {"type": "LineString", "coordinates": [[106.7059195, 10.7680569], [106.7058912, 10.7681129]]}, "properties": {"speed": 30.372785568237305, "congestion": 3.740593433380127}}, {"type": "Feature", "geometry": {"type": "LineString", "coordinates": [[106.7059195, 10.7680569], [106.7064498, 10.767163]]}, "properties": {"speed": 32.30280303955078, "congestion": 3.565263509750366}}, {"type": "Feature", "geometry": {"type": "LineString", "coordinates": [[106.7020328, 10.7677182], [106.7015349, 10.7671636]]}, "properties": {"speed": 36.38532638549805, "congestion": 3.427279233932495}}, {"type": "Feature", "geometry": {"type": "LineString", "coordinates": [[106.7046901, 10.7703541], [106.704554, 10.7706475]]}, "properties": {"speed": 35.502689361572266, "congestion": 3.3751537799835205}}, {"type": "Feature", "geometry": {"type": "LineString", "coordinates": [[106.708407, 10.7625661], [106.7083242, 10.7625179]]}, "properties": {"speed": 20.400001525878906, "congestion": 8.29699993133545}}, {"type": "Feature", "geometry": {"type": "LineString", "coordinates": [[106.708407, 10.7625661], [106.7077287, 10.764028]]}, "properties": {"speed": 18.845138549804688, "congestion": 6.871510982513428}}, {"type": "Feature", "geometry": {"type": "LineString", "coordinates": [[106.7031197, 10.7760291], [106.7037077, 10.7769646]]}, "properties": {"speed": 16.965274810791016, "congestion": 4.114495754241943}}, {"type": "Feature", "geometry": {"type": "LineString", "coordinates": [[106.7031197, 10.7760291], [106.7035916, 10.7755944]]}, "properties": {"speed": 24.055198669433594, "congestion": 4.531606674194336}}, {"type": "Feature", "geometry": {"type": "LineString", "coordinates": [[106.7027286, 10.7763893], [106.7029698, 10.7761671]]}, "properties": {"speed": 27.97986602783203, "congestion": 4.540074348449707}}, {"type": "Feature", "geometry": {"type": "LineString", "coordinates": [[106.7027286, 10.7763893], [106.7021203, 10.7757406]]}, "properties": {"speed": 14.44131851196289, "congestion": 5.51624870300293}}, {"type": "Feature", "geometry": {"type": "LineString", "coordinates": [[106.7000059, 10.7731909], [106.6999346, 10.7732524]]}, "properties": {"speed": 26.81024932861328, "congestion": 4.775515079498291}}, {"type": "Feature", "geometry": {"type": "LineString", "coordinates": [[106.7000059, 10.7731909], [106.7001272, 10.7733219]]}, "properties": {"speed": 25.325693130493164, "congestion": 6.130762577056885}}, {"type": "Feature", "geometry": {"type": "LineString", "coordinates": [[106.7012198, 10.7765708], [106.7009788, 10.7762943]]}, "properties": {"speed": 25.79088592529297, "congestion": 3.919224262237549}}, {"type": "Feature", "geometry": {"type": "LineString", "coordinates": [[106.7029698, 10.7761671], [106.7031197, 10.7760291]]}, "properties": {"speed": 24.493757247924805, "congestion": 4.034611701965332}}, {"type": "Feature", "geometry": {"type": "LineString", "coordinates": [[106.697816, 10.7809287], [106.6969717, 10.7817005]]}, "properties": {"speed": 14.643057823181152, "congestion": 6.313602924346924}}, {"type": "Feature", "geometry": {"type": "LineString", "coordinates": [[106.697816, 10.7809287], [106.6979302, 10.7808244]]}, "properties": {"speed": 22.019798278808594, "congestion": 5.279147624969482}}, {"type": "Feature", "geometry": {"type": "LineString", "coordinates": [[106.712057, 10.7602945], [106.7120976, 10.760359]]}, "properties": {"speed": 25.98255157470703, "congestion": 5.195703506469727}}, {"type": "Feature", "geometry": {"type": "LineString", "coordinates": [[106.6979302, 10.7808244], [106.6968156, 10.7796409]]}, "properties": {"speed": 21.573898315429688, "congestion": 5.024288177490234}}, {"type": "Feature", "geometry": {"type": "LineString", "coordinates": [[106.6979302, 10.7808244], [106.697816, 10.7809287]]}, "properties": {"speed": 21.206130981445312, "congestion": 5.019108772277832}}, {"type": "Feature", "geometry": {"type": "LineString", "coordinates": [[106.6979302, 10.7808244], [106.6984619, 10.7803384]]}, "properties": {"speed": 19.899574279785156, "congestion": 5.599123001098633}}, {"type": "Feature", "geometry": {"type": "LineString", "coordinates": [[106.7016608, 10.7865567], [106.7022445, 10.7872347]]}, "properties": {"speed": 26.603357315063477, "congestion": 5.113424777984619}}, {"type": "Feature", "geometry": {"type": "LineString", "coordinates": [[106.7016608, 10.7865567], [106.7015755, 10.786639]]}, "properties": {"speed": 19.691492080688477, "congestion": 5.901752471923828}}, {"type": "Feature", "geometry": {"type": "LineString", "coordinates": [[106.7016608, 10.7865567], [106.701946, 10.7862715]]}, "properties": {"speed": 23.841487884521484, "congestion": 4.148792743682861}}, {"type": "Feature", "geometry": {"type": "LineString", "coordinates": [[106.7022445, 10.7872347], [106.7025996, 10.7876142]]}, "properties": {"speed": 26.955942153930664, "congestion": 5.277626991271973}}, {"type": "Feature", "geometry": {"type": "LineString", "coordinates": [[106.6999169, 10.7639605], [106.6971324, 10.7613298]]}, "properties": {"speed": 38.78691101074219, "congestion": 3.146122932434082}}, {"type": "Feature", "geometry": {"type": "LineString", "coordinates": [[106.7014005, 10.7651915], [106.6999169, 10.7639605]]}, "properties": {"speed": 37.47551727294922, "congestion": 3.0057058334350586}}, {"type": "Feature", "geometry": {"type": "LineString", "coordinates": [[106.7014005, 10.7651915], [106.7032543, 10.7637848]]}, "properties": {"speed": 34.751041412353516, "congestion": 3.1382319927215576}}, {"type": "Feature", "geometry": {"type": "LineString", "coordinates": [[106.7138879, 10.7893877], [106.712201, 10.7896678]]}, "properties": {"speed": 40.28850555419922, "congestion": 3.037177801132202}}, {"type": "Feature", "geometry": {"type": "LineString", "coordinates": [[106.7063606, 10.7671262], [106.7060988, 10.7675486]]}, "properties": {"speed": 30.86168670654297, "congestion": 3.6301968097686768}}, {"type": "Feature", "geometry": {"type": "LineString", "coordinates": [[106.7029757, 10.7627383], [106.702924, 10.7627984]]}, "properties": {"speed": 21.66493034362793, "congestion": 5.2049360275268555}}, {"type": "Feature", "geometry": {"type": "LineString", "coordinates": [[106.7029757, 10.7627383], [106.7037793, 10.763368]]}, "properties": {"speed": 20.083913803100586, "congestion": 5.914624214172363}}, {"type": "Feature", "geometry": {"type": "LineString", "coordinates": [[106.713571, 10.7891176], [106.7145824, 10.788623]]}, "properties": {"speed": 44.83976745605469, "congestion": 3.055612087249756}}, {"type": "Feature", "geometry": {"type": "LineString", "coordinates": [[106.713571, 10.7891176], [106.7133014, 10.7885039]]}, "properties": {"speed": 44.83976745605469, "congestion": 3.055612087249756}}, {"type": "Feature", "geometry": {"type": "LineString", "coordinates": [[106.713571, 10.7891176], [106.7139636, 10.7897616]]}, "properties": {"speed": 41.98225402832031, "congestion": 3.05954647064209}}, {"type": "Feature", "geometry": {"type": "LineString", "coordinates": [[106.7148132, 10.7893196], [106.7138879, 10.7893877]]}, "properties": {"speed": 39.855224609375, "congestion": 3.1038241386413574}}, {"type": "Feature", "geometry": {"type": "LineString", "coordinates": [[106.7148132, 10.7893196], [106.7147977, 10.7895486]]}, "properties": {"speed": 36.38263702392578, "congestion": 3.1367545127868652}}, {"type": "Feature", "geometry": {"type": "LineString", "coordinates": [[106.7147878, 10.7896964], [106.7147977, 10.7895486]]}, "properties": {"speed": 41.281734466552734, "congestion": 3.0608856678009033}}, {"type": "Feature", "geometry": {"type": "LineString", "coordinates": [[106.7025996, 10.7876142], [106.7028609, 10.7878944]]}, "properties": {"speed": 27.04816246032715, "congestion": 5.558626651763916}}, {"type": "Feature", "geometry": {"type": "LineString", "coordinates": [[106.7025647, 10.7765403], [106.7027286, 10.7763893]]}, "properties": {"speed": 19.915796279907227, "congestion": 4.090972900390625}}, {"type": "Feature", "geometry": {"type": "LineString", "coordinates": [[106.6982197, 10.7600254], [106.697986, 10.7603399]]}, "properties": {"speed": 20.509178161621094, "congestion": 6.30703067779541}}, {"type": "Feature", "geometry": {"type": "LineString", "coordinates": [[106.7007783, 10.7618543], [106.700184, 10.7614587]]}, "properties": {"speed": 35.99272918701172, "congestion": 3.0904312133789062}}, {"type": "Feature", "geometry": {"type": "LineString", "coordinates": [[106.7022337, 10.7631467], [106.7020981, 10.7632808]]}, "properties": {"speed": 31.578086853027344, "congestion": 3.4991769790649414}}, {"type": "Feature", "geometry": {"type": "LineString", "coordinates": [[106.7015483, 10.7639048], [106.7020981, 10.7632808]]}, "properties": {"speed": 29.65833854675293, "congestion": 5.024758815765381}}, {"type": "Feature", "geometry": {"type": "LineString", "coordinates": [[106.7015483, 10.7639048], [106.7008629, 10.7636284]]}, "properties": {"speed": 36.16236114501953, "congestion": 3.3297834396362305}}, {"type": "Feature", "geometry": {"type": "LineString", "coordinates": [[106.7015483, 10.7639048], [106.7013136, 10.7641915]]}, "properties": {"speed": 31.56863021850586, "congestion": 3.5142107009887695}}, {"type": "Feature", "geometry": {"type": "LineString", "coordinates": [[106.6991352, 10.764818], [106.6988108, 10.7646417]]}, "properties": {"speed": 27.455078125, "congestion": 4.573124885559082}}, {"type": "Feature", "geometry": {"type": "LineString", "coordinates": [[106.7006283, 10.7658537], [106.7000379, 10.7654683]]}, "properties": {"speed": 31.077552795410156, "congestion": 4.559172630310059}}, {"type": "Feature", "geometry": {"type": "LineString", "coordinates": [[106.6977426, 10.7643008], [106.6973026, 10.7650936]]}, "properties": {"speed": 25.84577751159668, "congestion": 3.8218891620635986}}, {"type": "Feature", "geometry": {"type": "LineString", "coordinates": [[106.6977426, 10.7643008], [106.6975341, 10.7641724]]}, "properties": {"speed": 18.626476287841797, "congestion": 4.575644016265869}}, {"type": "Feature", "geometry": {"type": "LineString", "coordinates": [[106.6988108, 10.7646417], [106.6981123, 10.7641896]]}, "properties": {"speed": 27.048343658447266, "congestion": 5.015465259552002}}, {"type": "Feature", "geometry": {"type": "LineString", "coordinates": [[106.6980282, 10.7639857], [106.6979537, 10.7640569]]}, "properties": {"speed": 31.18475341796875, "congestion": 3.9694719314575195}}, {"type": "Feature", "geometry": {"type": "LineString", "coordinates": [[106.6980282, 10.7639857], [106.6978039, 10.7637934]]}, "properties": {"speed": 31.033334732055664, "congestion": 3.7417919635772705}}, {"type": "Feature", "geometry": {"type": "LineString", "coordinates": [[106.7022473, 10.7674021], [106.7034096, 10.7686141]]}, "properties": {"speed": 37.30939865112305, "congestion": 3.0971784591674805}}, {"type": "Feature", "geometry": {"type": "LineString", "coordinates": [[106.6987998, 10.7648501], [106.6981643, 10.7658757]]}, "properties": {"speed": 21.06230926513672, "congestion": 3.5632760524749756}}, {"type": "Feature", "geometry": {"type": "LineString", "coordinates": [[106.6987998, 10.7648501], [106.6988108, 10.7646417]]}, "properties": {"speed": 31.83987808227539, "congestion": 3.6750805377960205}}, {"type": "Feature", "geometry": {"type": "LineString", "coordinates": [[106.7002293, 10.7652201], [106.7024381, 10.7678364]]}, "properties": {"speed": 36.220252990722656, "congestion": 3.085724115371704}}, {"type": "Feature", "geometry": {"type": "LineString", "coordinates": [[106.7002293, 10.7652201], [106.7001553, 10.765327]]}, "properties": {"speed": 33.344425201416016, "congestion": 5.54560661315918}}, {"type": "Feature", "geometry": {"type": "LineString", "coordinates": [[106.6981126, 10.763832], [106.6980282, 10.7639857]]}, "properties": {"speed": 31.07781219482422, "congestion": 4.18191385269165}}, {"type": "Feature", "geometry": {"type": "LineString", "coordinates": [[106.6981126, 10.763832], [106.6982203, 10.7639188]]}, "properties": {"speed": 29.00347137451172, "congestion": 7.373372554779053}}, {"type": "Feature", "geometry": {"type": "LineString", "coordinates": [[106.6948898, 10.7945043], [106.6953353, 10.7944779]]}, "properties": {"speed": 30.42881965637207, "congestion": 3.2372074127197266}}, {"type": "Feature", "geometry": {"type": "LineString", "coordinates": [[106.7006232, 10.7939377], [106.700158, 10.793832]]}, "properties": {"speed": 37.32978057861328, "congestion": 3.305270195007324}}, {"type": "Feature", "geometry": {"type": "LineString", "coordinates": [[106.7006232, 10.7939377], [106.700902, 10.7938919]]}, "properties": {"speed": 34.8774299621582, "congestion": 3.278811454772949}}, {"type": "Feature", "geometry": {"type": "LineString", "coordinates": [[106.6991161, 10.7923305], [106.6993394, 10.7921292]]}, "properties": {"speed": 26.2491455078125, "congestion": 4.014269828796387}}, {"type": "Feature", "geometry": {"type": "LineString", "coordinates": [[106.6991161, 10.7923305], [106.6985829, 10.7916703]]}, "properties": {"speed": 29.136505126953125, "congestion": 3.571312427520752}}, {"type": "Feature", "geometry": {"type": "LineString", "coordinates": [[106.6997671, 10.792411], [106.6998925, 10.7925776]]}, "properties": {"speed": 34.132694244384766, "congestion": 3.311002731323242}}, {"type": "Feature", "geometry": {"type": "LineString", "coordinates": [[106.6997671, 10.792411], [106.6996294, 10.7926286]]}, "properties": {"speed": 26.461458206176758, "congestion": 3.533291816711426}}, {"type": "Feature", "geometry": {"type": "LineString", "coordinates": [[106.7009889, 10.7939827], [106.7006232, 10.7939377]]}, "properties": {"speed": 37.92726135253906, "congestion": 3.34218168258667}}, {"type": "Feature", "geometry": {"type": "LineString", "coordinates": [[106.7009889, 10.7939827], [106.700902, 10.7938919]]}, "properties": {"speed": 36.30329513549805, "congestion": 3.2495925426483154}}, {"type": "Feature", "geometry": {"type": "LineString", "coordinates": [[106.6985829, 10.7916703], [106.6975675, 10.790616]]}, "properties": {"speed": 26.29169464111328, "congestion": 4.171947479248047}}, {"type": "Feature", "geometry": {"type": "LineString", "coordinates": [[106.6985829, 10.7916703], [106.6980774, 10.79215]]}, "properties": {"speed": 28.881540298461914, "congestion": 3.5412399768829346}}, {"type": "Feature", "geometry": {"type": "LineString", "coordinates": [[106.7013429, 10.7941473], [106.7016969, 10.7944974]]}, "properties": {"speed": 37.83212661743164, "congestion": 3.369473934173584}}, {"type": "Feature", "geometry": {"type": "LineString", "coordinates": [[106.7014922, 10.7935387], [106.7012471, 10.7936134]]}, "properties": {"speed": 38.75053024291992, "congestion": 3.383193016052246}}, {"type": "Feature", "geometry": {"type": "LineString", "coordinates": [[106.7012471, 10.7936134], [106.7013429, 10.7941473]]}, "properties": {"speed": 38.75053024291992, "congestion": 3.383193016052246}}, {"type": "Feature", "geometry": {"type": "LineString", "coordinates": [[106.700158, 10.793832], [106.7006232, 10.7939377]]}, "properties": {"speed": 33.582637786865234, "congestion": 3.3506765365600586}}, {"type": "Feature", "geometry": {"type": "LineString", "coordinates": [[106.700158, 10.793832], [106.7011478, 10.7935374]]}, "properties": {"speed": 38.75053024291992, "congestion": 3.383193016052246}}, {"type": "Feature", "geometry": {"type": "LineString", "coordinates": [[106.7015349, 10.7671636], [106.7013496, 10.7671087]]}, "properties": {"speed": 36.07965850830078, "congestion": 3.543806314468384}}, {"type": "Feature", "geometry": {"type": "LineString", "coordinates": [[106.7015349, 10.7671636], [106.7010492, 10.7664951]]}, "properties": {"speed": 34.24462127685547, "congestion": 3.8673689365386963}}, {"type": "Feature", "geometry": {"type": "LineString", "coordinates": [[106.7010492, 10.7664951], [106.700978, 10.7663531]]}, "properties": {"speed": 34.751773834228516, "congestion": 3.492932081222534}}, {"type": "Feature", "geometry": {"type": "LineString", "coordinates": [[106.7034182, 10.7709258], [106.7024697, 10.7709739]]}, "properties": {"speed": 17.414756774902344, "congestion": 5.51141357421875}}, {"type": "Feature", "geometry": {"type": "LineString", "coordinates": [[106.7024697, 10.7709739], [106.7024222, 10.7710773]]}, "properties": {"speed": 24.59843635559082, "congestion": 3.819338798522949}}, {"type": "Feature", "geometry": {"type": "LineString", "coordinates": [[106.7024697, 10.7709739], [106.701441, 10.7710322]]}, "properties": {"speed": 28.683677673339844, "congestion": 4.531737327575684}}, {"type": "Feature", "geometry": {"type": "LineString", "coordinates": [[106.6876058, 10.7862874], [106.6866075, 10.7833377]]}, "properties": {"speed": 25.057003021240234, "congestion": 4.065713882446289}}, {"type": "Feature", "geometry": {"type": "LineString", "coordinates": [[106.6876058, 10.7862874], [106.6876762, 10.786401]]}, "properties": {"speed": 24.75786781311035, "congestion": 4.497411727905273}}, {"type": "Feature", "geometry": {"type": "LineString", "coordinates": [[106.6876058, 10.7862874], [106.6888979, 10.7851125]]}, "properties": {"speed": 23.805953979492188, "congestion": 4.2268266677856445}}, {"type": "Feature", "geometry": {"type": "LineString", "coordinates": [[106.6852127, 10.7884963], [106.6852701, 10.7886239]]}, "properties": {"speed": 29.74329948425293, "congestion": 3.6020731925964355}}, {"type": "Feature", "geometry": {"type": "LineString", "coordinates": [[106.6852127, 10.7884963], [106.6854309, 10.7882958]]}, "properties": {"speed": 24.35551643371582, "congestion": 5.045590400695801}}, {"type": "Feature", "geometry": {"type": "LineString", "coordinates": [[106.6827476, 10.790763], [106.6828556, 10.7908309]]}, "properties": {"speed": 34.08056640625, "congestion": 3.31927227973938}}, {"type": "Feature", "geometry": {"type": "LineString", "coordinates": [[106.6827476, 10.790763], [106.6841035, 10.7895101]]}, "properties": {"speed": 30.459754943847656, "congestion": 3.770218849182129}}, {"type": "Feature", "geometry": {"type": "LineString", "coordinates": [[106.6799899, 10.7929032], [106.6800466, 10.7929933]]}, "properties": {"speed": 22.51017189025879, "congestion": 6.065870761871338}}, {"type": "Feature", "geometry": {"type": "LineString", "coordinates": [[106.6799899, 10.7929032], [106.6796949, 10.7924553]]}, "properties": {"speed": 19.007293701171875, "congestion": 3.901848793029785}}, {"type": "Feature", "geometry": {"type": "LineString", "coordinates": [[106.6799899, 10.7929032], [106.6803753, 10.7926732]]}, "properties": {"speed": 31.54977035522461, "congestion": 3.616107940673828}}, {"type": "Feature", "geometry": {"type": "LineString", "coordinates": [[106.6778628, 10.7941537], [106.6778607, 10.7942967]]}, "properties": {"speed": 22.350811004638672, "congestion": 5.324896812438965}}, {"type": "Feature", "geometry": {"type": "LineString", "coordinates": [[106.6778628, 10.7941537], [106.6781691, 10.7939873]]}, "properties": {"speed": 22.166542053222656, "congestion": 5.938802242279053}}, {"type": "Feature", "geometry": {"type": "LineString", "coordinates": [[106.6778628, 10.7941537], [106.6778765, 10.793843]]}, "properties": {"speed": 22.389001846313477, "congestion": 4.353103160858154}}, {"type": "Feature", "geometry": {"type": "LineString", "coordinates": [[106.6770439, 10.7946532], [106.6778628, 10.7941537]]}, "properties": {"speed": 22.39994239807129, "congestion": 5.432309627532959}}, {"type": "Feature", "geometry": {"type": "LineString", "coordinates": [[106.7099301, 10.7952896], [106.7099065, 10.7953381]]}, "properties": {"speed": 22.90069007873535, "congestion": 4.121156215667725}}, {"type": "Feature", "geometry": {"type": "LineString", "coordinates": [[106.7101609, 10.7957957], [106.7103684, 10.796315]]}, "properties": {"speed": 24.79206085205078, "congestion": 4.270780086517334}}, {"type": "Feature", "geometry": {"type": "LineString", "coordinates": [[106.7101609, 10.7957957], [106.7109339, 10.7954599]]}, "properties": {"speed": 23.00828742980957, "congestion": 4.800000190734863}}, {"type": "Feature", "geometry": {"type": "LineString", "coordinates": [[106.6989721, 10.764404], [106.7010057, 10.765631]]}, "properties": {"speed": 37.47551727294922, "congestion": 3.0057058334350586}}, {"type": "Feature", "geometry": {"type": "LineString", "coordinates": [[106.6989721, 10.764404], [106.7002293, 10.7652201]]}, "properties": {"speed": 29.879093170166016, "congestion": 7.127721786499023}}, {"type": "Feature", "geometry": {"type": "LineString", "coordinates": [[106.7098041, 10.8010337], [106.7104245, 10.8011351]]}, "properties": {"speed": 40.6341552734375, "congestion": 3.511716604232788}}, {"type": "Feature", "geometry": {"type": "LineString", "coordinates": [[106.7111534, 10.7960839], [106.7109339, 10.7954599]]}, "properties": {"speed": 23.373611450195312, "congestion": 4.708150386810303}}, {"type": "Feature", "geometry": {"type": "LineString", "coordinates": [[106.7105405, 10.8014698], [106.7101381, 10.801408]]}, "properties": {"speed": 41.28993606567383, "congestion": 3.2146999835968018}}, {"type": "Feature", "geometry": {"type": "LineString", "coordinates": [[106.7018115, 10.7946846], [106.704303, 10.797257]]}, "properties": {"speed": 46.604347229003906, "congestion": 3.1677870750427246}}, {"type": "Feature", "geometry": {"type": "LineString", "coordinates": [[106.7018115, 10.7946846], [106.7042558, 10.7973]]}, "properties": {"speed": 38.14081954956055, "congestion": 3.2984397411346436}}, {"type": "Feature", "geometry": {"type": "LineString", "coordinates": [[106.7122063, 10.8015922], [106.7114279, 10.802169]]}, "properties": {"speed": 24.346351623535156, "congestion": 4.7964935302734375}}, {"type": "Feature", "geometry": {"type": "LineString", "coordinates": [[106.7122063, 10.8015922], [106.7115512, 10.8016017]]}, "properties": {"speed": 23.099565505981445, "congestion": 8.185992240905762}}, {"type": "Feature", "geometry": {"type": "LineString", "coordinates": [[106.7106277, 10.7969808], [106.7107835, 10.7973815]]}, "properties": {"speed": 25.71388816833496, "congestion": 4.250530242919922}}, {"type": "Feature", "geometry": {"type": "LineString", "coordinates": [[106.7106277, 10.7969808], [106.7105563, 10.7969974]]}, "properties": {"speed": 26.3626708984375, "congestion": 3.6710331439971924}}, {"type": "Feature", "geometry": {"type": "LineString", "coordinates": [[106.711558, 10.8013004], [106.7115512, 10.8016017]]}, "properties": {"speed": 20.29743194580078, "congestion": 5.457853317260742}}, {"type": "Feature", "geometry": {"type": "LineString", "coordinates": [[106.711558, 10.8013004], [106.7117969, 10.8012898]]}, "properties": {"speed": 29.809226989746094, "congestion": 3.9015274047851562}}, {"type": "Feature", "geometry": {"type": "LineString", "coordinates": [[106.7109339, 10.7954599], [106.7101609, 10.7957957]]}, "properties": {"speed": 23.373611450195312, "congestion": 4.708150386810303}}, {"type": "Feature", "geometry": {"type": "LineString", "coordinates": [[106.7098195, 10.801359], [106.7092032, 10.8010662]]}, "properties": {"speed": 40.1820182800293, "congestion": 3.296616554260254}}, {"type": "Feature", "geometry": {"type": "LineString", "coordinates": [[106.7098195, 10.801359], [106.7092837, 10.8012953]]}, "properties": {"speed": 34.96891784667969, "congestion": 3.767103910446167}}, {"type": "Feature", "geometry": {"type": "LineString", "coordinates": [[106.7126491, 10.8015782], [106.7125203, 10.8015823]]}, "properties": {"speed": 38.82478713989258, "congestion": 3.2856740951538086}}, {"type": "Feature", "geometry": {"type": "LineString", "coordinates": [[106.7127424, 10.8012607], [106.713904, 10.8011582]]}, "properties": {"speed": 37.24944305419922, "congestion": 3.30438232421875}}, {"type": "Feature", "geometry": {"type": "LineString", "coordinates": [[106.7127424, 10.8012607], [106.7146893, 10.8007867]]}, "properties": {"speed": 35.229515075683594, "congestion": 3.3896801471710205}}, {"type": "Feature", "geometry": {"type": "LineString", "coordinates": [[106.7091802, 10.800952], [106.7098041, 10.8010337]]}, "properties": {"speed": 43.65983581542969, "congestion": 3.0736327171325684}}, {"type": "Feature", "geometry": {"type": "LineString", "coordinates": [[106.7018128, 10.7620282], [106.7018856, 10.7619609]]}, "properties": {"speed": 25.831247329711914, "congestion": 4.408664703369141}}, {"type": "Feature", "geometry": {"type": "LineString", "coordinates": [[106.7018128, 10.7620282], [106.7014316, 10.7617456]]}, "properties": {"speed": 22.06753158569336, "congestion": 3.962527275085449}}, {"type": "Feature", "geometry": {"type": "LineString", "coordinates": [[106.7025205, 10.7708498], [106.7025753, 10.7707369]]}, "properties": {"speed": 24.268230438232422, "congestion": 3.762258768081665}}, {"type": "Feature", "geometry": {"type": "LineString", "coordinates": [[106.7025205, 10.7708498], [106.7024697, 10.7709739]]}, "properties": {"speed": 27.288442611694336, "congestion": 4.082968235015869}}, {"type": "Feature", "geometry": {"type": "LineString", "coordinates": [[106.7025205, 10.7708498], [106.7034753, 10.7707997]]}, "properties": {"speed": 26.377431869506836, "congestion": 3.6518046855926514}}, {"type": "Feature", "geometry": {"type": "LineString", "coordinates": [[106.6941025, 10.7701272], [106.6926934, 10.7695606]]}, "properties": {"speed": 26.22453498840332, "congestion": 3.959744453430176}}, {"type": "Feature", "geometry": {"type": "LineString", "coordinates": [[106.6941025, 10.7701272], [106.6941984, 10.7701665]]}, "properties": {"speed": 24.670480728149414, "congestion": 3.9302897453308105}}, {"type": "Feature", "geometry": {"type": "LineString", "coordinates": [[106.6941025, 10.7701272], [106.6946504, 10.769207]]}, "properties": {"speed": 23.1099796295166, "congestion": 4.2513017654418945}}, {"type": "Feature", "geometry": {"type": "LineString", "coordinates": [[106.702924, 10.7627984], [106.7029757, 10.7627383]]}, "properties": {"speed": 26.52109718322754, "congestion": 3.7603847980499268}}, {"type": "Feature", "geometry": {"type": "LineString", "coordinates": [[106.702924, 10.7627984], [106.7026531, 10.7626093]]}, "properties": {"speed": 29.67715072631836, "congestion": 3.58872389793396}}, {"type": "Feature", "geometry": {"type": "LineString", "coordinates": [[106.7034753, 10.7707997], [106.7045554, 10.7707457]]}, "properties": {"speed": 29.50971794128418, "congestion": 3.501338005065918}}, {"type": "Feature", "geometry": {"type": "LineString", "coordinates": [[106.6927925, 10.7648658], [106.6930357, 10.7651464]]}, "properties": {"speed": 30.16162872314453, "congestion": 3.5495316982269287}}, {"type": "Feature", "geometry": {"type": "LineString", "coordinates": [[106.6971322, 10.7652402], [106.6967128, 10.7658821]]}, "properties": {"speed": 31.77985382080078, "congestion": 3.594477415084839}}, {"type": "Feature", "geometry": {"type": "LineString", "coordinates": [[106.7037286, 10.7634297], [106.702924, 10.7627984]]}, "properties": {"speed": 25.868335723876953, "congestion": 4.32246732711792}}, {"type": "Feature", "geometry": {"type": "LineString", "coordinates": [[106.7037286, 10.7634297], [106.7037793, 10.763368]]}, "properties": {"speed": 26.224536895751953, "congestion": 4.281254291534424}}, {"type": "Feature", "geometry": {"type": "LineString", "coordinates": [[106.6963931, 10.7662167], [106.6956108, 10.7655737]]}, "properties": {"speed": 27.750791549682617, "congestion": 3.758782386779785}}, {"type": "Feature", "geometry": {"type": "LineString", "coordinates": [[106.6963931, 10.7662167], [106.6970128, 10.7652216]]}, "properties": {"speed": 30.07520866394043, "congestion": 3.740665912628174}}, {"type": "Feature", "geometry": {"type": "LineString", "coordinates": [[106.6924232, 10.7644396], [106.6931694, 10.7635148]]}, "properties": {"speed": 16.719436645507812, "congestion": 4.027971267700195}}, {"type": "Feature", "geometry": {"type": "LineString", "coordinates": [[106.6924232, 10.7644396], [106.6923541, 10.764501]]}, "properties": {"speed": 24.40001678466797, "congestion": 3.399555206298828}}, {"type": "Feature", "geometry": {"type": "LineString", "coordinates": [[106.7002992, 10.7729233], [106.7007901, 10.7718137]]}, "properties": {"speed": 19.480554580688477, "congestion": 5.736394882202148}}, {"type": "Feature", "geometry": {"type": "LineString", "coordinates": [[106.7033318, 10.7741513], [106.7036705, 10.773838]]}, "properties": {"speed": 25.827783584594727, "congestion": 5.762346267700195}}, {"type": "Feature", "geometry": {"type": "LineString", "coordinates": [[106.7033318, 10.7741513], [106.7028018, 10.7736167]]}, "properties": {"speed": 23.90001678466797, "congestion": 3.957641124725342}}, {"type": "Feature", "geometry": {"type": "LineString", "coordinates": [[106.7037193, 10.774251], [106.7029702, 10.7749426]]}, "properties": {"speed": 21.99721908569336, "congestion": 4.544750213623047}}, {"type": "Feature", "geometry": {"type": "LineString", "coordinates": [[106.7033131, 10.76387], [106.7013955, 10.7653067]]}, "properties": {"speed": 34.78818893432617, "congestion": 3.224325656890869}}, {"type": "Feature", "geometry": {"type": "LineString", "coordinates": [[106.7033131, 10.76387], [106.7017118, 10.7651372]]}, "properties": {"speed": 34.777198791503906, "congestion": 3.4330835342407227}}, {"type": "Feature", "geometry": {"type": "LineString", "coordinates": [[106.7062093, 10.7648], [106.7052739, 10.764406]]}, "properties": {"speed": 27.474042892456055, "congestion": 6.106841087341309}}, {"type": "Feature", "geometry": {"type": "LineString", "coordinates": [[106.7062093, 10.7648], [106.7057343, 10.7660012]]}, "properties": {"speed": 30.026676177978516, "congestion": 4.327552318572998}}, {"type": "Feature", "geometry": {"type": "LineString", "coordinates": [[106.7046036, 10.7641137], [106.7046798, 10.7640384]]}, "properties": {"speed": 24.00104331970215, "congestion": 5.116780757904053}}, {"type": "Feature", "geometry": {"type": "LineString", "coordinates": [[106.7046036, 10.7641137], [106.704399, 10.7642904]]}, "properties": {"speed": 23.540279388427734, "congestion": 5.4062113761901855}}, {"type": "Feature", "geometry": {"type": "LineString", "coordinates": [[106.7046036, 10.7641137], [106.7037899, 10.7634782]]}, "properties": {"speed": 24.74553680419922, "congestion": 5.650832653045654}}, {"type": "Feature", "geometry": {"type": "LineString", "coordinates": [[106.7026531, 10.7626093], [106.7022337, 10.7631467]]}, "properties": {"speed": 30.31264877319336, "congestion": 3.6181564331054688}}, {"type": "Feature", "geometry": {"type": "LineString", "coordinates": [[106.7026531, 10.7626093], [106.7018128, 10.7620282]]}, "properties": {"speed": 26.691667556762695, "congestion": 4.076394557952881}}, {"type": "Feature", "geometry": {"type": "LineString", "coordinates": [[106.7032543, 10.7637848], [106.7037286, 10.7634297]]}, "properties": {"speed": 31.13314437866211, "congestion": 4.202902317047119}}, {"type": "Feature", "geometry": {"type": "LineString", "coordinates": [[106.7052739, 10.764406], [106.7053404, 10.7643284]]}, "properties": {"speed": 23.420398712158203, "congestion": 8.145344734191895}}, {"type": "Feature", "geometry": {"type": "LineString", "coordinates": [[106.7052739, 10.764406], [106.7046036, 10.7641137]]}, "properties": {"speed": 24.147045135498047, "congestion": 4.489864349365234}}, {"type": "Feature", "geometry": {"type": "LineString", "coordinates": [[106.7037384, 10.7688842], [106.7041995, 10.7690648]]}, "properties": {"speed": 37.00844955444336, "congestion": 3.0541603565216064}}, {"type": "Feature", "geometry": {"type": "LineString", "coordinates": [[106.7037384, 10.7688842], [106.7033969, 10.7687822]]}, "properties": {"speed": 32.70616149902344, "congestion": 3.7177984714508057}}, {"type": "Feature", "geometry": {"type": "LineString", "coordinates": [[106.7065554, 10.7758045], [106.7063124, 10.7757948]]}, "properties": {"speed": 33.44427490234375, "congestion": 3.591562509536743}}, {"type": "Feature", "geometry": {"type": "LineString", "coordinates": [[106.7036877, 10.7847301], [106.7035969, 10.7846363]]}, "properties": {"speed": 26.94826316833496, "congestion": 7.575172424316406}}, {"type": "Feature", "geometry": {"type": "LineString", "coordinates": [[106.7036877, 10.7847301], [106.703163, 10.7852326]]}, "properties": {"speed": 25.175142288208008, "congestion": 7.203358173370361}}, {"type": "Feature", "geometry": {"type": "LineString", "coordinates": [[106.706182, 10.7747161], [106.7062362, 10.7748235]]}, "properties": {"speed": 21.87534523010254, "congestion": 4.516088008880615}}, {"type": "Feature", "geometry": {"type": "LineString", "coordinates": [[106.706182, 10.7747161], [106.7056516, 10.7736801]]}, "properties": {"speed": 15.904178619384766, "congestion": 4.432581424713135}}, {"type": "Feature", "geometry": {"type": "LineString", "coordinates": [[106.706182, 10.7747161], [106.7065281, 10.7746334]]}, "properties": {"speed": 26.346176147460938, "congestion": 3.4518487453460693}}, {"type": "Feature", "geometry": {"type": "LineString", "coordinates": [[106.7051249, 10.7835028], [106.7047581, 10.7837416]]}, "properties": {"speed": 33.929046630859375, "congestion": 3.7508790493011475}}, {"type": "Feature", "geometry": {"type": "LineString", "coordinates": [[106.7051249, 10.7835028], [106.7058055, 10.7842074]]}, "properties": {"speed": 42.42890930175781, "congestion": 3.449723482131958}}, {"type": "Feature", "geometry": {"type": "LineString", "coordinates": [[106.7093691, 10.7881977], [106.7093984, 10.7882927]]}, "properties": {"speed": 43.12310028076172, "congestion": 3.0530097484588623}}, {"type": "Feature", "geometry": {"type": "LineString", "coordinates": [[106.7093691, 10.7881977], [106.7109142, 10.7880171]]}, "properties": {"speed": 41.92876434326172, "congestion": 3.24411678314209}}, {"type": "Feature", "geometry": {"type": "LineString", "coordinates": [[106.7093691, 10.7881977], [106.7083467, 10.7886552]]}, "properties": {"speed": 43.12310028076172, "congestion": 3.0530097484588623}}, {"type": "Feature", "geometry": {"type": "LineString", "coordinates": [[106.708632, 10.7857612], [106.7081312, 10.7847647]]}, "properties": {"speed": 36.794593811035156, "congestion": 3.9494006633758545}}, {"type": "Feature", "geometry": {"type": "LineString", "coordinates": [[106.7102735, 10.7889164], [106.7103378, 10.7888553]]}, "properties": {"speed": 41.3194465637207, "congestion": 3.3126909732818604}}, {"type": "Feature", "geometry": {"type": "LineString", "coordinates": [[106.7102735, 10.7889164], [106.7111108, 10.7894499]]}, "properties": {"speed": 37.07453918457031, "congestion": 4.386528015136719}}, {"type": "Feature", "geometry": {"type": "LineString", "coordinates": [[106.7064454, 10.7747778], [106.7066578, 10.7749437]]}, "properties": {"speed": 27.538394927978516, "congestion": 4.180744647979736}}, {"type": "Feature", "geometry": {"type": "LineString", "coordinates": [[106.7064454, 10.7747778], [106.7065281, 10.7746334]]}, "properties": {"speed": 32.707069396972656, "congestion": 3.26297664642334}}, {"type": "Feature", "geometry": {"type": "LineString", "coordinates": [[106.7111432, 10.7893504], [106.7111108, 10.7894499]]}, "properties": {"speed": 41.331607818603516, "congestion": 3.3396708965301514}}, {"type": "Feature", "geometry": {"type": "LineString", "coordinates": [[106.7035969, 10.7846363], [106.7036877, 10.7847301]]}, "properties": {"speed": 26.013893127441406, "congestion": 6.365713119506836}}, {"type": "Feature", "geometry": {"type": "LineString", "coordinates": [[106.7035969, 10.7846363], [106.7026267, 10.7836107]]}, "properties": {"speed": 25.620399475097656, "congestion": 6.07258939743042}}, {"type": "Feature", "geometry": {"type": "LineString", "coordinates": [[106.7035969, 10.7846363], [106.7038502, 10.78441]]}, "properties": {"speed": 28.572744369506836, "congestion": 5.301093101501465}}, {"type": "Feature", "geometry": {"type": "LineString", "coordinates": [[106.7049734, 10.7832972], [106.7040685, 10.7823083]]}, "properties": {"speed": 45.8802604675293, "congestion": 3.465756416320801}}, {"type": "Feature", "geometry": {"type": "LineString", "coordinates": [[106.7049734, 10.7832972], [106.7055038, 10.7828182]]}, "properties": {"speed": 38.27134704589844, "congestion": 3.707975149154663}}, {"type": "Feature", "geometry": {"type": "LineString", "coordinates": [[106.7063094, 10.7718595], [106.7062713, 10.7714318]]}, "properties": {"speed": 33.648807525634766, "congestion": 3.233431577682495}}, {"type": "Feature", "geometry": {"type": "LineString", "coordinates": [[106.7063094, 10.7718595], [106.7060825, 10.772069]]}, "properties": {"speed": 30.088130950927734, "congestion": 3.405024528503418}}, {"type": "Feature", "geometry": {"type": "LineString", "coordinates": [[106.7110314, 10.7901854], [106.7110432, 10.7896572]]}, "properties": {"speed": 27.862503051757812, "congestion": 7.190324783325195}}, {"type": "Feature", "geometry": {"type": "LineString", "coordinates": [[106.7110314, 10.7901854], [106.7113348, 10.7901825]]}, "properties": {"speed": 31.912506103515625, "congestion": 4.426146984100342}}, {"type": "Feature", "geometry": {"type": "LineString", "coordinates": [[106.7110432, 10.7896572], [106.7110314, 10.7901854]]}, "properties": {"speed": 31.912506103515625, "congestion": 4.426146984100342}}, {"type": "Feature", "geometry": {"type": "LineString", "coordinates": [[106.7110432, 10.7896572], [106.7110704, 10.7895738]]}, "properties": {"speed": 27.862503051757812, "congestion": 7.190324783325195}}, {"type": "Feature", "geometry": {"type": "LineString", "coordinates": [[106.7064008, 10.7729853], [106.7063094, 10.7718595]]}, "properties": {"speed": 31.27542495727539, "congestion": 3.3698177337646484}}, {"type": "Feature", "geometry": {"type": "LineString", "coordinates": [[106.7055038, 10.7828182], [106.7061161, 10.7822366]]}, "properties": {"speed": 32.559120178222656, "congestion": 3.749372720718384}}, {"type": "Feature", "geometry": {"type": "LineString", "coordinates": [[106.7103378, 10.7888553], [106.7104883, 10.7889825]]}, "properties": {"speed": 42.575355529785156, "congestion": 3.1720829010009766}}, {"type": "Feature", "geometry": {"type": "LineString", "coordinates": [[106.7111108, 10.7894499], [106.7121753, 10.7894924]]}, "properties": {"speed": 38.66572570800781, "congestion": 3.1978752613067627}}, {"type": "Feature", "geometry": {"type": "LineString", "coordinates": [[106.7111108, 10.7894499], [106.7111432, 10.7893504]]}, "properties": {"speed": 34.2833366394043, "congestion": 3.5586445331573486}}, {"type": "Feature", "geometry": {"type": "LineString", "coordinates": [[106.7111108, 10.7894499], [106.7110704, 10.7895738]]}, "properties": {"speed": 40.358097076416016, "congestion": 3.554704189300537}}, {"type": "Feature", "geometry": {"type": "LineString", "coordinates": [[106.7110704, 10.7895738], [106.708632, 10.7857612]]}, "properties": {"speed": 39.14863967895508, "congestion": 3.8237431049346924}}, {"type": "Feature", "geometry": {"type": "LineString", "coordinates": [[106.7110704, 10.7895738], [106.7110432, 10.7896572]]}, "properties": {"speed": 31.27031707763672, "congestion": 5.169151306152344}}, {"type": "Feature", "geometry": {"type": "LineString", "coordinates": [[106.7110704, 10.7895738], [106.7111108, 10.7894499]]}, "properties": {"speed": 38.189231872558594, "congestion": 3.5894508361816406}}, {"type": "Feature", "geometry": {"type": "LineString", "coordinates": [[106.7062744, 10.7759006], [106.7063124, 10.7757948]]}, "properties": {"speed": 25.647226333618164, "congestion": 4.295991897583008}}, {"type": "Feature", "geometry": {"type": "LineString", "coordinates": [[106.7062713, 10.7714318], [106.7062303, 10.770895]]}, "properties": {"speed": 32.70780944824219, "congestion": 3.4732134342193604}}, {"type": "Feature", "geometry": {"type": "LineString", "coordinates": [[106.7065281, 10.7746334], [106.7064008, 10.7729853]]}, "properties": {"speed": 30.39028549194336, "congestion": 3.4425160884857178}}, {"type": "Feature", "geometry": {"type": "LineString", "coordinates": [[106.6812917, 10.7922598], [106.6800466, 10.7929933]]}, "properties": {"speed": 30.257408142089844, "congestion": 3.8494787216186523}}, {"type": "Feature", "geometry": {"type": "LineString", "coordinates": [[106.6890134, 10.7851938], [106.6876762, 10.786401]]}, "properties": {"speed": 24.817359924316406, "congestion": 4.075517654418945}}, {"type": "Feature", "geometry": {"type": "LineString", "coordinates": [[106.6812338, 10.7921656], [106.680348, 10.792014]]}, "properties": {"speed": 29.869707107543945, "congestion": 3.6089460849761963}}, {"type": "Feature", "geometry": {"type": "LineString", "coordinates": [[106.6812338, 10.7921656], [106.6813102, 10.7912286]]}, "properties": {"speed": 31.314205169677734, "congestion": 3.4160518646240234}}, {"type": "Feature", "geometry": {"type": "LineString", "coordinates": [[106.6812338, 10.7921656], [106.6825773, 10.7909171]]}, "properties": {"speed": 32.344573974609375, "congestion": 3.324690580368042}}, {"type": "Feature", "geometry": {"type": "LineString", "coordinates": [[106.6888979, 10.7851125], [106.6890619, 10.7849642]]}, "properties": {"speed": 23.889928817749023, "congestion": 5.747068881988525}}, {"type": "Feature", "geometry": {"type": "LineString", "coordinates": [[106.6888979, 10.7851125], [106.6886924, 10.7845913]]}, "properties": {"speed": 27.749740600585938, "congestion": 3.6822521686553955}}, {"type": "Feature", "geometry": {"type": "LineString", "coordinates": [[106.6825773, 10.7909171], [106.6827476, 10.790763]]}, "properties": {"speed": 33.33333206176758, "congestion": 3.358586311340332}}, {"type": "Feature", "geometry": {"type": "LineString", "coordinates": [[106.6826651, 10.7910067], [106.6825298, 10.7913978]]}, "properties": {"speed": 34.29522705078125, "congestion": 3.2440714836120605}}, {"type": "Feature", "geometry": {"type": "LineString", "coordinates": [[106.6826651, 10.7910067], [106.6812917, 10.7922598]]}, "properties": {"speed": 34.82685852050781, "congestion": 3.1014316082000732}}, {"type": "Feature", "geometry": {"type": "LineString", "coordinates": [[106.6890619, 10.7849642], [106.6898816, 10.7841642]]}, "properties": {"speed": 26.627561569213867, "congestion": 4.71908712387085}}, {"type": "Feature", "geometry": {"type": "LineString", "coordinates": [[106.6890619, 10.7849642], [106.6899324, 10.7842139]]}, "properties": {"speed": 25.673547744750977, "congestion": 5.076938629150391}}, {"type": "Feature", "geometry": {"type": "LineString", "coordinates": [[106.6890619, 10.7849642], [106.6886924, 10.7845913]]}, "properties": {"speed": 26.763832092285156, "congestion": 4.526078224182129}}, {"type": "Feature", "geometry": {"type": "LineString", "coordinates": [[106.6890619, 10.7849642], [106.6891553, 10.7850588]]}, "properties": {"speed": 27.90581512451172, "congestion": 4.606525421142578}}, {"type": "Feature", "geometry": {"type": "LineString", "coordinates": [[106.6895565, 10.7854649], [106.6890134, 10.7851938]]}, "properties": {"speed": 23.263368606567383, "congestion": 3.4038238525390625}}, {"type": "Feature", "geometry": {"type": "LineString", "coordinates": [[106.6895565, 10.7854649], [106.6891553, 10.7850588]]}, "properties": {"speed": 16.338191986083984, "congestion": 5.681876182556152}}, {"type": "Feature", "geometry": {"type": "LineString", "coordinates": [[106.6841035, 10.7895101], [106.6841839, 10.7895944]]}, "properties": {"speed": 27.018953323364258, "congestion": 5.2367024421691895}}, {"type": "Feature", "geometry": {"type": "LineString", "coordinates": [[106.6841035, 10.7895101], [106.6846801, 10.7889673]]}, "properties": {"speed": 26.878129959106445, "congestion": 4.963654041290283}}, {"type": "Feature", "geometry": {"type": "LineString", "coordinates": [[106.6898816, 10.7841642], [106.690783, 10.7834531]]}, "properties": {"speed": 11.998610496520996, "congestion": 6.105268955230713}}, {"type": "Feature", "geometry": {"type": "LineString", "coordinates": [[106.6899324, 10.7842139], [106.690783, 10.7834531]]}, "properties": {"speed": 13.996962547302246, "congestion": 6.530335426330566}}, {"type": "Feature", "geometry": {"type": "LineString", "coordinates": [[106.6886924, 10.7845913], [106.6880199, 10.7839127]]}, "properties": {"speed": 25.77899742126465, "congestion": 3.7115724086761475}}, {"type": "Feature", "geometry": {"type": "LineString", "coordinates": [[106.682444, 10.7915567], [106.6865338, 10.7924447]]}, "properties": {"speed": 30.968584060668945, "congestion": 3.4627857208251953}}, {"type": "Feature", "geometry": {"type": "LineString", "coordinates": [[106.682444, 10.7915567], [106.6820415, 10.7912746]]}, "properties": {"speed": 33.63873291015625, "congestion": 3.3138267993927}}, {"type": "Feature", "geometry": {"type": "LineString", "coordinates": [[106.7140433, 10.7882567], [106.7138538, 10.7883341]]}, "properties": {"speed": 40.494449615478516, "congestion": 3.0564661026000977}}, {"type": "Feature", "geometry": {"type": "LineString", "coordinates": [[106.7144245, 10.7879885], [106.7141441, 10.7881833]]}, "properties": {"speed": 40.494449615478516, "congestion": 3.0564661026000977}}, {"type": "Feature", "geometry": {"type": "LineString", "coordinates": [[106.7149283, 10.7889458], [106.7149042, 10.7887416]]}, "properties": {"speed": 39.64109802246094, "congestion": 3.126572608947754}}, {"type": "Feature", "geometry": {"type": "LineString", "coordinates": [[106.7141441, 10.7881833], [106.7140433, 10.7882567]]}, "properties": {"speed": 40.494449615478516, "congestion": 3.0564661026000977}}, {"type": "Feature", "geometry": {"type": "LineString", "coordinates": [[106.7133014, 10.7885039], [106.713571, 10.7891176]]}, "properties": {"speed": 40.494449615478516, "congestion": 3.0564661026000977}}, {"type": "Feature", "geometry": {"type": "LineString", "coordinates": [[106.7149042, 10.7887416], [106.7144245, 10.7879885]]}, "properties": {"speed": 40.494449615478516, "congestion": 3.0564661026000977}}, {"type": "Feature", "geometry": {"type": "LineString", "coordinates": [[106.696225, 10.7829277], [106.69565, 10.7829102]]}, "properties": {"speed": 22.075693130493164, "congestion": 3.8213980197906494}}, {"type": "Feature", "geometry": {"type": "LineString", "coordinates": [[106.7052865, 10.7821171], [106.7057094, 10.7817641]]}, "properties": {"speed": 18.81354331970215, "congestion": 4.496063232421875}}, {"type": "Feature", "geometry": {"type": "LineString", "coordinates": [[106.7057094, 10.7817641], [106.7055963, 10.7816326]]}, "properties": {"speed": 19.408336639404297, "congestion": 5.567529678344727}}, {"type": "Feature", "geometry": {"type": "LineString", "coordinates": [[106.7057094, 10.7817641], [106.7052865, 10.7821171]]}, "properties": {"speed": 23.11857032775879, "congestion": 4.212700843811035}}, {"type": "Feature", "geometry": {"type": "LineString", "coordinates": [[106.7009788, 10.7762943], [106.7004291, 10.7756638]]}, "properties": {"speed": 20.65477752685547, "congestion": 4.848958969116211}}, {"type": "Feature", "geometry": {"type": "LineString", "coordinates": [[106.7009788, 10.7762943], [106.7018715, 10.7754753]]}, "properties": {"speed": 22.106515884399414, "congestion": 4.590398788452148}}, {"type": "Feature", "geometry": {"type": "LineString", "coordinates": [[106.6978358, 10.7641724], [106.6977426, 10.7643008]]}, "properties": {"speed": 26.229278564453125, "congestion": 3.7048351764678955}}, {"type": "Feature", "geometry": {"type": "LineString", "coordinates": [[106.6979537, 10.7640569], [106.6978358, 10.7641724]]}, "properties": {"speed": 16.58611488342285, "congestion": 4.327868461608887}}, {"type": "Feature", "geometry": {"type": "LineString", "coordinates": [[106.6979537, 10.7640569], [106.6977418, 10.7638659]]}, "properties": {"speed": 29.009469985961914, "congestion": 7.030152320861816}}, {"type": "Feature", "geometry": {"type": "LineString", "coordinates": [[106.6801257, 10.7971997], [106.6802826, 10.7971878]]}, "properties": {"speed": 20.34166717529297, "congestion": 3.9387991428375244}}, {"type": "Feature", "geometry": {"type": "LineString", "coordinates": [[106.6801257, 10.7971997], [106.679257, 10.7963992]]}, "properties": {"speed": 23.10346221923828, "congestion": 4.165160179138184}}, {"type": "Feature", "geometry": {"type": "LineString", "coordinates": [[106.6801257, 10.7971997], [106.677672, 10.7974051]]}, "properties": {"speed": 20.676393508911133, "congestion": 4.159163951873779}}, {"type": "Feature", "geometry": {"type": "LineString", "coordinates": [[106.6819052, 10.7918733], [106.6813102, 10.7912286]]}, "properties": {"speed": 25.023086547851562, "congestion": 3.3999581336975098}}, {"type": "Feature", "geometry": {"type": "LineString", "coordinates": [[106.6819052, 10.7918733], [106.6821215, 10.7920944]]}, "properties": {"speed": 36.394004821777344, "congestion": 3.150851249694824}}, {"type": "Feature", "geometry": {"type": "LineString", "coordinates": [[106.6819052, 10.7918733], [106.6818375, 10.791929]]}, "properties": {"speed": 29.418880462646484, "congestion": 3.5036942958831787}}, {"type": "Feature", "geometry": {"type": "LineString", "coordinates": [[106.6943467, 10.7860406], [106.6947392, 10.7864608]]}, "properties": {"speed": 20.7570743560791, "congestion": 7.70970344543457}}, {"type": "Feature", "geometry": {"type": "LineString", "coordinates": [[106.6943467, 10.7860406], [106.6937362, 10.7865155]]}, "properties": {"speed": 19.900493621826172, "congestion": 7.176706790924072}}, {"type": "Feature", "geometry": {"type": "LineString", "coordinates": [[106.6872584, 10.7865731], [106.6876058, 10.7862874]]}, "properties": {"speed": 24.478469848632812, "congestion": 5.297545909881592}}, {"type": "Feature", "geometry": {"type": "LineString", "coordinates": [[106.6853829, 10.7832023], [106.685973, 10.7834895]]}, "properties": {"speed": 16.41874885559082, "congestion": 4.982519149780273}}, {"type": "Feature", "geometry": {"type": "LineString", "coordinates": [[106.685903, 10.7817766], [106.6854156, 10.7812847]]}, "properties": {"speed": 18.753938674926758, "congestion": 6.148199558258057}}, {"type": "Feature", "geometry": {"type": "LineString", "coordinates": [[106.685903, 10.7817766], [106.6854231, 10.7822327]]}, "properties": {"speed": 20.80092430114746, "congestion": 5.821943283081055}}, {"type": "Feature", "geometry": {"type": "LineString", "coordinates": [[106.685903, 10.7817766], [106.6862473, 10.7814883]]}, "properties": {"speed": 21.514240264892578, "congestion": 5.630861759185791}}, {"type": "Feature", "geometry": {"type": "LineString", "coordinates": [[106.6854231, 10.7822327], [106.6854169, 10.7829077]]}, "properties": {"speed": 16.41874885559082, "congestion": 4.982519149780273}}, {"type": "Feature", "geometry": {"type": "LineString", "coordinates": [[106.6854169, 10.7829077], [106.6853829, 10.7832023]]}, "properties": {"speed": 16.41874885559082, "congestion": 4.982519149780273}}, {"type": "Feature", "geometry": {"type": "LineString", "coordinates": [[106.6862473, 10.7814883], [106.685903, 10.7817766]]}, "properties": {"speed": 16.354860305786133, "congestion": 4.975318908691406}}, {"type": "Feature", "geometry": {"type": "LineString", "coordinates": [[106.6931437, 10.7945413], [106.6918224, 10.795006]]}, "properties": {"speed": 31.61749267578125, "congestion": 3.2510056495666504}}, {"type": "Feature", "geometry": {"type": "LineString", "coordinates": [[106.6931437, 10.7945413], [106.6933415, 10.7945693]]}, "properties": {"speed": 31.07877540588379, "congestion": 3.2567126750946045}}, {"type": "Feature", "geometry": {"type": "LineString", "coordinates": [[106.6931437, 10.7945413], [106.6934518, 10.7936437]]}, "properties": {"speed": 30.12256622314453, "congestion": 3.384701728820801}}, {"type": "Feature", "geometry": {"type": "LineString", "coordinates": [[106.6973003, 10.7851707], [106.6968504, 10.7855867]]}, "properties": {"speed": 17.852432250976562, "congestion": 5.213079452514648}}, {"type": "Feature", "geometry": {"type": "LineString", "coordinates": [[106.6963155, 10.7926929], [106.6967184, 10.7926663]]}, "properties": {"speed": 22.84825897216797, "congestion": 3.8836565017700195}}, {"type": "Feature", "geometry": {"type": "LineString", "coordinates": [[106.6963155, 10.7926929], [106.6961006, 10.792697]]}, "properties": {"speed": 22.2935733795166, "congestion": 5.645620346069336}}, {"type": "Feature", "geometry": {"type": "LineString", "coordinates": [[106.6941442, 10.7958639], [106.6941267, 10.7955282]]}, "properties": {"speed": 30.98306655883789, "congestion": 3.2014858722686768}}, {"type": "Feature", "geometry": {"type": "LineString", "coordinates": [[106.6941267, 10.7955282], [106.6941215, 10.7953567]]}, "properties": {"speed": 30.98306655883789, "congestion": 3.2014858722686768}}, {"type": "Feature", "geometry": {"type": "LineString", "coordinates": [[106.6941215, 10.7953567], [106.6948898, 10.7945043]]}, "properties": {"speed": 30.98306655883789, "congestion": 3.2014858722686768}}, {"type": "Feature", "geometry": {"type": "LineString", "coordinates": [[106.6896422, 10.795323], [106.6892335, 10.7952436]]}, "properties": {"speed": 29.55833625793457, "congestion": 3.801537036895752}}, {"type": "Feature", "geometry": {"type": "LineString", "coordinates": [[106.6896422, 10.795323], [106.6899783, 10.7953863]]}, "properties": {"speed": 27.60277557373047, "congestion": 3.832470417022705}}, {"type": "Feature", "geometry": {"type": "LineString", "coordinates": [[106.6948362, 10.7672243], [106.6951078, 10.7675377]]}, "properties": {"speed": 22.8815975189209, "congestion": 4.960173606872559}}, {"type": "Feature", "geometry": {"type": "LineString", "coordinates": [[106.6775012, 10.7944978], [106.6770814, 10.7947481]]}, "properties": {"speed": 25.71539306640625, "congestion": 4.724606037139893}}, {"type": "Feature", "geometry": {"type": "LineString", "coordinates": [[106.6781691, 10.7939873], [106.6785653, 10.7937454]]}, "properties": {"speed": 22.505388259887695, "congestion": 6.035251140594482}}, {"type": "Feature", "geometry": {"type": "LineString", "coordinates": [[106.679257, 10.7963992], [106.6801257, 10.7971997]]}, "properties": {"speed": 23.520132064819336, "congestion": 3.867995023727417}}, {"type": "Feature", "geometry": {"type": "LineString", "coordinates": [[106.679257, 10.7963992], [106.6789123, 10.7968513]]}, "properties": {"speed": 23.10346221923828, "congestion": 4.165160179138184}}, {"type": "Feature", "geometry": {"type": "LineString", "coordinates": [[106.6825852, 10.7923912], [106.6823184, 10.7925441]]}, "properties": {"speed": 36.643070220947266, "congestion": 3.2171807289123535}}, {"type": "Feature", "geometry": {"type": "LineString", "coordinates": [[106.6825852, 10.7923912], [106.6835798, 10.7927333]]}, "properties": {"speed": 36.394004821777344, "congestion": 3.150851249694824}}, {"type": "Feature", "geometry": {"type": "LineString", "coordinates": [[106.6825852, 10.7923912], [106.6821215, 10.7920944]]}, "properties": {"speed": 25.023086547851562, "congestion": 3.3999581336975098}}, {"type": "Feature", "geometry": {"type": "LineString", "coordinates": [[106.6839405, 10.7942511], [106.6836565, 10.7944714]]}, "properties": {"speed": 32.47395706176758, "congestion": 3.652003765106201}}, {"type": "Feature", "geometry": {"type": "LineString", "coordinates": [[106.6839405, 10.7942511], [106.6844481, 10.7938447]]}, "properties": {"speed": 33.62413024902344, "congestion": 3.4524221420288086}}, {"type": "Feature", "geometry": {"type": "LineString", "coordinates": [[106.6784593, 10.7993443], [106.6775579, 10.7994214]]}, "properties": {"speed": 23.437225341796875, "congestion": 4.865176200866699}}, {"type": "Feature", "geometry": {"type": "LineString", "coordinates": [[106.6763241, 10.7951902], [106.6762766, 10.7951149]]}, "properties": {"speed": 26.047218322753906, "congestion": 4.8047356605529785}}, {"type": "Feature", "geometry": {"type": "LineString", "coordinates": [[106.6763241, 10.7951902], [106.675591, 10.7956478]]}, "properties": {"speed": 21.311111450195312, "congestion": 5.063082695007324}}, {"type": "Feature", "geometry": {"type": "LineString", "coordinates": [[106.6775579, 10.7994214], [106.6775631, 10.7993287]]}, "properties": {"speed": 24.764690399169922, "congestion": 4.73075532913208}}, {"type": "Feature", "geometry": {"type": "LineString", "coordinates": [[106.6775579, 10.7994214], [106.677511, 10.8002492]]}, "properties": {"speed": 19.915626525878906, "congestion": 5.640665531158447}}, {"type": "Feature", "geometry": {"type": "LineString", "coordinates": [[106.6775579, 10.7994214], [106.6761504, 10.7995256]]}, "properties": {"speed": 24.693490982055664, "congestion": 5.099245548248291}}, {"type": "Feature", "geometry": {"type": "LineString", "coordinates": [[106.6762766, 10.7951149], [106.6766869, 10.7948715]]}, "properties": {"speed": 27.04340362548828, "congestion": 4.855149269104004}}, {"type": "Feature", "geometry": {"type": "LineString", "coordinates": [[106.7109333, 10.8015309], [106.7105405, 10.8014698]]}, "properties": {"speed": 39.85492706298828, "congestion": 3.3127009868621826}}, {"type": "Feature", "geometry": {"type": "LineString", "coordinates": [[106.7047704, 10.7976019], [106.7049748, 10.7978124]]}, "properties": {"speed": 38.74635314941406, "congestion": 3.440463066101074}}, {"type": "Feature", "geometry": {"type": "LineString", "coordinates": [[106.7049748, 10.7978124], [106.7054329, 10.7982841]]}, "properties": {"speed": 38.74635314941406, "congestion": 3.440463066101074}}, {"type": "Feature", "geometry": {"type": "LineString", "coordinates": [[106.7014239, 10.7944812], [106.7009889, 10.7939827]]}, "properties": {"speed": 36.6616325378418, "congestion": 3.3380918502807617}}, {"type": "Feature", "geometry": {"type": "LineString", "coordinates": [[106.7026198, 10.7889008], [106.7029041, 10.7892029]]}, "properties": {"speed": 17.266674041748047, "congestion": 2.911957263946533}}, {"type": "Feature", "geometry": {"type": "LineString", "coordinates": [[106.7029041, 10.7892029], [106.7026198, 10.7889008]]}, "properties": {"speed": 21.333908081054688, "congestion": 9.747977256774902}}, {"type": "Feature", "geometry": {"type": "LineString", "coordinates": [[106.7029041, 10.7892029], [106.7034951, 10.7886488]]}, "properties": {"speed": 18.935043334960938, "congestion": 9.634471893310547}}, {"type": "Feature", "geometry": {"type": "LineString", "coordinates": [[106.6803165, 10.7864459], [106.6809834, 10.7860654]]}, "properties": {"speed": 17.53732681274414, "congestion": 5.056722164154053}}, {"type": "Feature", "geometry": {"type": "LineString", "coordinates": [[106.6797946, 10.7867195], [106.6798395, 10.7868031]]}, "properties": {"speed": 27.49444580078125, "congestion": 4.343912124633789}}, {"type": "Feature", "geometry": {"type": "LineString", "coordinates": [[106.6797946, 10.7867195], [106.6803165, 10.7864459]]}, "properties": {"speed": 25.651039123535156, "congestion": 4.450872898101807}}, {"type": "Feature", "geometry": {"type": "LineString", "coordinates": [[106.6810511, 10.7844065], [106.6809796, 10.78373]]}, "properties": {"speed": 31.863197326660156, "congestion": 3.6264736652374268}}, {"type": "Feature", "geometry": {"type": "LineString", "coordinates": [[106.6832431, 10.7807136], [106.6842442, 10.7801026]]}, "properties": {"speed": 18.376678466796875, "congestion": 5.098484516143799}}, {"type": "Feature", "geometry": {"type": "LineString", "coordinates": [[106.6827602, 10.7807064], [106.6832431, 10.7807136]]}, "properties": {"speed": 16.85208511352539, "congestion": 5.5987629890441895}}, {"type": "Feature", "geometry": {"type": "LineString", "coordinates": [[106.6827602, 10.7807064], [106.682872, 10.7809432]]}, "properties": {"speed": 17.187849044799805, "congestion": 6.025785446166992}}, {"type": "Feature", "geometry": {"type": "LineString", "coordinates": [[106.7003993, 10.7609437], [106.7004892, 10.7610032]]}, "properties": {"speed": 30.47766876220703, "congestion": 3.746673583984375}}, {"type": "Feature", "geometry": {"type": "LineString", "coordinates": [[106.7003489, 10.7610226], [106.6997132, 10.760565]]}, "properties": {"speed": 28.431161880493164, "congestion": 4.182304382324219}}, {"type": "Feature", "geometry": {"type": "LineString", "coordinates": [[106.7003489, 10.7610226], [106.7003993, 10.7609437]]}, "properties": {"speed": 30.927818298339844, "congestion": 4.093095302581787}}, {"type": "Feature", "geometry": {"type": "LineString", "coordinates": [[106.7001088, 10.7613976], [106.6994389, 10.7609052]]}, "properties": {"speed": 36.61423110961914, "congestion": 3.160586357116699}}, {"type": "Feature", "geometry": {"type": "LineString", "coordinates": [[106.7001088, 10.7613976], [106.7003489, 10.7610226]]}, "properties": {"speed": 30.69706916809082, "congestion": 5.205540657043457}}, {"type": "Feature", "geometry": {"type": "LineString", "coordinates": [[106.700184, 10.7614587], [106.7007783, 10.7618543]]}, "properties": {"speed": 28.933340072631836, "congestion": 3.5268259048461914}}, {"type": "Feature", "geometry": {"type": "LineString", "coordinates": [[106.700184, 10.7614587], [106.6971322, 10.7652402]]}, "properties": {"speed": 32.71510314941406, "congestion": 3.5464284420013428}}, {"type": "Feature", "geometry": {"type": "LineString", "coordinates": [[106.700184, 10.7614587], [106.6988769, 10.7630661]]}, "properties": {"speed": 32.912601470947266, "congestion": 3.32195782661438}}, {"type": "Feature", "geometry": {"type": "LineString", "coordinates": [[106.7004892, 10.7610032], [106.7004381, 10.7610798]]}, "properties": {"speed": 31.92819595336914, "congestion": 3.6745338439941406}}, {"type": "Feature", "geometry": {"type": "LineString", "coordinates": [[106.7004892, 10.7610032], [106.7011243, 10.7614344]]}, "properties": {"speed": 17.289066314697266, "congestion": 4.709508419036865}}, {"type": "Feature", "geometry": {"type": "LineString", "coordinates": [[106.7004381, 10.7610798], [106.7003489, 10.7610226]]}, "properties": {"speed": 26.43619728088379, "congestion": 4.038349151611328}}, {"type": "Feature", "geometry": {"type": "LineString", "coordinates": [[106.7004381, 10.7610798], [106.700184, 10.7614587]]}, "properties": {"speed": 30.84966278076172, "congestion": 3.674389362335205}}, {"type": "Feature", "geometry": {"type": "LineString", "coordinates": [[106.6933415, 10.7945693], [106.6985922, 10.7931719]]}, "properties": {"speed": 29.89486312866211, "congestion": 3.208981513977051}}, {"type": "Feature", "geometry": {"type": "LineString", "coordinates": [[106.6933415, 10.7945693], [106.6931437, 10.7945413]]}, "properties": {"speed": 29.45039939880371, "congestion": 3.345336437225342}}, {"type": "Feature", "geometry": {"type": "LineString", "coordinates": [[106.6876075, 10.7928751], [106.6877013, 10.7927487]]}, "properties": {"speed": 32.36419677734375, "congestion": 3.4203920364379883}}, {"type": "Feature", "geometry": {"type": "LineString", "coordinates": [[106.6818071, 10.7851701], [106.681599, 10.7852869]]}, "properties": {"speed": 24.427518844604492, "congestion": 4.269729137420654}}, {"type": "Feature", "geometry": {"type": "LineString", "coordinates": [[106.6818071, 10.7851701], [106.6822887, 10.7849714]]}, "properties": {"speed": 24.94192886352539, "congestion": 4.039262294769287}}, {"type": "Feature", "geometry": {"type": "LineString", "coordinates": [[106.6815607, 10.7857421], [106.6816069, 10.7857931]]}, "properties": {"speed": 20.394651412963867, "congestion": 5.363667964935303}}, {"type": "Feature", "geometry": {"type": "LineString", "coordinates": [[106.6815607, 10.7857421], [106.6817646, 10.7856304]]}, "properties": {"speed": 22.946290969848633, "congestion": 4.257717132568359}}, {"type": "Feature", "geometry": {"type": "LineString", "coordinates": [[106.681599, 10.7852869], [106.681334, 10.7854242]]}, "properties": {"speed": 19.88420295715332, "congestion": 6.452929496765137}}, {"type": "Feature", "geometry": {"type": "LineString", "coordinates": [[106.681599, 10.7852869], [106.6818071, 10.7851701]]}, "properties": {"speed": 24.94192886352539, "congestion": 4.039262294769287}}, {"type": "Feature", "geometry": {"type": "LineString", "coordinates": [[106.681599, 10.7852869], [106.6817967, 10.7856129]]}, "properties": {"speed": 24.40251922607422, "congestion": 4.226105213165283}}, {"type": "Feature", "geometry": {"type": "LineString", "coordinates": [[106.6817967, 10.7856129], [106.6830239, 10.7849624]]}, "properties": {"speed": 24.235858917236328, "congestion": 4.261384963989258}}, {"type": "Feature", "geometry": {"type": "LineString", "coordinates": [[106.6817967, 10.7856129], [106.681599, 10.7852869]]}, "properties": {"speed": 22.091033935546875, "congestion": 5.302363872528076}}, {"type": "Feature", "geometry": {"type": "LineString", "coordinates": [[106.6822887, 10.7849714], [106.6818071, 10.7851701]]}, "properties": {"speed": 25.62213706970215, "congestion": 4.082986354827881}}, {"type": "Feature", "geometry": {"type": "LineString", "coordinates": [[106.7074149, 10.7645683], [106.7074895, 10.764402]]}, "properties": {"speed": 19.52458381652832, "congestion": 6.77628231048584}}, {"type": "Feature", "geometry": {"type": "LineString", "coordinates": [[106.6933214, 10.8029879], [106.6940778, 10.8028874]]}, "properties": {"speed": 25.64513397216797, "congestion": 3.502715826034546}}, {"type": "Feature", "geometry": {"type": "LineString", "coordinates": [[106.6896835, 10.8034623], [106.6896946, 10.8035429]]}, "properties": {"speed": 33.00572204589844, "congestion": 3.7015397548675537}}, {"type": "Feature", "geometry": {"type": "LineString", "coordinates": [[106.6896835, 10.8034623], [106.6909017, 10.8033095]]}, "properties": {"speed": 30.97657012939453, "congestion": 3.5338757038116455}}, {"type": "Feature", "geometry": {"type": "LineString", "coordinates": [[106.6830508, 10.8017299], [106.6829772, 10.801811]]}, "properties": {"speed": 24.000770568847656, "congestion": 4.554311752319336}}, {"type": "Feature", "geometry": {"type": "LineString", "coordinates": [[106.6830508, 10.8017299], [106.6845465, 10.8032397]]}, "properties": {"speed": 26.28638458251953, "congestion": 4.204280376434326}}, {"type": "Feature", "geometry": {"type": "LineString", "coordinates": [[106.6830508, 10.8017299], [106.6832124, 10.8015614]]}, "properties": {"speed": 27.247365951538086, "congestion": 4.14525032043457}}, {"type": "Feature", "geometry": {"type": "LineString", "coordinates": [[106.6919592, 10.803162], [106.6922239, 10.802299]]}, "properties": {"speed": 26.949419021606445, "congestion": 4.047493934631348}}, {"type": "Feature", "geometry": {"type": "LineString", "coordinates": [[106.6919592, 10.803162], [106.6923844, 10.8031077]]}, "properties": {"speed": 26.812257766723633, "congestion": 4.087944030761719}}, {"type": "Feature", "geometry": {"type": "LineString", "coordinates": [[106.6867718, 10.8038275], [106.6867808, 10.8039153]]}, "properties": {"speed": 20.817012786865234, "congestion": 5.759860515594482}}, {"type": "Feature", "geometry": {"type": "LineString", "coordinates": [[106.6867718, 10.8038275], [106.686021, 10.8030282]]}, "properties": {"speed": 22.916400909423828, "congestion": 5.223000526428223}}, {"type": "Feature", "geometry": {"type": "LineString", "coordinates": [[106.6867718, 10.8038275], [106.6869425, 10.8038081]]}, "properties": {"speed": 22.403934478759766, "congestion": 5.114211082458496}}, {"type": "Feature", "geometry": {"type": "LineString", "coordinates": [[106.6909017, 10.8033095], [106.6909136, 10.8033941]]}, "properties": {"speed": 32.548606872558594, "congestion": 3.435622215270996}}, {"type": "Feature", "geometry": {"type": "LineString", "coordinates": [[106.6909017, 10.8033095], [106.6919592, 10.803162]]}, "properties": {"speed": 26.888893127441406, "congestion": 3.5027706623077393}}, {"type": "Feature", "geometry": {"type": "LineString", "coordinates": [[106.6943595, 10.80285], [106.6948453, 10.8027802]]}, "properties": {"speed": 24.438804626464844, "congestion": 3.850832223892212}}, {"type": "Feature", "geometry": {"type": "LineString", "coordinates": [[106.6845465, 10.8032397], [106.684482, 10.8033105]]}, "properties": {"speed": 24.10562515258789, "congestion": 5.112031936645508}}, {"type": "Feature", "geometry": {"type": "LineString", "coordinates": [[106.6845465, 10.8032397], [106.684775, 10.8034955]]}, "properties": {"speed": 25.992359161376953, "congestion": 4.437269687652588}}, {"type": "Feature", "geometry": {"type": "LineString", "coordinates": [[106.6845465, 10.8032397], [106.6846802, 10.8019004]]}, "properties": {"speed": 25.604047775268555, "congestion": 4.636354446411133}}, {"type": "Feature", "geometry": {"type": "LineString", "coordinates": [[106.6869425, 10.8038081], [106.6869496, 10.8038885]]}, "properties": {"speed": 28.03732681274414, "congestion": 3.5221471786499023}}, {"type": "Feature", "geometry": {"type": "LineString", "coordinates": [[106.6869425, 10.8038081], [106.6874802, 10.8037478]]}, "properties": {"speed": 28.175228118896484, "congestion": 3.598677635192871}}, {"type": "Feature", "geometry": {"type": "LineString", "coordinates": [[106.7060615, 10.8032777], [106.7060572, 10.8031908]]}, "properties": {"speed": 26.118690490722656, "congestion": 4.2858967781066895}}, {"type": "Feature", "geometry": {"type": "LineString", "coordinates": [[106.7060615, 10.8032777], [106.7048266, 10.8033698]]}, "properties": {"speed": 27.255292892456055, "congestion": 4.081970691680908}}, {"type": "Feature", "geometry": {"type": "LineString", "coordinates": [[106.69843, 10.8029223], [106.69849, 10.8027046]]}, "properties": {"speed": 18.01087760925293, "congestion": 5.306547164916992}}, {"type": "Feature", "geometry": {"type": "LineString", "coordinates": [[106.6923844, 10.8031077], [106.6923933, 10.8031859]]}, "properties": {"speed": 28.211456298828125, "congestion": 3.622401237487793}}, {"type": "Feature", "geometry": {"type": "LineString", "coordinates": [[106.6923844, 10.8031077], [106.6933214, 10.8029879]]}, "properties": {"speed": 25.177087783813477, "congestion": 3.861802101135254}}, {"type": "Feature", "geometry": {"type": "LineString", "coordinates": [[106.7002521, 10.8034343], [106.700317, 10.8033333]]}, "properties": {"speed": 24.258941650390625, "congestion": 3.899409294128418}}, {"type": "Feature", "geometry": {"type": "LineString", "coordinates": [[106.7002521, 10.8034343], [106.6995286, 10.8031389]]}, "properties": {"speed": 24.992271423339844, "congestion": 3.620313882827759}}, {"type": "Feature", "geometry": {"type": "LineString", "coordinates": [[106.7002521, 10.8034343], [106.7000371, 10.8044445]]}, "properties": {"speed": 23.983858108520508, "congestion": 3.673976421356201}}, {"type": "Feature", "geometry": {"type": "LineString", "coordinates": [[106.6995286, 10.8031389], [106.6985719, 10.8027408]]}, "properties": {"speed": 20.859722137451172, "congestion": 5.188930511474609}}, {"type": "Feature", "geometry": {"type": "LineString", "coordinates": [[106.6985719, 10.8027408], [106.6984131, 10.803151]]}, "properties": {"speed": 20.913196563720703, "congestion": 3.903201103210449}}, {"type": "Feature", "geometry": {"type": "LineString", "coordinates": [[106.6985719, 10.8027408], [106.69849, 10.8027046]]}, "properties": {"speed": 19.99756622314453, "congestion": 4.9721150398254395}}, {"type": "Feature", "geometry": {"type": "LineString", "coordinates": [[106.7016015, 10.803925], [106.701596, 10.8038157]]}, "properties": {"speed": 29.02888298034668, "congestion": 3.8101603984832764}}, {"type": "Feature", "geometry": {"type": "LineString", "coordinates": [[106.7016015, 10.803925], [106.7002521, 10.8034343]]}, "properties": {"speed": 24.534025192260742, "congestion": 4.124843120574951}}, {"type": "Feature", "geometry": {"type": "LineString", "coordinates": [[106.687919, 10.8036909], [106.6879295, 10.8037712]]}, "properties": {"speed": 28.135066986083984, "congestion": 4.463693618774414}}, {"type": "Feature", "geometry": {"type": "LineString", "coordinates": [[106.687919, 10.8036909], [106.6896835, 10.8034623]]}, "properties": {"speed": 32.48997497558594, "congestion": 3.5724728107452393}}, {"type": "Feature", "geometry": {"type": "LineString", "coordinates": [[106.7076354, 10.8031613], [106.7076295, 10.803077]]}, "properties": {"speed": 22.98533058166504, "congestion": 8.95252513885498}}, {"type": "Feature", "geometry": {"type": "LineString", "coordinates": [[106.7076354, 10.8031613], [106.7071866, 10.8031945]]}, "properties": {"speed": 26.79210090637207, "congestion": 4.487322807312012}}, {"type": "Feature", "geometry": {"type": "LineString", "coordinates": [[106.7076354, 10.8031613], [106.7076637, 10.8034669]]}, "properties": {"speed": 26.163454055786133, "congestion": 6.783430099487305}}, {"type": "Feature", "geometry": {"type": "LineString", "coordinates": [[106.7076295, 10.803077], [106.7076354, 10.8031613]]}, "properties": {"speed": 22.97395896911621, "congestion": 11.477343559265137}}, {"type": "Feature", "geometry": {"type": "LineString", "coordinates": [[106.7076295, 10.803077], [106.7084236, 10.8030191]]}, "properties": {"speed": 17.845399856567383, "congestion": 14.284367561340332}}, {"type": "Feature", "geometry": {"type": "LineString", "coordinates": [[106.7034096, 10.7686141], [106.7034599, 10.7686832]]}, "properties": {"speed": 33.699398040771484, "congestion": 3.306717872619629}}, {"type": "Feature", "geometry": {"type": "LineString", "coordinates": [[106.7032974, 10.7687542], [106.7023387, 10.7682131]]}, "properties": {"speed": 36.50990676879883, "congestion": 3.1327126026153564}}, {"type": "Feature", "geometry": {"type": "LineString", "coordinates": [[106.7034599, 10.7686832], [106.7037384, 10.7688842]]}, "properties": {"speed": 34.69037628173828, "congestion": 3.332929849624634}}, {"type": "Feature", "geometry": {"type": "LineString", "coordinates": [[106.7034599, 10.7686832], [106.7033969, 10.7687822]]}, "properties": {"speed": 32.6026496887207, "congestion": 3.414478063583374}}, {"type": "Feature", "geometry": {"type": "LineString", "coordinates": [[106.7033969, 10.7687822], [106.7030192, 10.7696265]]}, "properties": {"speed": 24.054168701171875, "congestion": 3.8127682209014893}}, {"type": "Feature", "geometry": {"type": "LineString", "coordinates": [[106.7033969, 10.7687822], [106.7032974, 10.7687542]]}, "properties": {"speed": 34.04959487915039, "congestion": 3.2871382236480713}}, {"type": "Feature", "geometry": {"type": "LineString", "coordinates": [[106.6971324, 10.7613298], [106.6972114, 10.7612608]]}, "properties": {"speed": 31.298831939697266, "congestion": 3.7510762214660645}}, {"type": "Feature", "geometry": {"type": "LineString", "coordinates": [[106.7038883, 10.767486], [106.7043369, 10.7665988]]}, "properties": {"speed": 28.79409408569336, "congestion": 4.426034927368164}}, {"type": "Feature", "geometry": {"type": "LineString", "coordinates": [[106.7038883, 10.767486], [106.7039888, 10.7675287]]}, "properties": {"speed": 31.540428161621094, "congestion": 3.7098634243011475}}, {"type": "Feature", "geometry": {"type": "LineString", "coordinates": [[106.7039565, 10.7675981], [106.7038542, 10.7675494]]}, "properties": {"speed": 33.17102813720703, "congestion": 3.570239543914795}}, {"type": "Feature", "geometry": {"type": "LineString", "coordinates": [[106.7039888, 10.7675287], [106.7039565, 10.7675981]]}, "properties": {"speed": 32.16291427612305, "congestion": 3.504351854324341}}, {"type": "Feature", "geometry": {"type": "LineString", "coordinates": [[106.7039888, 10.7675287], [106.7053843, 10.7682098]]}, "properties": {"speed": 31.061540603637695, "congestion": 3.512822389602661}}, {"type": "Feature", "geometry": {"type": "LineString", "coordinates": [[106.7053406, 10.768272], [106.7039565, 10.7675981]]}, "properties": {"speed": 31.390907287597656, "congestion": 3.429266929626465}}, {"type": "Feature", "geometry": {"type": "LineString", "coordinates": [[106.7053406, 10.768272], [106.7053843, 10.7682098]]}, "properties": {"speed": 29.32803726196289, "congestion": 3.8755123615264893}}, {"type": "Feature", "geometry": {"type": "LineString", "coordinates": [[106.7054411, 10.7682054], [106.7060968, 10.7673447]]}, "properties": {"speed": 28.2533016204834, "congestion": 4.465200901031494}}, {"type": "Feature", "geometry": {"type": "LineString", "coordinates": [[106.7054411, 10.7682054], [106.7054391, 10.7683527]]}, "properties": {"speed": 19.9855899810791, "congestion": 4.040503025054932}}, {"type": "Feature", "geometry": {"type": "LineString", "coordinates": [[106.7054391, 10.7683527], [106.7057529, 10.76843]]}, "properties": {"speed": 22.492416381835938, "congestion": 3.542924165725708}}, {"type": "Feature", "geometry": {"type": "LineString", "coordinates": [[106.7054391, 10.7683527], [106.7053406, 10.768272]]}, "properties": {"speed": 28.407638549804688, "congestion": 3.6065804958343506}}, {"type": "Feature", "geometry": {"type": "LineString", "coordinates": [[106.7010054, 10.7646063], [106.700959, 10.7645742]]}, "properties": {"speed": 34.839752197265625, "congestion": 3.602841377258301}}, {"type": "Feature", "geometry": {"type": "LineString", "coordinates": [[106.6906105, 10.7747898], [106.6905386, 10.7748572]]}, "properties": {"speed": 20.327861785888672, "congestion": 5.749329566955566}}, {"type": "Feature", "geometry": {"type": "LineString", "coordinates": [[106.6906105, 10.7747898], [106.691529, 10.775847]]}, "properties": {"speed": 20.050867080688477, "congestion": 6.175565719604492}}, {"type": "Feature", "geometry": {"type": "LineString", "coordinates": [[106.6863885, 10.7704509], [106.6856697, 10.7715689]]}, "properties": {"speed": 20.81371307373047, "congestion": 5.396493911743164}}, {"type": "Feature", "geometry": {"type": "LineString", "coordinates": [[106.6863885, 10.7704509], [106.6864301, 10.7703835]]}, "properties": {"speed": 18.45514678955078, "congestion": 6.409998416900635}}, {"type": "Feature", "geometry": {"type": "LineString", "coordinates": [[106.6863885, 10.7704509], [106.68605, 10.7700989]]}, "properties": {"speed": 20.551998138427734, "congestion": 5.133205890655518}}, {"type": "Feature", "geometry": {"type": "LineString", "coordinates": [[106.6878021, 10.7719712], [106.6868233, 10.7728062]]}, "properties": {"speed": 26.985225677490234, "congestion": 4.693445205688477}}, {"type": "Feature", "geometry": {"type": "LineString", "coordinates": [[106.6878021, 10.7719712], [106.6871753, 10.7712874]]}, "properties": {"speed": 25.515491485595703, "congestion": 5.108209133148193}}, {"type": "Feature", "geometry": {"type": "LineString", "coordinates": [[106.682257, 10.7661031], [106.6817198, 10.7665554]]}, "properties": {"speed": 24.630033493041992, "congestion": 4.050353050231934}}, {"type": "Feature", "geometry": {"type": "LineString", "coordinates": [[106.682257, 10.7661031], [106.6817916, 10.7656557]]}, "properties": {"speed": 25.014999389648438, "congestion": 3.9967222213745117}}, {"type": "Feature", "geometry": {"type": "LineString", "coordinates": [[106.6871753, 10.7712874], [106.6863885, 10.7704509]]}, "properties": {"speed": 21.959604263305664, "congestion": 5.739307880401611}}, {"type": "Feature", "geometry": {"type": "LineString", "coordinates": [[106.6871753, 10.7712874], [106.6872293, 10.7712405]]}, "properties": {"speed": 21.195240020751953, "congestion": 5.980669021606445}}, {"type": "Feature", "geometry": {"type": "LineString", "coordinates": [[106.7097603, 10.7617296], [106.708407, 10.7625661]]}, "properties": {"speed": 21.049362182617188, "congestion": 7.593815326690674}}, {"type": "Feature", "geometry": {"type": "LineString", "coordinates": [[106.7097603, 10.7617296], [106.7105295, 10.7626291]]}, "properties": {"speed": 25.868061065673828, "congestion": 6.85133171081543}}, {"type": "Feature", "geometry": {"type": "LineString", "coordinates": [[106.7097603, 10.7617296], [106.7097288, 10.7616713]]}, "properties": {"speed": 24.9708309173584, "congestion": 7.829448223114014}}, {"type": "Feature", "geometry": {"type": "LineString", "coordinates": [[106.7073825, 10.7646404], [106.7074149, 10.7645683]]}, "properties": {"speed": 19.396421432495117, "congestion": 6.724106788635254}}, {"type": "Feature", "geometry": {"type": "LineString", "coordinates": [[106.7073179, 10.7647844], [106.7073825, 10.7646404]]}, "properties": {"speed": 19.396421432495117, "congestion": 6.724106788635254}}, {"type": "Feature", "geometry": {"type": "LineString", "coordinates": [[106.7073935, 10.7647805], [106.7072453, 10.7651171]]}, "properties": {"speed": 18.2774658203125, "congestion": 6.851578235626221}}, {"type": "Feature", "geometry": {"type": "LineString", "coordinates": [[106.7074895, 10.764402], [106.7081198, 10.7629362]]}, "properties": {"speed": 19.489164352416992, "congestion": 6.863029479980469}}, {"type": "Feature", "geometry": {"type": "LineString", "coordinates": [[106.6881764, 10.7742473], [106.6876051, 10.7736431]]}, "properties": {"speed": 17.960073471069336, "congestion": 5.475572109222412}}, {"type": "Feature", "geometry": {"type": "LineString", "coordinates": [[106.6881764, 10.7742473], [106.6893259, 10.7736099]]}, "properties": {"speed": 15.023698806762695, "congestion": 7.016800880432129}}, {"type": "Feature", "geometry": {"type": "LineString", "coordinates": [[106.6881764, 10.7742473], [106.6882626, 10.7743262]]}, "properties": {"speed": 17.622243881225586, "congestion": 5.8294148445129395}}, {"type": "Feature", "geometry": {"type": "LineString", "coordinates": [[106.6868086, 10.7749964], [106.6868508, 10.7750424]]}, "properties": {"speed": 16.919530868530273, "congestion": 5.226288318634033}}, {"type": "Feature", "geometry": {"type": "LineString", "coordinates": [[106.6868086, 10.7749964], [106.6881764, 10.7742473]]}, "properties": {"speed": 19.70494842529297, "congestion": 5.708512783050537}}, {"type": "Feature", "geometry": {"type": "LineString", "coordinates": [[106.6868086, 10.7749964], [106.6858136, 10.773959]]}, "properties": {"speed": 22.73194694519043, "congestion": 3.7618441581726074}}, {"type": "Feature", "geometry": {"type": "LineString", "coordinates": [[106.6852154, 10.7758553], [106.6852571, 10.7758973]]}, "properties": {"speed": 24.356189727783203, "congestion": 4.570951461791992}}, {"type": "Feature", "geometry": {"type": "LineString", "coordinates": [[106.6852154, 10.7758553], [106.6863514, 10.7752429]]}, "properties": {"speed": 23.550172805786133, "congestion": 4.842120170593262}}, {"type": "Feature", "geometry": {"type": "LineString", "coordinates": [[106.6863514, 10.7752429], [106.6863923, 10.7752884]]}, "properties": {"speed": 24.90382194519043, "congestion": 4.5525031089782715}}, {"type": "Feature", "geometry": {"type": "LineString", "coordinates": [[106.6863514, 10.7752429], [106.6868086, 10.7749964]]}, "properties": {"speed": 12.898435592651367, "congestion": 6.527773857116699}}, {"type": "Feature", "geometry": {"type": "LineString", "coordinates": [[106.6893994, 10.7736956], [106.6893259, 10.7736099]]}, "properties": {"speed": 22.062461853027344, "congestion": 5.247684478759766}}, {"type": "Feature", "geometry": {"type": "LineString", "coordinates": [[106.6893994, 10.7736956], [106.6882626, 10.7743262]]}, "properties": {"speed": 20.74373435974121, "congestion": 4.985198020935059}}, {"type": "Feature", "geometry": {"type": "LineString", "coordinates": [[106.7073842, 10.7927757], [106.7074335, 10.7927261]]}, "properties": {"speed": 19.03390884399414, "congestion": 7.04880952835083}}, {"type": "Feature", "geometry": {"type": "LineString", "coordinates": [[106.7073842, 10.7927757], [106.7056334, 10.7909104]]}, "properties": {"speed": 26.221052169799805, "congestion": 5.535256385803223}}, {"type": "Feature", "geometry": {"type": "LineString", "coordinates": [[106.7073842, 10.7927757], [106.7073116, 10.792838]]}, "properties": {"speed": 23.040014266967773, "congestion": 6.061779499053955}}, {"type": "Feature", "geometry": {"type": "LineString", "coordinates": [[106.7092918, 10.7947991], [106.707995, 10.7934287]]}, "properties": {"speed": 26.940540313720703, "congestion": 4.233222961425781}}, {"type": "Feature", "geometry": {"type": "LineString", "coordinates": [[106.7111784, 10.8007419], [106.7111572, 10.8003353]]}, "properties": {"speed": 25.792381286621094, "congestion": 4.126282215118408}}, {"type": "Feature", "geometry": {"type": "LineString", "coordinates": [[106.7098494, 10.7953859], [106.7099065, 10.7953381]]}, "properties": {"speed": 25.805408477783203, "congestion": 3.7375357151031494}}, {"type": "Feature", "geometry": {"type": "LineString", "coordinates": [[106.7098494, 10.7953859], [106.7092918, 10.7947991]]}, "properties": {"speed": 24.320833206176758, "congestion": 3.8542280197143555}}, {"type": "Feature", "geometry": {"type": "LineString", "coordinates": [[106.7110937, 10.7995023], [106.7111687, 10.7994936]]}, "properties": {"speed": 23.35927963256836, "congestion": 4.163975238800049}}, {"type": "Feature", "geometry": {"type": "LineString", "coordinates": [[106.7110937, 10.7995023], [106.71104, 10.7988773]]}, "properties": {"speed": 25.51863670349121, "congestion": 3.9244792461395264}}, {"type": "Feature", "geometry": {"type": "LineString", "coordinates": [[106.7110937, 10.7995023], [106.7106734, 10.7995507]]}, "properties": {"speed": 25.513633728027344, "congestion": 3.93853759765625}}, {"type": "Feature", "geometry": {"type": "LineString", "coordinates": [[106.711127, 10.8000068], [106.7110937, 10.7995023]]}, "properties": {"speed": 23.880346298217773, "congestion": 4.2876811027526855}}, {"type": "Feature", "geometry": {"type": "LineString", "coordinates": [[106.711127, 10.8000068], [106.7104489, 10.8000696]]}, "properties": {"speed": 25.941492080688477, "congestion": 4.267453193664551}}, {"type": "Feature", "geometry": {"type": "LineString", "coordinates": [[106.707995, 10.7934287], [106.7073842, 10.7927757]]}, "properties": {"speed": 25.09722137451172, "congestion": 5.3583292961120605}}, {"type": "Feature", "geometry": {"type": "LineString", "coordinates": [[106.707995, 10.7934287], [106.7080454, 10.793381]]}, "properties": {"speed": 25.825973510742188, "congestion": 4.967245578765869}}, {"type": "Feature", "geometry": {"type": "LineString", "coordinates": [[106.7112269, 10.8012043], [106.7113752, 10.8011855]]}, "properties": {"speed": 25.29366111755371, "congestion": 4.893992900848389}}, {"type": "Feature", "geometry": {"type": "LineString", "coordinates": [[106.7112269, 10.8012043], [106.7111784, 10.8007419]]}, "properties": {"speed": 23.08797264099121, "congestion": 4.668022632598877}}, {"type": "Feature", "geometry": {"type": "LineString", "coordinates": [[106.7110148, 10.7986338], [106.7111156, 10.7986147]]}, "properties": {"speed": 25.92170524597168, "congestion": 3.6712749004364014}}, {"type": "Feature", "geometry": {"type": "LineString", "coordinates": [[106.7110148, 10.7986338], [106.710862, 10.7979275]]}, "properties": {"speed": 27.79956817626953, "congestion": 3.823725700378418}}, {"type": "Feature", "geometry": {"type": "LineString", "coordinates": [[106.7030795, 10.7882186], [106.7028134, 10.7879369]]}, "properties": {"speed": 24.962148666381836, "congestion": 4.286764621734619}}, {"type": "Feature", "geometry": {"type": "LineString", "coordinates": [[106.7044554, 10.7896672], [106.7045046, 10.7896217]]}, "properties": {"speed": 29.891841888427734, "congestion": 4.499547958374023}}, {"type": "Feature", "geometry": {"type": "LineString", "coordinates": [[106.7044554, 10.7896672], [106.7034951, 10.7886488]]}, "properties": {"speed": 25.979576110839844, "congestion": 5.434260845184326}}, {"type": "Feature", "geometry": {"type": "LineString", "coordinates": [[106.7034951, 10.7886488], [106.7035437, 10.7886056]]}, "properties": {"speed": 17.811922073364258, "congestion": 6.013424873352051}}, {"type": "Feature", "geometry": {"type": "LineString", "coordinates": [[106.7034951, 10.7886488], [106.7030795, 10.7882186]]}, "properties": {"speed": 19.696674346923828, "congestion": 5.620700359344482}}, {"type": "Feature", "geometry": {"type": "LineString", "coordinates": [[106.7028134, 10.7879369], [106.7028609, 10.7878944]]}, "properties": {"speed": 17.19999885559082, "congestion": 2.9208364486694336}}, {"type": "Feature", "geometry": {"type": "LineString", "coordinates": [[106.7028134, 10.7879369], [106.7010996, 10.7900597]]}, "properties": {"speed": 17.19999885559082, "congestion": 2.9208364486694336}}, {"type": "Feature", "geometry": {"type": "LineString", "coordinates": [[106.7028134, 10.7879369], [106.7025516, 10.7876598]]}, "properties": {"speed": 26.878299713134766, "congestion": 4.267323970794678}}, {"type": "Feature", "geometry": {"type": "LineString", "coordinates": [[106.7015755, 10.786639], [106.7016608, 10.7865567]]}, "properties": {"speed": 25.585777282714844, "congestion": 3.9671430587768555}}, {"type": "Feature", "geometry": {"type": "LineString", "coordinates": [[106.7015755, 10.786639], [106.6995877, 10.7884681]]}, "properties": {"speed": 24.79415512084961, "congestion": 4.53537654876709}}, {"type": "Feature", "geometry": {"type": "LineString", "coordinates": [[106.7015755, 10.786639], [106.7015027, 10.7864767]]}, "properties": {"speed": 24.826717376708984, "congestion": 3.990647315979004}}, {"type": "Feature", "geometry": {"type": "LineString", "coordinates": [[106.6997738, 10.7787668], [106.6988723, 10.777776]]}, "properties": {"speed": 13.267183303833008, "congestion": 5.258917808532715}}, {"type": "Feature", "geometry": {"type": "LineString", "coordinates": [[106.6997738, 10.7787668], [106.6999459, 10.7789593]]}, "properties": {"speed": 23.917707443237305, "congestion": 4.127485752105713}}, {"type": "Feature", "geometry": {"type": "LineString", "coordinates": [[106.6845442, 10.8004395], [106.6832124, 10.8015614]]}, "properties": {"speed": 30.56857681274414, "congestion": 4.067391395568848}}, {"type": "Feature", "geometry": {"type": "LineString", "coordinates": [[106.6778267, 10.7949531], [106.6767233, 10.7958926]]}, "properties": {"speed": 19.943748474121094, "congestion": 5.005990982055664}}, {"type": "Feature", "geometry": {"type": "LineString", "coordinates": [[106.6777895, 10.7739093], [106.6777029, 10.7738558]]}, "properties": {"speed": 22.978099822998047, "congestion": 5.4345703125}}, {"type": "Feature", "geometry": {"type": "LineString", "coordinates": [[106.6777895, 10.7739093], [106.6775694, 10.7741705]]}, "properties": {"speed": 29.460649490356445, "congestion": 3.6814143657684326}}, {"type": "Feature", "geometry": {"type": "LineString", "coordinates": [[106.6830015, 10.7622417], [106.6827342, 10.7629123]]}, "properties": {"speed": 35.07604217529297, "congestion": 3.5504963397979736}}, {"type": "Feature", "geometry": {"type": "LineString", "coordinates": [[106.6825903, 10.7628625], [106.6828618, 10.7621878]]}, "properties": {"speed": 32.427085876464844, "congestion": 3.660156726837158}}, {"type": "Feature", "geometry": {"type": "LineString", "coordinates": [[106.6827342, 10.7629123], [106.6824908, 10.7635235]]}, "properties": {"speed": 29.46146011352539, "congestion": 3.7975378036499023}}, {"type": "Feature", "geometry": {"type": "LineString", "coordinates": [[106.6823443, 10.7634745], [106.6825903, 10.7628625]]}, "properties": {"speed": 30.878780364990234, "congestion": 4.105159282684326}}, {"type": "Feature", "geometry": {"type": "LineString", "coordinates": [[106.6823443, 10.7634745], [106.6824908, 10.7635235]]}, "properties": {"speed": 30.609209060668945, "congestion": 4.181743621826172}}, {"type": "Feature", "geometry": {"type": "LineString", "coordinates": [[106.6823443, 10.7634745], [106.6822763, 10.763452]]}, "properties": {"speed": 30.609209060668945, "congestion": 4.181743621826172}}, {"type": "Feature", "geometry": {"type": "LineString", "coordinates": [[106.6828618, 10.7621878], [106.6829771, 10.761901]]}, "properties": {"speed": 19.78871726989746, "congestion": 4.485210418701172}}, {"type": "Feature", "geometry": {"type": "LineString", "coordinates": [[106.6823184, 10.7925441], [106.6825852, 10.7923912]]}, "properties": {"speed": 25.023086547851562, "congestion": 3.3999581336975098}}, {"type": "Feature", "geometry": {"type": "LineString", "coordinates": [[106.6823184, 10.7925441], [106.6816482, 10.7920918]]}, "properties": {"speed": 36.643070220947266, "congestion": 3.2171807289123535}}, {"type": "Feature", "geometry": {"type": "LineString", "coordinates": [[106.6816482, 10.7920918], [106.6812917, 10.7922598]]}, "properties": {"speed": 29.745723724365234, "congestion": 3.5646657943725586}}, {"type": "Feature", "geometry": {"type": "LineString", "coordinates": [[106.6816482, 10.7920918], [106.6823184, 10.7925441]]}, "properties": {"speed": 25.023086547851562, "congestion": 3.3999581336975098}}, {"type": "Feature", "geometry": {"type": "LineString", "coordinates": [[106.676368, 10.7670327], [106.6764087, 10.7665974]]}, "properties": {"speed": 28.118837356567383, "congestion": 4.0441083908081055}}, {"type": "Feature", "geometry": {"type": "LineString", "coordinates": [[106.676368, 10.7670327], [106.6763974, 10.7671244]]}, "properties": {"speed": 28.981082916259766, "congestion": 4.1844258308410645}}, {"type": "Feature", "geometry": {"type": "LineString", "coordinates": [[106.676368, 10.7670327], [106.6786828, 10.7663256]]}, "properties": {"speed": 29.45850372314453, "congestion": 3.848554849624634}}, {"type": "Feature", "geometry": {"type": "LineString", "coordinates": [[106.681415, 10.7654865], [106.6814017, 10.7654196]]}, "properties": {"speed": 26.50486183166504, "congestion": 4.145763874053955}}, {"type": "Feature", "geometry": {"type": "LineString", "coordinates": [[106.6839226, 10.7766202], [106.6837066, 10.7767389]]}, "properties": {"speed": 20.195051193237305, "congestion": 5.754851818084717}}, {"type": "Feature", "geometry": {"type": "LineString", "coordinates": [[106.7005953, 10.7622493], [106.700333, 10.7628626]]}, "properties": {"speed": 31.19997787475586, "congestion": 2.843841075897217}}, {"type": "Feature", "geometry": {"type": "LineString", "coordinates": [[106.6941984, 10.7701665], [106.6941025, 10.7701272]]}, "properties": {"speed": 21.46579933166504, "congestion": 4.670382022857666}}, {"type": "Feature", "geometry": {"type": "LineString", "coordinates": [[106.6941984, 10.7701665], [106.6936374, 10.7710626]]}, "properties": {"speed": 21.962064743041992, "congestion": 4.188615798950195}}, {"type": "Feature", "geometry": {"type": "LineString", "coordinates": [[106.6949909, 10.7795752], [106.6959275, 10.7787142]]}, "properties": {"speed": 26.674476623535156, "congestion": 4.220578670501709}}, {"type": "Feature", "geometry": {"type": "LineString", "coordinates": [[106.6949909, 10.7795752], [106.6958645, 10.7805243]]}, "properties": {"speed": 24.431076049804688, "congestion": 4.959989070892334}}, {"type": "Feature", "geometry": {"type": "LineString", "coordinates": [[106.7001553, 10.765327], [106.7002293, 10.7652201]]}, "properties": {"speed": 35.235076904296875, "congestion": 3.40381121635437}}, {"type": "Feature", "geometry": {"type": "LineString", "coordinates": [[106.7001553, 10.765327], [106.6997627, 10.7650876]]}, "properties": {"speed": 28.565574645996094, "congestion": 6.986465930938721}}, {"type": "Feature", "geometry": {"type": "LineString", "coordinates": [[106.7001553, 10.765327], [106.7000379, 10.7654683]]}, "properties": {"speed": 36.23908233642578, "congestion": 3.3435091972351074}}, {"type": "Feature", "geometry": {"type": "LineString", "coordinates": [[106.6907408, 10.7955136], [106.6899783, 10.7953863]]}, "properties": {"speed": 29.29437255859375, "congestion": 3.2822725772857666}}, {"type": "Feature", "geometry": {"type": "LineString", "coordinates": [[106.6908077, 10.7955137], [106.6907408, 10.7955136]]}, "properties": {"speed": 30.107460021972656, "congestion": 3.304445743560791}}, {"type": "Feature", "geometry": {"type": "LineString", "coordinates": [[106.678638, 10.7794286], [106.6796379, 10.7788862]]}, "properties": {"speed": 22.511201858520508, "congestion": 4.086980819702148}}, {"type": "Feature", "geometry": {"type": "LineString", "coordinates": [[106.678638, 10.7794286], [106.6795139, 10.7803745]]}, "properties": {"speed": 22.692707061767578, "congestion": 4.080404281616211}}, {"type": "Feature", "geometry": {"type": "LineString", "coordinates": [[106.678638, 10.7794286], [106.6784869, 10.7795134]]}, "properties": {"speed": 22.074047088623047, "congestion": 4.115663051605225}}, {"type": "Feature", "geometry": {"type": "LineString", "coordinates": [[106.6798422, 10.7787762], [106.6803098, 10.7785269]]}, "properties": {"speed": 24.19356918334961, "congestion": 4.198312759399414}}, {"type": "Feature", "geometry": {"type": "LineString", "coordinates": [[106.6798422, 10.7787762], [106.6794822, 10.7781212]]}, "properties": {"speed": 22.152767181396484, "congestion": 2.914280652999878}}, {"type": "Feature", "geometry": {"type": "LineString", "coordinates": [[106.6798422, 10.7787762], [106.6796379, 10.7788862]]}, "properties": {"speed": 24.03541374206543, "congestion": 4.512284278869629}}, {"type": "Feature", "geometry": {"type": "LineString", "coordinates": [[106.6794822, 10.7781212], [106.6798422, 10.7787762]]}, "properties": {"speed": 26.01441192626953, "congestion": 3.7806575298309326}}, {"type": "Feature", "geometry": {"type": "LineString", "coordinates": [[106.6794822, 10.7781212], [106.6785947, 10.7774471]]}, "properties": {"speed": 22.199989318847656, "congestion": 2.911116600036621}}, {"type": "Feature", "geometry": {"type": "LineString", "coordinates": [[106.6782429, 10.7772552], [106.6796379, 10.7788862]]}, "properties": {"speed": 13.799991607666016, "congestion": 3.3791468143463135}}, {"type": "Feature", "geometry": {"type": "LineString", "coordinates": [[106.6782429, 10.7772552], [106.6785947, 10.7774471]]}, "properties": {"speed": 14.90001106262207, "congestion": 3.4745213985443115}}, {"type": "Feature", "geometry": {"type": "LineString", "coordinates": [[106.6782429, 10.7772552], [106.6778341, 10.7769123]]}, "properties": {"speed": 13.799991607666016, "congestion": 3.3791468143463135}}, {"type": "Feature", "geometry": {"type": "LineString", "coordinates": [[106.6796379, 10.7788862], [106.678638, 10.7794286]]}, "properties": {"speed": 23.633390426635742, "congestion": 4.384072780609131}}, {"type": "Feature", "geometry": {"type": "LineString", "coordinates": [[106.6796379, 10.7788862], [106.6798422, 10.7787762]]}, "properties": {"speed": 21.578529357910156, "congestion": 4.746792316436768}}, {"type": "Feature", "geometry": {"type": "LineString", "coordinates": [[106.6796379, 10.7788862], [106.6782429, 10.7772552]]}, "properties": {"speed": 22.67743492126465, "congestion": 4.6199235916137695}}, {"type": "Feature", "geometry": {"type": "LineString", "coordinates": [[106.6789896, 10.7772327], [106.6794822, 10.7781212]]}, "properties": {"speed": 27.474828720092773, "congestion": 3.752493143081665}}, {"type": "Feature", "geometry": {"type": "LineString", "coordinates": [[106.6785947, 10.7774471], [106.6794822, 10.7781212]]}, "properties": {"speed": 13.400009155273438, "congestion": 3.0729055404663086}}, {"type": "Feature", "geometry": {"type": "LineString", "coordinates": [[106.6792401, 10.7770736], [106.6789896, 10.7772327]]}, "properties": {"speed": 27.474828720092773, "congestion": 3.752493143081665}}, {"type": "Feature", "geometry": {"type": "LineString", "coordinates": [[106.677372, 10.7763644], [106.677464, 10.7762427]]}, "properties": {"speed": 16.40001106262207, "congestion": 3.0038609504699707}}, {"type": "Feature", "geometry": {"type": "LineString", "coordinates": [[106.677372, 10.7763644], [106.6777124, 10.7768102]]}, "properties": {"speed": 16.40001106262207, "congestion": 3.0038609504699707}}, {"type": "Feature", "geometry": {"type": "LineString", "coordinates": [[106.7066849, 10.764993], [106.7062093, 10.7648]]}, "properties": {"speed": 25.61354637145996, "congestion": 6.913564682006836}}, {"type": "Feature", "geometry": {"type": "LineString", "coordinates": [[106.7133178, 10.8015688], [106.7126491, 10.8015782]]}, "properties": {"speed": 35.225101470947266, "congestion": 3.5228450298309326}}, {"type": "Feature", "geometry": {"type": "LineString", "coordinates": [[106.7133178, 10.8015688], [106.7133293, 10.8048281]]}, "properties": {"speed": 33.15243148803711, "congestion": 3.590825319290161}}, {"type": "Feature", "geometry": {"type": "LineString", "coordinates": [[106.7043435, 10.7711821], [106.703913, 10.771863]]}, "properties": {"speed": 15.329166412353516, "congestion": 7.885913372039795}}, {"type": "Feature", "geometry": {"type": "LineString", "coordinates": [[106.7043435, 10.7711821], [106.704232, 10.7709832]]}, "properties": {"speed": 15.31389045715332, "congestion": 7.913014888763428}}, {"type": "Feature", "geometry": {"type": "LineString", "coordinates": [[106.7043435, 10.7711821], [106.705399, 10.7722276]]}, "properties": {"speed": 31.413217544555664, "congestion": 3.8065130710601807}}, {"type": "Feature", "geometry": {"type": "LineString", "coordinates": [[106.6985066, 10.7727875], [106.6988354, 10.7722615]]}, "properties": {"speed": 24.11250114440918, "congestion": 5.393060684204102}}, {"type": "Feature", "geometry": {"type": "LineString", "coordinates": [[106.6963988, 10.8006623], [106.6962351, 10.7982631]]}, "properties": {"speed": 30.14236068725586, "congestion": 3.557634115219116}}, {"type": "Feature", "geometry": {"type": "LineString", "coordinates": [[106.6963988, 10.8006623], [106.6965251, 10.8006611]]}, "properties": {"speed": 27.402606964111328, "congestion": 3.5234413146972656}}, {"type": "Feature", "geometry": {"type": "LineString", "coordinates": [[106.7034401, 10.77718], [106.7025647, 10.7765403]]}, "properties": {"speed": 14.988886833190918, "congestion": 4.0985798835754395}}, {"type": "Feature", "geometry": {"type": "LineString", "coordinates": [[106.7037077, 10.7769646], [106.7041193, 10.7773934]]}, "properties": {"speed": 13.144620895385742, "congestion": 7.179072856903076}}, {"type": "Feature", "geometry": {"type": "LineString", "coordinates": [[106.6824908, 10.7635235], [106.6823443, 10.7634745]]}, "properties": {"speed": 28.66736602783203, "congestion": 4.478914260864258}}, {"type": "Feature", "geometry": {"type": "LineString", "coordinates": [[106.6824908, 10.7635235], [106.6825708, 10.7635499]]}, "properties": {"speed": 28.66736602783203, "congestion": 4.478914260864258}}, {"type": "Feature", "geometry": {"type": "LineString", "coordinates": [[106.6824908, 10.7635235], [106.6822704, 10.7640747]]}, "properties": {"speed": 28.89926528930664, "congestion": 4.384207725524902}}, {"type": "Feature", "geometry": {"type": "LineString", "coordinates": [[106.7028245, 10.7854521], [106.7030012, 10.7851975]]}, "properties": {"speed": 19.36111068725586, "congestion": 7.092912197113037}}, {"type": "Feature", "geometry": {"type": "LineString", "coordinates": [[106.7028245, 10.7854521], [106.701946, 10.7862715]]}, "properties": {"speed": 25.83246421813965, "congestion": 6.116058826446533}}, {"type": "Feature", "geometry": {"type": "LineString", "coordinates": [[106.6975675, 10.790616], [106.6976612, 10.7905339]]}, "properties": {"speed": 24.714841842651367, "congestion": 4.323213577270508}}, {"type": "Feature", "geometry": {"type": "LineString", "coordinates": [[106.6976612, 10.7905339], [106.6981229, 10.791006]]}, "properties": {"speed": 25.583162307739258, "congestion": 4.105278015136719}}, {"type": "Feature", "geometry": {"type": "LineString", "coordinates": [[106.6811788, 10.7863811], [106.6807718, 10.7862659]]}, "properties": {"speed": 19.80000877380371, "congestion": 2.796478509902954}}, {"type": "Feature", "geometry": {"type": "LineString", "coordinates": [[106.6811788, 10.7863811], [106.6810064, 10.7861337]]}, "properties": {"speed": 22.965713500976562, "congestion": 6.478876113891602}}, {"type": "Feature", "geometry": {"type": "LineString", "coordinates": [[106.6811788, 10.7863811], [106.6815889, 10.7865848]]}, "properties": {"speed": 26.07083511352539, "congestion": 3.394300937652588}}, {"type": "Feature", "geometry": {"type": "LineString", "coordinates": [[106.6848872, 10.7778559], [106.6860728, 10.7789815]]}, "properties": {"speed": 17.248613357543945, "congestion": 4.456325531005859}}, {"type": "Feature", "geometry": {"type": "LineString", "coordinates": [[106.6848872, 10.7778559], [106.6853982, 10.7774209]]}, "properties": {"speed": 20.006935119628906, "congestion": 4.992740154266357}}, {"type": "Feature", "geometry": {"type": "LineString", "coordinates": [[106.6848872, 10.7778559], [106.6839633, 10.7783866]]}, "properties": {"speed": 8.125003814697266, "congestion": 5.685161113739014}}, {"type": "Feature", "geometry": {"type": "LineString", "coordinates": [[106.6861495, 10.7767966], [106.6853982, 10.7774209]]}, "properties": {"speed": 15.943058013916016, "congestion": 3.9896321296691895}}, {"type": "Feature", "geometry": {"type": "LineString", "coordinates": [[106.6861495, 10.7767966], [106.686457, 10.7765016]]}, "properties": {"speed": 11.105555534362793, "congestion": 8.910462379455566}}, {"type": "Feature", "geometry": {"type": "LineString", "coordinates": [[106.6861495, 10.7767966], [106.6856829, 10.7763265]]}, "properties": {"speed": 20.07257080078125, "congestion": 5.69271183013916}}, {"type": "Feature", "geometry": {"type": "LineString", "coordinates": [[106.6861495, 10.7767966], [106.6872434, 10.7778991]]}, "properties": {"speed": 16.943056106567383, "congestion": 3.107308864593506}}, {"type": "Feature", "geometry": {"type": "LineString", "coordinates": [[106.7029702, 10.7749426], [106.702352, 10.7755164]]}, "properties": {"speed": 14.43368148803711, "congestion": 5.126780033111572}}, {"type": "Feature", "geometry": {"type": "LineString", "coordinates": [[106.7035916, 10.7755944], [106.7039506, 10.7752637]]}, "properties": {"speed": 26.010066986083984, "congestion": 4.6193952560424805}}, {"type": "Feature", "geometry": {"type": "LineString", "coordinates": [[106.6992603, 10.7649795], [106.6991352, 10.764818]]}, "properties": {"speed": 29.457807540893555, "congestion": 3.6008105278015137}}, {"type": "Feature", "geometry": {"type": "LineString", "coordinates": [[106.6841871, 10.768177], [106.682257, 10.7661031]]}, "properties": {"speed": 24.5604190826416, "congestion": 4.255821228027344}}, {"type": "Feature", "geometry": {"type": "LineString", "coordinates": [[106.6841871, 10.768177], [106.6843097, 10.7680725]]}, "properties": {"speed": 21.05370330810547, "congestion": 4.994649887084961}}, {"type": "Feature", "geometry": {"type": "LineString", "coordinates": [[106.6794334, 10.8012346], [106.6784905, 10.8016682]]}, "properties": {"speed": 32.88758850097656, "congestion": 3.4740700721740723}}, {"type": "Feature", "geometry": {"type": "LineString", "coordinates": [[106.6794334, 10.8012346], [106.679314, 10.8016446]]}, "properties": {"speed": 28.92524528503418, "congestion": 4.1735029220581055}}, {"type": "Feature", "geometry": {"type": "LineString", "coordinates": [[106.6804373, 10.7675738], [106.6817198, 10.7665554]]}, "properties": {"speed": 23.856361389160156, "congestion": 4.110988616943359}}, {"type": "Feature", "geometry": {"type": "LineString", "coordinates": [[106.6804373, 10.7675738], [106.6794945, 10.7664338]]}, "properties": {"speed": 23.415098190307617, "congestion": 4.174388885498047}}, {"type": "Feature", "geometry": {"type": "LineString", "coordinates": [[106.6804373, 10.7675738], [106.6809052, 10.7681146]]}, "properties": {"speed": 23.415098190307617, "congestion": 4.174388885498047}}, {"type": "Feature", "geometry": {"type": "LineString", "coordinates": [[106.6804373, 10.7675738], [106.6800643, 10.7678668]]}, "properties": {"speed": 18.95057487487793, "congestion": 5.951406478881836}}, {"type": "Feature", "geometry": {"type": "LineString", "coordinates": [[106.6981158, 10.782881], [106.6989238, 10.782134]]}, "properties": {"speed": 19.08847999572754, "congestion": 5.250523090362549}}, {"type": "Feature", "geometry": {"type": "LineString", "coordinates": [[106.6981158, 10.782881], [106.697051, 10.7838024]]}, "properties": {"speed": 19.43431854248047, "congestion": 5.443628311157227}}, {"type": "Feature", "geometry": {"type": "LineString", "coordinates": [[106.6981158, 10.782881], [106.6987886, 10.7836123]]}, "properties": {"speed": 21.32004737854004, "congestion": 5.065656661987305}}, {"type": "Feature", "geometry": {"type": "LineString", "coordinates": [[106.6943304, 10.7699546], [106.6941984, 10.7701665]]}, "properties": {"speed": 22.066926956176758, "congestion": 4.9448113441467285}}, {"type": "Feature", "geometry": {"type": "LineString", "coordinates": [[106.6811655, 10.7971945], [106.6802826, 10.7971878]]}, "properties": {"speed": 18.499086380004883, "congestion": 6.7756500244140625}}, {"type": "Feature", "geometry": {"type": "LineString", "coordinates": [[106.6811655, 10.7971945], [106.6814724, 10.796473]]}, "properties": {"speed": 17.03813934326172, "congestion": 6.015129566192627}}, {"type": "Feature", "geometry": {"type": "LineString", "coordinates": [[106.6811655, 10.7971945], [106.680278, 10.7991874]]}, "properties": {"speed": 16.15401840209961, "congestion": 7.811273574829102}}, {"type": "Feature", "geometry": {"type": "LineString", "coordinates": [[106.6811655, 10.7971945], [106.6820021, 10.7979792]]}, "properties": {"speed": 16.059865951538086, "congestion": 6.652287483215332}}, {"type": "Feature", "geometry": {"type": "LineString", "coordinates": [[106.677304, 10.8039758], [106.677242, 10.8038652]]}, "properties": {"speed": 31.15555191040039, "congestion": 3.6585121154785156}}, {"type": "Feature", "geometry": {"type": "LineString", "coordinates": [[106.6776957, 10.8046742], [106.6783311, 10.8042951]]}, "properties": {"speed": 30.272216796875, "congestion": 3.3359766006469727}}, {"type": "Feature", "geometry": {"type": "LineString", "coordinates": [[106.6776957, 10.8046742], [106.677625, 10.8045481]]}, "properties": {"speed": 30.92569923400879, "congestion": 3.388943910598755}}, {"type": "Feature", "geometry": {"type": "LineString", "coordinates": [[106.6774927, 10.8043122], [106.677304, 10.8039758]]}, "properties": {"speed": 30.942182540893555, "congestion": 3.5486536026000977}}, {"type": "Feature", "geometry": {"type": "LineString", "coordinates": [[106.677625, 10.8045481], [106.6775017, 10.8043283]]}, "properties": {"speed": 31.17777442932129, "congestion": 3.495771884918213}}, {"type": "Feature", "geometry": {"type": "LineString", "coordinates": [[106.6802368, 10.7992813], [106.680278, 10.7991874]]}, "properties": {"speed": 23.07664680480957, "congestion": 4.70671272277832}}, {"type": "Feature", "geometry": {"type": "LineString", "coordinates": [[106.6802368, 10.7992813], [106.6789113, 10.7993119]]}, "properties": {"speed": 24.69305992126465, "congestion": 4.4771575927734375}}, {"type": "Feature", "geometry": {"type": "LineString", "coordinates": [[106.6802368, 10.7992813], [106.6801643, 10.7994776]]}, "properties": {"speed": 24.716960906982422, "congestion": 4.436330318450928}}, {"type": "Feature", "geometry": {"type": "LineString", "coordinates": [[106.6804397, 10.7993665], [106.6802368, 10.7992813]]}, "properties": {"speed": 24.767793655395508, "congestion": 4.406737327575684}}, {"type": "Feature", "geometry": {"type": "LineString", "coordinates": [[106.681903, 10.7958597], [106.6822033, 10.7956227]]}, "properties": {"speed": 20.738197326660156, "congestion": 4.020580291748047}}, {"type": "Feature", "geometry": {"type": "LineString", "coordinates": [[106.681903, 10.7958597], [106.6813876, 10.795113]]}, "properties": {"speed": 37.27534484863281, "congestion": 3.1207242012023926}}, {"type": "Feature", "geometry": {"type": "LineString", "coordinates": [[106.681903, 10.7958597], [106.6814724, 10.796473]]}, "properties": {"speed": 21.146175384521484, "congestion": 6.7369489669799805}}, {"type": "Feature", "geometry": {"type": "LineString", "coordinates": [[106.6835798, 10.7927333], [106.6846055, 10.7953213]]}, "properties": {"speed": 37.02604675292969, "congestion": 3.175853967666626}}, {"type": "Feature", "geometry": {"type": "LineString", "coordinates": [[106.6835798, 10.7927333], [106.6825852, 10.7923912]]}, "properties": {"speed": 36.643070220947266, "congestion": 3.2171807289123535}}, {"type": "Feature", "geometry": {"type": "LineString", "coordinates": [[106.6846195, 10.7937096], [106.6844481, 10.7938447]]}, "properties": {"speed": 32.955413818359375, "congestion": 3.6048245429992676}}, {"type": "Feature", "geometry": {"type": "LineString", "coordinates": [[106.6846195, 10.7937096], [106.6840318, 10.7932827]]}, "properties": {"speed": 31.73342514038086, "congestion": 3.6502583026885986}}, {"type": "Feature", "geometry": {"type": "LineString", "coordinates": [[106.6846195, 10.7937096], [106.6852839, 10.7931859]]}, "properties": {"speed": 33.473751068115234, "congestion": 3.4566235542297363}}, {"type": "Feature", "geometry": {"type": "LineString", "coordinates": [[106.6811597, 10.7851058], [106.681334, 10.7854242]]}, "properties": {"speed": 21.1986141204834, "congestion": 5.059679985046387}}, {"type": "Feature", "geometry": {"type": "LineString", "coordinates": [[106.6762097, 10.7975382], [106.6771532, 10.7974367]]}, "properties": {"speed": 21.40017318725586, "congestion": 4.425626277923584}}, {"type": "Feature", "geometry": {"type": "LineString", "coordinates": [[106.6762097, 10.7975382], [106.6759937, 10.7975585]]}, "properties": {"speed": 22.6250057220459, "congestion": 4.168649196624756}}, {"type": "Feature", "geometry": {"type": "LineString", "coordinates": [[106.6771778, 10.798692], [106.6769406, 10.7988885]]}, "properties": {"speed": 25.063016891479492, "congestion": 4.449326992034912}}, {"type": "Feature", "geometry": {"type": "LineString", "coordinates": [[106.6771778, 10.798692], [106.6776205, 10.7983154]]}, "properties": {"speed": 20.52126693725586, "congestion": 5.114084243774414}}, {"type": "Feature", "geometry": {"type": "LineString", "coordinates": [[106.6766869, 10.7948715], [106.6770439, 10.7946532]]}, "properties": {"speed": 23.912559509277344, "congestion": 5.553738594055176}}, {"type": "Feature", "geometry": {"type": "LineString", "coordinates": [[106.6784141, 10.7857966], [106.6787015, 10.7858216]]}, "properties": {"speed": 20.006885528564453, "congestion": 4.883916854858398}}, {"type": "Feature", "geometry": {"type": "LineString", "coordinates": [[106.6784141, 10.7857966], [106.6782882, 10.7876317]]}, "properties": {"speed": 20.156028747558594, "congestion": 4.928379058837891}}, {"type": "Feature", "geometry": {"type": "LineString", "coordinates": [[106.6784141, 10.7857966], [106.6784283, 10.7854872]]}, "properties": {"speed": 21.618175506591797, "congestion": 4.987253189086914}}, {"type": "Feature", "geometry": {"type": "LineString", "coordinates": [[106.6814724, 10.796473], [106.6811655, 10.7971945]]}, "properties": {"speed": 19.395973205566406, "congestion": 6.859488487243652}}, {"type": "Feature", "geometry": {"type": "LineString", "coordinates": [[106.6814724, 10.796473], [106.681903, 10.7958597]]}, "properties": {"speed": 19.626420974731445, "congestion": 6.5363287925720215}}, {"type": "Feature", "geometry": {"type": "LineString", "coordinates": [[106.6814724, 10.796473], [106.6808816, 10.7963575]]}, "properties": {"speed": 20.794620513916016, "congestion": 6.552103042602539}}, {"type": "Feature", "geometry": {"type": "LineString", "coordinates": [[106.6786828, 10.7663256], [106.6787522, 10.7663034]]}, "properties": {"speed": 28.618499755859375, "congestion": 3.9276645183563232}}, {"type": "Feature", "geometry": {"type": "LineString", "coordinates": [[106.6781963, 10.785484], [106.6784283, 10.7854872]]}, "properties": {"speed": 31.89045524597168, "congestion": 3.4478864669799805}}, {"type": "Feature", "geometry": {"type": "LineString", "coordinates": [[106.6781963, 10.785484], [106.6782025, 10.7853795]]}, "properties": {"speed": 31.19010353088379, "congestion": 3.3028650283813477}}, {"type": "Feature", "geometry": {"type": "LineString", "coordinates": [[106.6784283, 10.7854872], [106.6784503, 10.785051]]}, "properties": {"speed": 24.920658111572266, "congestion": 5.292042255401611}}, {"type": "Feature", "geometry": {"type": "LineString", "coordinates": [[106.6784283, 10.7854872], [106.6784141, 10.7857966]]}, "properties": {"speed": 18.376392364501953, "congestion": 4.702836036682129}}, {"type": "Feature", "geometry": {"type": "LineString", "coordinates": [[106.6784283, 10.7854872], [106.6781963, 10.785484]]}, "properties": {"speed": 31.19010353088379, "congestion": 3.3028650283813477}}, {"type": "Feature", "geometry": {"type": "LineString", "coordinates": [[106.7094404, 10.8040226], [106.7093775, 10.8030331]]}, "properties": {"speed": 20.64704704284668, "congestion": 7.09539794921875}}, {"type": "Feature", "geometry": {"type": "LineString", "coordinates": [[106.6846801, 10.7889673], [106.6826419, 10.7898736]]}, "properties": {"speed": 27.873018264770508, "congestion": 4.572081565856934}}, {"type": "Feature", "geometry": {"type": "LineString", "coordinates": [[106.6846801, 10.7889673], [106.6852127, 10.7884963]]}, "properties": {"speed": 27.01502227783203, "congestion": 4.651243686676025}}, {"type": "Feature", "geometry": {"type": "LineString", "coordinates": [[106.6856829, 10.7763265], [106.6852571, 10.7758973]]}, "properties": {"speed": 14.562501907348633, "congestion": 4.061944961547852}}, {"type": "Feature", "geometry": {"type": "LineString", "coordinates": [[106.6856829, 10.7763265], [106.6861495, 10.7767966]]}, "properties": {"speed": 19.687490463256836, "congestion": 3.4060654640197754}}, {"type": "Feature", "geometry": {"type": "LineString", "coordinates": [[106.6995478, 10.792164], [106.699734, 10.7923026]]}, "properties": {"speed": 24.595136642456055, "congestion": 3.5864322185516357}}, {"type": "Feature", "geometry": {"type": "LineString", "coordinates": [[106.6995478, 10.792164], [106.699775, 10.7921112]]}, "properties": {"speed": 20.28993034362793, "congestion": 4.373688697814941}}, {"type": "Feature", "geometry": {"type": "LineString", "coordinates": [[106.6995877, 10.7884681], [106.6991234, 10.7879778]]}, "properties": {"speed": 21.276256561279297, "congestion": 5.561092376708984}}, {"type": "Feature", "geometry": {"type": "LineString", "coordinates": [[106.6995877, 10.7884681], [106.6985385, 10.7894352]]}, "properties": {"speed": 19.198265075683594, "congestion": 6.328880310058594}}, {"type": "Feature", "geometry": {"type": "LineString", "coordinates": [[106.6820415, 10.7912746], [106.6816069, 10.7857931]]}, "properties": {"speed": 29.368513107299805, "congestion": 3.3124613761901855}}, {"type": "Feature", "geometry": {"type": "LineString", "coordinates": [[106.6820415, 10.7912746], [106.6825773, 10.7909171]]}, "properties": {"speed": 31.60602569580078, "congestion": 3.296701192855835}}, {"type": "Feature", "geometry": {"type": "LineString", "coordinates": [[106.6820415, 10.7912746], [106.682444, 10.7915567]]}, "properties": {"speed": 29.409711837768555, "congestion": 3.2942850589752197}}, {"type": "Feature", "geometry": {"type": "LineString", "coordinates": [[106.7053843, 10.7682098], [106.7054411, 10.7682054]]}, "properties": {"speed": 23.688087463378906, "congestion": 4.336747169494629}}, {"type": "Feature", "geometry": {"type": "LineString", "coordinates": [[106.6994681, 10.7930906], [106.6985922, 10.7931719]]}, "properties": {"speed": 26.9263858795166, "congestion": 3.4375391006469727}}, {"type": "Feature", "geometry": {"type": "LineString", "coordinates": [[106.6994681, 10.7930906], [106.6995329, 10.7928358]]}, "properties": {"speed": 24.88689613342285, "congestion": 3.5387840270996094}}, {"type": "Feature", "geometry": {"type": "LineString", "coordinates": [[106.6994681, 10.7930906], [106.7007642, 10.7928445]]}, "properties": {"speed": 29.311872482299805, "congestion": 3.3850913047790527}}, {"type": "Feature", "geometry": {"type": "LineString", "coordinates": [[106.6995329, 10.7928358], [106.6994681, 10.7930906]]}, "properties": {"speed": 33.236106872558594, "congestion": 3.3454155921936035}}, {"type": "Feature", "geometry": {"type": "LineString", "coordinates": [[106.6995329, 10.7928358], [106.699437, 10.7926345]]}, "properties": {"speed": 19.716672897338867, "congestion": 3.847162961959839}}, {"type": "Feature", "geometry": {"type": "LineString", "coordinates": [[106.704399, 10.7642904], [106.7046036, 10.7641137]]}, "properties": {"speed": 39.38819885253906, "congestion": 3.0351920127868652}}, {"type": "Feature", "geometry": {"type": "LineString", "coordinates": [[106.6926747, 10.7648521], [106.6925294, 10.7648363]]}, "properties": {"speed": 25.35729217529297, "congestion": 3.8926663398742676}}, {"type": "Feature", "geometry": {"type": "LineString", "coordinates": [[106.6926747, 10.7648521], [106.6927925, 10.7648658]]}, "properties": {"speed": 29.15764045715332, "congestion": 3.5698912143707275}}, {"type": "Feature", "geometry": {"type": "LineString", "coordinates": [[106.6926747, 10.7648521], [106.6929751, 10.7651934]]}, "properties": {"speed": 31.38028907775879, "congestion": 3.8065762519836426}}, {"type": "Feature", "geometry": {"type": "LineString", "coordinates": [[106.6836565, 10.7944714], [106.6826423, 10.7952664]]}, "properties": {"speed": 28.606910705566406, "congestion": 3.9676060676574707}}, {"type": "Feature", "geometry": {"type": "LineString", "coordinates": [[106.6836565, 10.7944714], [106.6839405, 10.7942511]]}, "properties": {"speed": 29.239877700805664, "congestion": 3.9043819904327393}}, {"type": "Feature", "geometry": {"type": "LineString", "coordinates": [[106.7134069, 10.7751014], [106.7132954, 10.7751239]]}, "properties": {"speed": 39.696529388427734, "congestion": 2.9600515365600586}}, {"type": "Feature", "geometry": {"type": "LineString", "coordinates": [[106.7134069, 10.7751014], [106.7137159, 10.7762573]]}, "properties": {"speed": 33.79583740234375, "congestion": 2.9507055282592773}}, {"type": "Feature", "geometry": {"type": "LineString", "coordinates": [[106.6928626, 10.7652176], [106.6925294, 10.7648363]]}, "properties": {"speed": 27.19451904296875, "congestion": 4.923921585083008}}, {"type": "Feature", "geometry": {"type": "LineString", "coordinates": [[106.6928626, 10.7652176], [106.6928114, 10.7652604]]}, "properties": {"speed": 24.1069393157959, "congestion": 5.496124267578125}}, {"type": "Feature", "geometry": {"type": "LineString", "coordinates": [[106.6973657, 10.7611218], [106.6972114, 10.7612608]]}, "properties": {"speed": 23.55609893798828, "congestion": 4.649401664733887}}, {"type": "Feature", "geometry": {"type": "LineString", "coordinates": [[106.6973657, 10.7611218], [106.697986, 10.7603399]]}, "properties": {"speed": 27.56630516052246, "congestion": 4.0378217697143555}}, {"type": "Feature", "geometry": {"type": "LineString", "coordinates": [[106.6973657, 10.7611218], [106.6973759, 10.7614666]]}, "properties": {"speed": 23.653121948242188, "congestion": 4.662957191467285}}, {"type": "Feature", "geometry": {"type": "LineString", "coordinates": [[106.6934287, 10.7658652], [106.6933866, 10.7659095]]}, "properties": {"speed": 25.925010681152344, "congestion": 3.451977252960205}}, {"type": "Feature", "geometry": {"type": "LineString", "coordinates": [[106.6934287, 10.7658652], [106.6935001, 10.7657898]]}, "properties": {"speed": 30.497215270996094, "congestion": 3.831998586654663}}, {"type": "Feature", "geometry": {"type": "LineString", "coordinates": [[106.6934287, 10.7658652], [106.6932943, 10.7657115]]}, "properties": {"speed": 31.8604736328125, "congestion": 3.7835612297058105}}, {"type": "Feature", "geometry": {"type": "LineString", "coordinates": [[106.6939962, 10.7674234], [106.6932877, 10.7686677]]}, "properties": {"speed": 19.70293426513672, "congestion": 5.160245895385742}}, {"type": "Feature", "geometry": {"type": "LineString", "coordinates": [[106.6939962, 10.7674234], [106.6942946, 10.7668561]]}, "properties": {"speed": 17.57636833190918, "congestion": 5.428158760070801}}, {"type": "Feature", "geometry": {"type": "LineString", "coordinates": [[106.6939962, 10.7674234], [106.6913403, 10.7662425]]}, "properties": {"speed": 19.705900192260742, "congestion": 5.155847549438477}}, {"type": "Feature", "geometry": {"type": "LineString", "coordinates": [[106.707136, 10.7651898], [106.7071781, 10.7650961]]}, "properties": {"speed": 21.352703094482422, "congestion": 6.190937042236328}}, {"type": "Feature", "geometry": {"type": "LineString", "coordinates": [[106.707136, 10.7651898], [106.7066849, 10.764993]]}, "properties": {"speed": 29.581077575683594, "congestion": 4.193384170532227}}, {"type": "Feature", "geometry": {"type": "LineString", "coordinates": [[106.6874113, 10.7687685], [106.687003, 10.7683614]]}, "properties": {"speed": 20.110069274902344, "congestion": 4.436563491821289}}, {"type": "Feature", "geometry": {"type": "LineString", "coordinates": [[106.6874113, 10.7687685], [106.6875178, 10.7688726]]}, "properties": {"speed": 20.39166831970215, "congestion": 4.673638820648193}}, {"type": "Feature", "geometry": {"type": "LineString", "coordinates": [[106.7079426, 10.7845334], [106.7080446, 10.7844397]]}, "properties": {"speed": 38.079566955566406, "congestion": 3.4879250526428223}}, {"type": "Feature", "geometry": {"type": "LineString", "coordinates": [[106.7079426, 10.7845334], [106.7074212, 10.7839328]]}, "properties": {"speed": 30.71241569519043, "congestion": 3.370027542114258}}, {"type": "Feature", "geometry": {"type": "LineString", "coordinates": [[106.6977825, 10.7665187], [106.6967128, 10.7658821]]}, "properties": {"speed": 21.593759536743164, "congestion": 4.311897277832031}}, {"type": "Feature", "geometry": {"type": "LineString", "coordinates": [[106.6977825, 10.7665187], [106.6974183, 10.7671388]]}, "properties": {"speed": 24.539817810058594, "congestion": 3.4918746948242188}}, {"type": "Feature", "geometry": {"type": "LineString", "coordinates": [[106.6977825, 10.7665187], [106.6981643, 10.7658757]]}, "properties": {"speed": 30.92871856689453, "congestion": 3.729954957962036}}, {"type": "Feature", "geometry": {"type": "LineString", "coordinates": [[106.6840927, 10.7900501], [106.6843824, 10.7897972]]}, "properties": {"speed": 25.501386642456055, "congestion": 6.076948165893555}}, {"type": "Feature", "geometry": {"type": "LineString", "coordinates": [[106.6840927, 10.7900501], [106.683905, 10.7898473]]}, "properties": {"speed": 29.50555419921875, "congestion": 5.040768623352051}}, {"type": "Feature", "geometry": {"type": "LineString", "coordinates": [[106.6911167, 10.7726603], [106.6931043, 10.7714596]]}, "properties": {"speed": 18.642274856567383, "congestion": 5.763391494750977}}, {"type": "Feature", "geometry": {"type": "LineString", "coordinates": [[106.6911167, 10.7726603], [106.6911548, 10.7727238]]}, "properties": {"speed": 19.685096740722656, "congestion": 5.428332805633545}}, {"type": "Feature", "geometry": {"type": "LineString", "coordinates": [[106.6911167, 10.7726603], [106.6908518, 10.7723832]]}, "properties": {"speed": 18.55841827392578, "congestion": 4.901040554046631}}, {"type": "Feature", "geometry": {"type": "LineString", "coordinates": [[106.6901467, 10.7652725], [106.6907199, 10.7642837]]}, "properties": {"speed": 21.316144943237305, "congestion": 3.92917537689209}}, {"type": "Feature", "geometry": {"type": "LineString", "coordinates": [[106.6901467, 10.7652725], [106.6885656, 10.7665846]]}, "properties": {"speed": 23.28785514831543, "congestion": 4.001863479614258}}, {"type": "Feature", "geometry": {"type": "LineString", "coordinates": [[106.6910151, 10.7628385], [106.6915474, 10.7621729]]}, "properties": {"speed": 32.66484451293945, "congestion": 3.881958484649658}}, {"type": "Feature", "geometry": {"type": "LineString", "coordinates": [[106.6910151, 10.7628385], [106.6909689, 10.7629065]]}, "properties": {"speed": 17.40978240966797, "congestion": 5.078374862670898}}, {"type": "Feature", "geometry": {"type": "LineString", "coordinates": [[106.6910151, 10.7628385], [106.6912424, 10.76309]]}, "properties": {"speed": 15.296181678771973, "congestion": 5.75430154800415}}, {"type": "Feature", "geometry": {"type": "LineString", "coordinates": [[106.6909689, 10.7629065], [106.6910151, 10.7628385]]}, "properties": {"speed": 22.537160873413086, "congestion": 4.332806587219238}}, {"type": "Feature", "geometry": {"type": "LineString", "coordinates": [[106.6909689, 10.7629065], [106.6909138, 10.7629875]]}, "properties": {"speed": 26.938426971435547, "congestion": 3.868332862854004}}, {"type": "Feature", "geometry": {"type": "LineString", "coordinates": [[106.6909689, 10.7629065], [106.6911807, 10.7631409]]}, "properties": {"speed": 29.433712005615234, "congestion": 3.6804966926574707}}, {"type": "Feature", "geometry": {"type": "LineString", "coordinates": [[106.6908721, 10.7630489], [106.6905496, 10.7635026]]}, "properties": {"speed": 20.240270614624023, "congestion": 3.7887916564941406}}, {"type": "Feature", "geometry": {"type": "LineString", "coordinates": [[106.6908721, 10.7630489], [106.6909138, 10.7629875]]}, "properties": {"speed": 20.878137588500977, "congestion": 4.040323257446289}}, {"type": "Feature", "geometry": {"type": "LineString", "coordinates": [[106.6904828, 10.7675441], [106.6899228, 10.7684433]]}, "properties": {"speed": 17.595834732055664, "congestion": 5.048501491546631}}, {"type": "Feature", "geometry": {"type": "LineString", "coordinates": [[106.6904828, 10.7675441], [106.691284, 10.7678654]]}, "properties": {"speed": 23.384157180786133, "congestion": 4.567444801330566}}, {"type": "Feature", "geometry": {"type": "LineString", "coordinates": [[106.6904828, 10.7675441], [106.6908327, 10.767028]]}, "properties": {"speed": 17.573612213134766, "congestion": 5.076193332672119}}, {"type": "Feature", "geometry": {"type": "LineString", "coordinates": [[106.6873765, 10.7670651], [106.6881989, 10.7667332]]}, "properties": {"speed": 23.10694122314453, "congestion": 3.734490394592285}}, {"type": "Feature", "geometry": {"type": "LineString", "coordinates": [[106.6873765, 10.7670651], [106.6867135, 10.7673695]]}, "properties": {"speed": 22.46146011352539, "congestion": 4.281528472900391}}, {"type": "Feature", "geometry": {"type": "LineString", "coordinates": [[106.687137, 10.7731427], [106.6873039, 10.7733118]]}, "properties": {"speed": 23.768571853637695, "congestion": 4.821821212768555}}, {"type": "Feature", "geometry": {"type": "LineString", "coordinates": [[106.687137, 10.7731427], [106.6868233, 10.7728062]]}, "properties": {"speed": 27.79688262939453, "congestion": 3.945418119430542}}, {"type": "Feature", "geometry": {"type": "LineString", "coordinates": [[106.687137, 10.7731427], [106.6858136, 10.773959]]}, "properties": {"speed": 12.444440841674805, "congestion": 4.10079288482666}}, {"type": "Feature", "geometry": {"type": "LineString", "coordinates": [[106.6872293, 10.7712405], [106.6886142, 10.7727008]]}, "properties": {"speed": 20.070327758789062, "congestion": 5.398284912109375}}, {"type": "Feature", "geometry": {"type": "LineString", "coordinates": [[106.6872293, 10.7712405], [106.6871753, 10.7712874]]}, "properties": {"speed": 18.069210052490234, "congestion": 5.547953128814697}}, {"type": "Feature", "geometry": {"type": "LineString", "coordinates": [[106.6872293, 10.7712405], [106.6879239, 10.7706395]]}, "properties": {"speed": 18.333810806274414, "congestion": 5.415644645690918}}, {"type": "Feature", "geometry": {"type": "LineString", "coordinates": [[106.6861052, 10.7720361], [106.6868233, 10.7728062]]}, "properties": {"speed": 22.534576416015625, "congestion": 4.56035041809082}}, {"type": "Feature", "geometry": {"type": "LineString", "coordinates": [[106.6861052, 10.7720361], [106.6856697, 10.7715689]]}, "properties": {"speed": 21.370563507080078, "congestion": 4.943130016326904}}, {"type": "Feature", "geometry": {"type": "LineString", "coordinates": [[106.6861052, 10.7720361], [106.6865208, 10.7716018]]}, "properties": {"speed": 22.251998901367188, "congestion": 4.606677532196045}}, {"type": "Feature", "geometry": {"type": "LineString", "coordinates": [[106.6947554, 10.7712673], [106.6934406, 10.7713831]]}, "properties": {"speed": 21.65721893310547, "congestion": 5.275508403778076}}, {"type": "Feature", "geometry": {"type": "LineString", "coordinates": [[106.6890543, 10.770407], [106.6885977, 10.7699916]]}, "properties": {"speed": 18.860939025878906, "congestion": 5.772658348083496}}, {"type": "Feature", "geometry": {"type": "LineString", "coordinates": [[106.687003, 10.7683614], [106.6866424, 10.7680186]]}, "properties": {"speed": 22.230854034423828, "congestion": 4.790503025054932}}, {"type": "Feature", "geometry": {"type": "LineString", "coordinates": [[106.687003, 10.7683614], [106.688504, 10.7673972]]}, "properties": {"speed": 22.171106338500977, "congestion": 4.828586101531982}}, {"type": "Feature", "geometry": {"type": "LineString", "coordinates": [[106.687003, 10.7683614], [106.6874113, 10.7687685]]}, "properties": {"speed": 22.054122924804688, "congestion": 4.753540992736816}}, {"type": "Feature", "geometry": {"type": "LineString", "coordinates": [[106.6894464, 10.7617999], [106.6905496, 10.7635026]]}, "properties": {"speed": 21.352514266967773, "congestion": 4.509064197540283}}, {"type": "Feature", "geometry": {"type": "LineString", "coordinates": [[106.6894464, 10.7617999], [106.687691, 10.762927]]}, "properties": {"speed": 21.274330139160156, "congestion": 4.514893531799316}}, {"type": "Feature", "geometry": {"type": "LineString", "coordinates": [[106.6894464, 10.7617999], [106.6896603, 10.761662]]}, "properties": {"speed": 20.168357849121094, "congestion": 5.161275863647461}}, {"type": "Feature", "geometry": {"type": "LineString", "coordinates": [[106.7045468, 10.7804132], [106.7040024, 10.7797806]]}, "properties": {"speed": 23.962501525878906, "congestion": 5.239142894744873}}, {"type": "Feature", "geometry": {"type": "LineString", "coordinates": [[106.7045988, 10.7792703], [106.7040024, 10.7797806]]}, "properties": {"speed": 16.502779006958008, "congestion": 6.484162330627441}}, {"type": "Feature", "geometry": {"type": "LineString", "coordinates": [[106.6979087, 10.7786471], [106.6988256, 10.7796124]]}, "properties": {"speed": 21.950429916381836, "congestion": 5.045131683349609}}, {"type": "Feature", "geometry": {"type": "LineString", "coordinates": [[106.6979087, 10.7786471], [106.6970183, 10.7777077]]}, "properties": {"speed": 21.9440975189209, "congestion": 5.095708847045898}}, {"type": "Feature", "geometry": {"type": "LineString", "coordinates": [[106.6979087, 10.7786471], [106.6973782, 10.7791384]]}, "properties": {"speed": 20.442626953125, "congestion": 5.261765956878662}}, {"type": "Feature", "geometry": {"type": "LineString", "coordinates": [[106.7026267, 10.7836107], [106.7017473, 10.7826605]]}, "properties": {"speed": 21.730560302734375, "congestion": 4.690469264984131}}, {"type": "Feature", "geometry": {"type": "LineString", "coordinates": [[106.6828327, 10.7759902], [106.6829092, 10.7758669]]}, "properties": {"speed": 17.6199951171875, "congestion": 4.388633728027344}}, {"type": "Feature", "geometry": {"type": "LineString", "coordinates": [[106.6828327, 10.7759902], [106.6836573, 10.7766932]]}, "properties": {"speed": 21.68402862548828, "congestion": 5.239139556884766}}, {"type": "Feature", "geometry": {"type": "LineString", "coordinates": [[106.680557, 10.7684089], [106.6809052, 10.7681146]]}, "properties": {"speed": 21.042192459106445, "congestion": 5.3493194580078125}}, {"type": "Feature", "geometry": {"type": "LineString", "coordinates": [[106.680557, 10.7684089], [106.6800643, 10.7678668]]}, "properties": {"speed": 24.435527801513672, "congestion": 5.024313926696777}}, {"type": "Feature", "geometry": {"type": "LineString", "coordinates": [[106.680557, 10.7684089], [106.6812264, 10.7691091]]}, "properties": {"speed": 21.042192459106445, "congestion": 5.3493194580078125}}, {"type": "Feature", "geometry": {"type": "LineString", "coordinates": [[106.6943665, 10.7666823], [106.6945641, 10.766033]]}, "properties": {"speed": 17.37360954284668, "congestion": 3.7749836444854736}}, {"type": "Feature", "geometry": {"type": "LineString", "coordinates": [[106.6835914, 10.768784], [106.6838626, 10.7690686]]}, "properties": {"speed": 25.93194007873535, "congestion": 4.261250019073486}}, {"type": "Feature", "geometry": {"type": "LineString", "coordinates": [[106.6835914, 10.768784], [106.6832774, 10.7690486]]}, "properties": {"speed": 22.62653350830078, "congestion": 4.551119804382324}}, {"type": "Feature", "geometry": {"type": "LineString", "coordinates": [[106.6835914, 10.768784], [106.683896, 10.7684987]]}, "properties": {"speed": 13.25694465637207, "congestion": 10.411591529846191}}, {"type": "Feature", "geometry": {"type": "LineString", "coordinates": [[106.6867776, 10.7629606], [106.6870194, 10.763365]]}, "properties": {"speed": 23.56406021118164, "congestion": 3.5784504413604736}}, {"type": "Feature", "geometry": {"type": "LineString", "coordinates": [[106.6867776, 10.7629606], [106.6866339, 10.7627117]]}, "properties": {"speed": 18.855562210083008, "congestion": 6.835687160491943}}, {"type": "Feature", "geometry": {"type": "LineString", "coordinates": [[106.6866339, 10.7627117], [106.6864983, 10.7624784]]}, "properties": {"speed": 23.017356872558594, "congestion": 4.360616683959961}}, {"type": "Feature", "geometry": {"type": "LineString", "coordinates": [[106.6866339, 10.7627117], [106.6867776, 10.7629606]]}, "properties": {"speed": 24.815275192260742, "congestion": 5.157416343688965}}, {"type": "Feature", "geometry": {"type": "LineString", "coordinates": [[106.6952704, 10.7716294], [106.6948699, 10.7724371]]}, "properties": {"speed": 20.988887786865234, "congestion": 4.480127334594727}}, {"type": "Feature", "geometry": {"type": "LineString", "coordinates": [[106.6952704, 10.7716294], [106.6947554, 10.7712673]]}, "properties": {"speed": 21.993059158325195, "congestion": 4.687781810760498}}, {"type": "Feature", "geometry": {"type": "LineString", "coordinates": [[106.6952704, 10.7716294], [106.6954962, 10.7712246]]}, "properties": {"speed": 19.97066307067871, "congestion": 4.628232002258301}}, {"type": "Feature", "geometry": {"type": "LineString", "coordinates": [[106.6954962, 10.7712246], [106.6947554, 10.7712673]]}, "properties": {"speed": 26.241741180419922, "congestion": 4.571628093719482}}, {"type": "Feature", "geometry": {"type": "LineString", "coordinates": [[106.6954962, 10.7712246], [106.6952704, 10.7716294]]}, "properties": {"speed": 27.500001907348633, "congestion": 4.071592330932617}}, {"type": "Feature", "geometry": {"type": "LineString", "coordinates": [[106.6954962, 10.7712246], [106.6954935, 10.7711701]]}, "properties": {"speed": 28.93402862548828, "congestion": 3.916141986846924}}, {"type": "Feature", "geometry": {"type": "LineString", "coordinates": [[106.6964406, 10.7715056], [106.6975561, 10.7721929]]}, "properties": {"speed": 48.072208404541016, "congestion": 4.690399646759033}}, {"type": "Feature", "geometry": {"type": "LineString", "coordinates": [[106.6964406, 10.7715056], [106.696004, 10.7720998]]}, "properties": {"speed": 17.905555725097656, "congestion": 5.581354141235352}}, {"type": "Feature", "geometry": {"type": "LineString", "coordinates": [[106.6899228, 10.7684433], [106.6904828, 10.7675441]]}, "properties": {"speed": 22.96075439453125, "congestion": 4.787256240844727}}, {"type": "Feature", "geometry": {"type": "LineString", "coordinates": [[106.6899228, 10.7684433], [106.6896812, 10.7687369]]}, "properties": {"speed": 20.646930694580078, "congestion": 4.980332374572754}}, {"type": "Feature", "geometry": {"type": "LineString", "coordinates": [[106.6899228, 10.7684433], [106.6894239, 10.7682294]]}, "properties": {"speed": 21.318979263305664, "congestion": 4.656656265258789}}, {"type": "Feature", "geometry": {"type": "LineString", "coordinates": [[106.6882721, 10.7667979], [106.6881989, 10.7667332]]}, "properties": {"speed": 18.35503387451172, "congestion": 4.920644760131836}}, {"type": "Feature", "geometry": {"type": "LineString", "coordinates": [[106.6882721, 10.7667979], [106.6883847, 10.7670904]]}, "properties": {"speed": 20.88611602783203, "congestion": 3.756134033203125}}, {"type": "Feature", "geometry": {"type": "LineString", "coordinates": [[106.6883592, 10.7667564], [106.6882721, 10.7667979]]}, "properties": {"speed": 18.55451202392578, "congestion": 4.642748832702637}}, {"type": "Feature", "geometry": {"type": "LineString", "coordinates": [[106.6883592, 10.7667564], [106.6886314, 10.7668684]]}, "properties": {"speed": 19.70520782470703, "congestion": 3.7273199558258057}}, {"type": "Feature", "geometry": {"type": "LineString", "coordinates": [[106.690179, 10.7731521], [106.6911167, 10.7726603]]}, "properties": {"speed": 18.77448272705078, "congestion": 6.014123439788818}}, {"type": "Feature", "geometry": {"type": "LineString", "coordinates": [[106.6946504, 10.769207], [106.6947303, 10.7692382]]}, "properties": {"speed": 19.164306640625, "congestion": 4.891581058502197}}, {"type": "Feature", "geometry": {"type": "LineString", "coordinates": [[106.6946504, 10.769207], [106.695269, 10.7680851]]}, "properties": {"speed": 17.1053466796875, "congestion": 5.484119415283203}}, {"type": "Feature", "geometry": {"type": "LineString", "coordinates": [[106.696162, 10.7698062], [106.6964047, 10.7693449]]}, "properties": {"speed": 13.96579647064209, "congestion": 5.934040546417236}}, {"type": "Feature", "geometry": {"type": "LineString", "coordinates": [[106.6867683, 10.7625665], [106.6864983, 10.7624784]]}, "properties": {"speed": 25.369043350219727, "congestion": 5.044882297515869}}, {"type": "Feature", "geometry": {"type": "LineString", "coordinates": [[106.6867683, 10.7625665], [106.6875445, 10.7628693]]}, "properties": {"speed": 25.537214279174805, "congestion": 4.483095169067383}}, {"type": "Feature", "geometry": {"type": "LineString", "coordinates": [[106.6947303, 10.7692382], [106.6943304, 10.7699546]]}, "properties": {"speed": 20.59178352355957, "congestion": 4.4293107986450195}}, {"type": "Feature", "geometry": {"type": "LineString", "coordinates": [[106.6947303, 10.7692382], [106.6946504, 10.769207]]}, "properties": {"speed": 19.395368576049805, "congestion": 4.905132293701172}}, {"type": "Feature", "geometry": {"type": "LineString", "coordinates": [[106.6947303, 10.7692382], [106.696162, 10.7698062]]}, "properties": {"speed": 21.217363357543945, "congestion": 4.086981296539307}}, {"type": "Feature", "geometry": {"type": "LineString", "coordinates": [[106.6934483, 10.7712883], [106.6934554, 10.771322]]}, "properties": {"speed": 21.960161209106445, "congestion": 4.987127304077148}}, {"type": "Feature", "geometry": {"type": "LineString", "coordinates": [[106.6931043, 10.7714596], [106.6930475, 10.7713851]]}, "properties": {"speed": 22.341876983642578, "congestion": 4.965212345123291}}, {"type": "Feature", "geometry": {"type": "LineString", "coordinates": [[106.6930475, 10.7713851], [106.6915395, 10.77135]]}, "properties": {"speed": 20.62777328491211, "congestion": 6.304993152618408}}, {"type": "Feature", "geometry": {"type": "LineString", "coordinates": [[106.6930475, 10.7713851], [106.6931266, 10.7712328]]}, "properties": {"speed": 22.20522117614746, "congestion": 4.842467784881592}}, {"type": "Feature", "geometry": {"type": "LineString", "coordinates": [[106.6936374, 10.7710626], [106.6934483, 10.7712883]]}, "properties": {"speed": 17.200956344604492, "congestion": 5.578476905822754}}, {"type": "Feature", "geometry": {"type": "LineString", "coordinates": [[106.6936374, 10.7710626], [106.6937631, 10.7712549]]}, "properties": {"speed": 16.599987030029297, "congestion": 3.271911382675171}}, {"type": "Feature", "geometry": {"type": "LineString", "coordinates": [[106.6930831, 10.7716644], [106.6923274, 10.7720824]]}, "properties": {"speed": 23.271183013916016, "congestion": 4.876236438751221}}, {"type": "Feature", "geometry": {"type": "LineString", "coordinates": [[106.6894436, 10.7735377], [106.6895211, 10.7736195]]}, "properties": {"speed": 20.90264129638672, "congestion": 5.962646007537842}}, {"type": "Feature", "geometry": {"type": "LineString", "coordinates": [[106.6894436, 10.7735377], [106.6895706, 10.7734711]]}, "properties": {"speed": 22.407581329345703, "congestion": 4.716102600097656}}, {"type": "Feature", "geometry": {"type": "LineString", "coordinates": [[106.6954098, 10.7678862], [106.6959458, 10.7670008]]}, "properties": {"speed": 22.74341583251953, "congestion": 3.997298002243042}}, {"type": "Feature", "geometry": {"type": "LineString", "coordinates": [[106.6953227, 10.7680247], [106.695383, 10.7679661]]}, "properties": {"speed": 19.583162307739258, "congestion": 4.797685623168945}}, {"type": "Feature", "geometry": {"type": "LineString", "coordinates": [[106.6953227, 10.7680247], [106.6950331, 10.767701]]}, "properties": {"speed": 23.28236198425293, "congestion": 5.1226487159729}}, {"type": "Feature", "geometry": {"type": "LineString", "coordinates": [[106.6954323, 10.7681446], [106.6953227, 10.7680247]]}, "properties": {"speed": 22.997072219848633, "congestion": 5.041337013244629}}, {"type": "Feature", "geometry": {"type": "LineString", "coordinates": [[106.6954323, 10.7681446], [106.6953783, 10.7681955]]}, "properties": {"speed": 18.619617462158203, "congestion": 4.6302971839904785}}, {"type": "Feature", "geometry": {"type": "LineString", "coordinates": [[106.6955206, 10.7680066], [106.6954882, 10.7680809]]}, "properties": {"speed": 21.146289825439453, "congestion": 3.976527690887451}}, {"type": "Feature", "geometry": {"type": "LineString", "coordinates": [[106.6955206, 10.7680066], [106.6957498, 10.7682755]]}, "properties": {"speed": 18.234371185302734, "congestion": 4.148512363433838}}, {"type": "Feature", "geometry": {"type": "LineString", "coordinates": [[106.690666, 10.7641487], [106.6907978, 10.7642203]]}, "properties": {"speed": 23.04227638244629, "congestion": 4.775137424468994}}, {"type": "Feature", "geometry": {"type": "LineString", "coordinates": [[106.690666, 10.7641487], [106.6902532, 10.7639911]]}, "properties": {"speed": 22.520835876464844, "congestion": 4.262312412261963}}, {"type": "Feature", "geometry": {"type": "LineString", "coordinates": [[106.6907199, 10.7642837], [106.6901467, 10.7652725]]}, "properties": {"speed": 22.10601806640625, "congestion": 4.023525238037109}}, {"type": "Feature", "geometry": {"type": "LineString", "coordinates": [[106.6907199, 10.7642837], [106.690666, 10.7641487]]}, "properties": {"speed": 21.6600399017334, "congestion": 4.067768096923828}}, {"type": "Feature", "geometry": {"type": "LineString", "coordinates": [[106.6876217, 10.765068], [106.6883082, 10.7648639]]}, "properties": {"speed": 23.610822677612305, "congestion": 4.18809175491333}}, {"type": "Feature", "geometry": {"type": "LineString", "coordinates": [[106.6876217, 10.765068], [106.6875984, 10.7650042]]}, "properties": {"speed": 23.36628532409668, "congestion": 4.285197734832764}}, {"type": "Feature", "geometry": {"type": "LineString", "coordinates": [[106.6876217, 10.765068], [106.6882189, 10.7666554]]}, "properties": {"speed": 23.60184097290039, "congestion": 4.160069942474365}}, {"type": "Feature", "geometry": {"type": "LineString", "coordinates": [[106.691284, 10.7678654], [106.6932877, 10.7686677]]}, "properties": {"speed": 21.60051727294922, "congestion": 4.958805084228516}}, {"type": "Feature", "geometry": {"type": "LineString", "coordinates": [[106.691284, 10.7678654], [106.6908327, 10.767028]]}, "properties": {"speed": 23.73883056640625, "congestion": 4.664340019226074}}, {"type": "Feature", "geometry": {"type": "LineString", "coordinates": [[106.6908327, 10.767028], [106.6913403, 10.7662425]]}, "properties": {"speed": 29.31214714050293, "congestion": 3.9383838176727295}}, {"type": "Feature", "geometry": {"type": "LineString", "coordinates": [[106.6913403, 10.7662425], [106.6901467, 10.7652725]]}, "properties": {"speed": 27.82916259765625, "congestion": 4.077828884124756}}, {"type": "Feature", "geometry": {"type": "LineString", "coordinates": [[106.6816522, 10.7651601], [106.6816936, 10.76516]]}, "properties": {"speed": 25.43695068359375, "congestion": 4.288066387176514}}, {"type": "Feature", "geometry": {"type": "LineString", "coordinates": [[106.679155, 10.7623893], [106.6790625, 10.7626244]]}, "properties": {"speed": 28.029922485351562, "congestion": 3.7927350997924805}}, {"type": "Feature", "geometry": {"type": "LineString", "coordinates": [[106.679155, 10.7623893], [106.6805747, 10.7636047]]}, "properties": {"speed": 30.28305435180664, "congestion": 3.5726640224456787}}, {"type": "Feature", "geometry": {"type": "LineString", "coordinates": [[106.6858136, 10.773959], [106.6849842, 10.7730843]]}, "properties": {"speed": 26.702524185180664, "congestion": 4.274113178253174}}, {"type": "Feature", "geometry": {"type": "LineString", "coordinates": [[106.6858136, 10.773959], [106.687137, 10.7731427]]}, "properties": {"speed": 27.293806076049805, "congestion": 4.3418402671813965}}, {"type": "Feature", "geometry": {"type": "LineString", "coordinates": [[106.6999346, 10.7732524], [106.6998498, 10.7733303]]}, "properties": {"speed": 26.81024932861328, "congestion": 4.775515079498291}}, {"type": "Feature", "geometry": {"type": "LineString", "coordinates": [[106.6999346, 10.7732524], [106.6989052, 10.7721665]]}, "properties": {"speed": 27.428821563720703, "congestion": 3.6303396224975586}}, {"type": "Feature", "geometry": {"type": "LineString", "coordinates": [[106.7109142, 10.7880171], [106.7093691, 10.7881977]]}, "properties": {"speed": 42.575355529785156, "congestion": 3.1720829010009766}}, {"type": "Feature", "geometry": {"type": "LineString", "coordinates": [[106.7109142, 10.7880171], [106.7109186, 10.7886652]]}, "properties": {"speed": 41.331607818603516, "congestion": 3.3396708965301514}}, {"type": "Feature", "geometry": {"type": "LineString", "coordinates": [[106.7104883, 10.7889825], [106.7111432, 10.7893504]]}, "properties": {"speed": 41.331607818603516, "congestion": 3.3396708965301514}}, {"type": "Feature", "geometry": {"type": "LineString", "coordinates": [[106.7104883, 10.7889825], [106.7106555, 10.7887681]]}, "properties": {"speed": 42.575355529785156, "congestion": 3.1720829010009766}}, {"type": "Feature", "geometry": {"type": "LineString", "coordinates": [[106.7011478, 10.7935374], [106.7014922, 10.7935387]]}, "properties": {"speed": 38.75053024291992, "congestion": 3.383193016052246}}, {"type": "Feature", "geometry": {"type": "LineString", "coordinates": [[106.6757062, 10.7860318], [106.6753118, 10.7863616]]}, "properties": {"speed": 34.09510040283203, "congestion": 3.4396274089813232}}, {"type": "Feature", "geometry": {"type": "LineString", "coordinates": [[106.6757062, 10.7860318], [106.6758665, 10.7870755]]}, "properties": {"speed": 34.93402099609375, "congestion": 3.3237648010253906}}, {"type": "Feature", "geometry": {"type": "LineString", "coordinates": [[106.6814502, 10.77795], [106.6814148, 10.7778512]]}, "properties": {"speed": 24.598840713500977, "congestion": 4.58877420425415}}, {"type": "Feature", "geometry": {"type": "LineString", "coordinates": [[106.6814502, 10.77795], [106.6803098, 10.7785269]]}, "properties": {"speed": 22.74809455871582, "congestion": 4.087840557098389}}, {"type": "Feature", "geometry": {"type": "LineString", "coordinates": [[106.695269, 10.7680851], [106.6953227, 10.7680247]]}, "properties": {"speed": 17.465362548828125, "congestion": 5.135021686553955}}, {"type": "Feature", "geometry": {"type": "LineString", "coordinates": [[106.7000855, 10.7734139], [106.6999346, 10.7732524]]}, "properties": {"speed": 30.945138931274414, "congestion": 4.195505142211914}}, {"type": "Feature", "geometry": {"type": "LineString", "coordinates": [[106.7000855, 10.7734139], [106.7001272, 10.7733219]]}, "properties": {"speed": 24.1817684173584, "congestion": 5.932415008544922}}, {"type": "Feature", "geometry": {"type": "LineString", "coordinates": [[106.6953783, 10.7681955], [106.6953143, 10.7682718]]}, "properties": {"speed": 18.761110305786133, "congestion": 4.5952348709106445}}, {"type": "Feature", "geometry": {"type": "LineString", "coordinates": [[106.6933866, 10.7659095], [106.6934287, 10.7658652]]}, "properties": {"speed": 24.686128616333008, "congestion": 3.4860966205596924}}, {"type": "Feature", "geometry": {"type": "LineString", "coordinates": [[106.6931266, 10.7712328], [106.6920153, 10.7704446]]}, "properties": {"speed": 18.33795928955078, "congestion": 6.6105804443359375}}, {"type": "Feature", "geometry": {"type": "LineString", "coordinates": [[106.6931266, 10.7712328], [106.6933707, 10.7712084]]}, "properties": {"speed": 21.75809669494629, "congestion": 5.089856147766113}}, {"type": "Feature", "geometry": {"type": "LineString", "coordinates": [[106.6937631, 10.7712549], [106.6954935, 10.7711701]]}, "properties": {"speed": 26.14815330505371, "congestion": 4.466245174407959}}, {"type": "Feature", "geometry": {"type": "LineString", "coordinates": [[106.6881989, 10.7667332], [106.6873765, 10.7670651]]}, "properties": {"speed": 22.970487594604492, "congestion": 4.240792274475098}}, {"type": "Feature", "geometry": {"type": "LineString", "coordinates": [[106.6881989, 10.7667332], [106.6882189, 10.7666554]]}, "properties": {"speed": 16.920480728149414, "congestion": 5.332213401794434}}, {"type": "Feature", "geometry": {"type": "LineString", "coordinates": [[106.6882189, 10.7666554], [106.6876217, 10.765068]]}, "properties": {"speed": 22.160057067871094, "congestion": 4.329646110534668}}, {"type": "Feature", "geometry": {"type": "LineString", "coordinates": [[106.6882189, 10.7666554], [106.6883633, 10.766677]]}, "properties": {"speed": 19.940061569213867, "congestion": 4.54227876663208}}, {"type": "Feature", "geometry": {"type": "LineString", "coordinates": [[106.6907978, 10.7642203], [106.6907199, 10.7642837]]}, "properties": {"speed": 23.34070587158203, "congestion": 4.767636299133301}}, {"type": "Feature", "geometry": {"type": "LineString", "coordinates": [[106.6907978, 10.7642203], [106.691016, 10.7643028]]}, "properties": {"speed": 25.829166412353516, "congestion": 5.545494556427002}}, {"type": "Feature", "geometry": {"type": "LineString", "coordinates": [[106.6965249, 10.7711199], [106.696647, 10.7711721]]}, "properties": {"speed": 31.472110748291016, "congestion": 3.8572421073913574}}, {"type": "Feature", "geometry": {"type": "LineString", "coordinates": [[106.6965249, 10.7711199], [106.6944283, 10.7702607]]}, "properties": {"speed": 29.90468978881836, "congestion": 3.5242180824279785}}, {"type": "Feature", "geometry": {"type": "LineString", "coordinates": [[106.7056334, 10.7909104], [106.7050526, 10.7918659]]}, "properties": {"speed": 31.02320098876953, "congestion": 3.82053279876709}}, {"type": "Feature", "geometry": {"type": "LineString", "coordinates": [[106.7056334, 10.7909104], [106.7044554, 10.7896672]]}, "properties": {"speed": 31.09918212890625, "congestion": 3.89707612991333}}, {"type": "Feature", "geometry": {"type": "LineString", "coordinates": [[106.7007642, 10.7928445], [106.700944, 10.7928166]]}, "properties": {"speed": 39.399993896484375, "congestion": 3.061682939529419}}, {"type": "Feature", "geometry": {"type": "LineString", "coordinates": [[106.7007642, 10.7928445], [106.6994681, 10.7930906]]}, "properties": {"speed": 38.77743148803711, "congestion": 3.0592856407165527}}, {"type": "Feature", "geometry": {"type": "LineString", "coordinates": [[106.6998925, 10.7925776], [106.7000053, 10.7927056]]}, "properties": {"speed": 36.60633850097656, "congestion": 3.1870741844177246}}, {"type": "Feature", "geometry": {"type": "LineString", "coordinates": [[106.6802015, 10.7825762], [106.6798779, 10.7807539]]}, "properties": {"speed": 23.485902786254883, "congestion": 4.166593551635742}}, {"type": "Feature", "geometry": {"type": "LineString", "coordinates": [[106.6802015, 10.7825762], [106.6816801, 10.7816577]]}, "properties": {"speed": 25.349489212036133, "congestion": 4.040392875671387}}, {"type": "Feature", "geometry": {"type": "LineString", "coordinates": [[106.6802015, 10.7825762], [106.6803314, 10.7840667]]}, "properties": {"speed": 25.064802169799805, "congestion": 4.099516868591309}}, {"type": "Feature", "geometry": {"type": "LineString", "coordinates": [[106.6800136, 10.7756132], [106.6777895, 10.7739093]]}, "properties": {"speed": 26.952491760253906, "congestion": 4.598519802093506}}, {"type": "Feature", "geometry": {"type": "LineString", "coordinates": [[106.6800136, 10.7756132], [106.6795017, 10.775882]]}, "properties": {"speed": 29.58211898803711, "congestion": 3.7629055976867676}}, {"type": "Feature", "geometry": {"type": "LineString", "coordinates": [[106.6778807, 10.7767834], [106.6778341, 10.7769123]]}, "properties": {"speed": 16.599987030029297, "congestion": 3.213501214981079}}, {"type": "Feature", "geometry": {"type": "LineString", "coordinates": [[106.6788068, 10.7762616], [106.6783229, 10.7765343]]}, "properties": {"speed": 16.599987030029297, "congestion": 3.213501214981079}}, {"type": "Feature", "geometry": {"type": "LineString", "coordinates": [[106.6795017, 10.775882], [106.6799348, 10.7766717]]}, "properties": {"speed": 27.474828720092773, "congestion": 3.752493143081665}}, {"type": "Feature", "geometry": {"type": "LineString", "coordinates": [[106.6799348, 10.7766717], [106.6796038, 10.7768456]]}, "properties": {"speed": 27.474828720092773, "congestion": 3.752493143081665}}, {"type": "Feature", "geometry": {"type": "LineString", "coordinates": [[106.6796038, 10.7768456], [106.6792401, 10.7770736]]}, "properties": {"speed": 27.474828720092773, "congestion": 3.752493143081665}}, {"type": "Feature", "geometry": {"type": "LineString", "coordinates": [[106.6966196, 10.8026642], [106.6965171, 10.8026729]]}, "properties": {"speed": 23.908166885375977, "congestion": 4.616575717926025}}, {"type": "Feature", "geometry": {"type": "LineString", "coordinates": [[106.6980117, 10.8025162], [106.6975119, 10.8025693]]}, "properties": {"speed": 26.020835876464844, "congestion": 3.5595791339874268}}, {"type": "Feature", "geometry": {"type": "LineString", "coordinates": [[106.6966133, 10.80254], [106.6966196, 10.8026642]]}, "properties": {"speed": 21.815622329711914, "congestion": 5.19087553024292}}, {"type": "Feature", "geometry": {"type": "LineString", "coordinates": [[106.6966133, 10.80254], [106.6974961, 10.8024515]]}, "properties": {"speed": 22.123506546020508, "congestion": 4.781785011291504}}, {"type": "Feature", "geometry": {"type": "LineString", "coordinates": [[106.6974961, 10.8024515], [106.6979881, 10.8024092]]}, "properties": {"speed": 24.29705047607422, "congestion": 3.7072012424468994}}, {"type": "Feature", "geometry": {"type": "LineString", "coordinates": [[106.6979881, 10.8024092], [106.6985358, 10.8025915]]}, "properties": {"speed": 18.48628044128418, "congestion": 4.840450286865234}}, {"type": "Feature", "geometry": {"type": "LineString", "coordinates": [[106.6775211, 10.7664272], [106.678645, 10.7636416]]}, "properties": {"speed": 31.262847900390625, "congestion": 3.9336209297180176}}, {"type": "Feature", "geometry": {"type": "LineString", "coordinates": [[106.6798496, 10.7745339], [106.6803592, 10.7738706]]}, "properties": {"speed": 29.174306869506836, "congestion": 4.500600814819336}}, {"type": "Feature", "geometry": {"type": "LineString", "coordinates": [[106.6761504, 10.7995256], [106.6760589, 10.7995324]]}, "properties": {"speed": 21.95069122314453, "congestion": 6.888221263885498}}, {"type": "Feature", "geometry": {"type": "LineString", "coordinates": [[106.6761504, 10.7995256], [106.6761055, 10.7994541]]}, "properties": {"speed": 22.11701202392578, "congestion": 6.709986209869385}}, {"type": "Feature", "geometry": {"type": "LineString", "coordinates": [[106.6911548, 10.7727238], [106.6911167, 10.7726603]]}, "properties": {"speed": 18.818531036376953, "congestion": 5.437860488891602}}, {"type": "Feature", "geometry": {"type": "LineString", "coordinates": [[106.6911548, 10.7727238], [106.6898481, 10.7734387]]}, "properties": {"speed": 21.536388397216797, "congestion": 5.122045993804932}}, {"type": "Feature", "geometry": {"type": "LineString", "coordinates": [[106.7058503, 10.7718214], [106.7062713, 10.7714318]]}, "properties": {"speed": 27.016204833984375, "congestion": 3.9664509296417236}}, {"type": "Feature", "geometry": {"type": "LineString", "coordinates": [[106.7058503, 10.7718214], [106.7060825, 10.772069]]}, "properties": {"speed": 27.94890022277832, "congestion": 3.590569496154785}}, {"type": "Feature", "geometry": {"type": "LineString", "coordinates": [[106.7060825, 10.772069], [106.7050529, 10.7730152]]}, "properties": {"speed": 28.398616790771484, "congestion": 3.5033044815063477}}, {"type": "Feature", "geometry": {"type": "LineString", "coordinates": [[106.6965054, 10.8025567], [106.6966133, 10.80254]]}, "properties": {"speed": 25.39276123046875, "congestion": 3.799360513687134}}, {"type": "Feature", "geometry": {"type": "LineString", "coordinates": [[106.6965054, 10.8025567], [106.6964409, 10.8012588]]}, "properties": {"speed": 26.855445861816406, "congestion": 3.546790838241577}}, {"type": "Feature", "geometry": {"type": "LineString", "coordinates": [[106.6965171, 10.8026729], [106.6965054, 10.8025567]]}, "properties": {"speed": 23.525922775268555, "congestion": 4.957921504974365}}, {"type": "Feature", "geometry": {"type": "LineString", "coordinates": [[106.6965171, 10.8026729], [106.695011, 10.80287]]}, "properties": {"speed": 19.34571647644043, "congestion": 5.544627666473389}}, {"type": "Feature", "geometry": {"type": "LineString", "coordinates": [[106.6961678, 10.7973405], [106.6953213, 10.7974008]]}, "properties": {"speed": 28.598196029663086, "congestion": 3.7767770290374756}}, {"type": "Feature", "geometry": {"type": "LineString", "coordinates": [[106.6961678, 10.7973405], [106.6961325, 10.7966448]]}, "properties": {"speed": 29.02621841430664, "congestion": 3.6776084899902344}}, {"type": "Feature", "geometry": {"type": "LineString", "coordinates": [[106.6960729, 10.7956935], [106.6961876, 10.7956827]]}, "properties": {"speed": 21.57083511352539, "congestion": 5.088489055633545}}, {"type": "Feature", "geometry": {"type": "LineString", "coordinates": [[106.6960729, 10.7956935], [106.6941442, 10.7958639]]}, "properties": {"speed": 21.57083511352539, "congestion": 5.088489055633545}}, {"type": "Feature", "geometry": {"type": "LineString", "coordinates": [[106.6960729, 10.7956935], [106.6960141, 10.7945712]]}, "properties": {"speed": 25.231666564941406, "congestion": 4.585533618927002}}, {"type": "Feature", "geometry": {"type": "LineString", "coordinates": [[106.6960141, 10.7945712], [106.6958961, 10.7926816]]}, "properties": {"speed": 29.008676528930664, "congestion": 4.507255554199219}}, {"type": "Feature", "geometry": {"type": "LineString", "coordinates": [[106.6960141, 10.7945712], [106.6953353, 10.7944779]]}, "properties": {"speed": 29.699798583984375, "congestion": 4.601813316345215}}, {"type": "Feature", "geometry": {"type": "LineString", "coordinates": [[106.6953213, 10.7974008], [106.6962351, 10.7982631]]}, "properties": {"speed": 25.024309158325195, "congestion": 4.4667067527771}}, {"type": "Feature", "geometry": {"type": "LineString", "coordinates": [[106.6962351, 10.7982631], [106.6953213, 10.7974008]]}, "properties": {"speed": 27.79488182067871, "congestion": 3.8834025859832764}}, {"type": "Feature", "geometry": {"type": "LineString", "coordinates": [[106.6962351, 10.7982631], [106.6962067, 10.7979867]]}, "properties": {"speed": 28.395357131958008, "congestion": 3.9320194721221924}}, {"type": "Feature", "geometry": {"type": "LineString", "coordinates": [[106.6962067, 10.7979867], [106.6963368, 10.7979766]]}, "properties": {"speed": 31.26215362548828, "congestion": 4.103209018707275}}, {"type": "Feature", "geometry": {"type": "LineString", "coordinates": [[106.6962067, 10.7979867], [106.6961899, 10.7977069]]}, "properties": {"speed": 26.729507446289062, "congestion": 3.8580636978149414}}, {"type": "Feature", "geometry": {"type": "LineString", "coordinates": [[106.6963368, 10.7979766], [106.6964065, 10.7990366]]}, "properties": {"speed": 31.26215362548828, "congestion": 4.103209018707275}}, {"type": "Feature", "geometry": {"type": "LineString", "coordinates": [[106.6866413, 10.7828965], [106.6868417, 10.7827237]]}, "properties": {"speed": 13.755210876464844, "congestion": 6.497739315032959}}, {"type": "Feature", "geometry": {"type": "LineString", "coordinates": [[106.6866413, 10.7828965], [106.6866217, 10.7829132]]}, "properties": {"speed": 24.44756317138672, "congestion": 3.612393379211426}}, {"type": "Feature", "geometry": {"type": "LineString", "coordinates": [[106.6866413, 10.7828965], [106.6866513, 10.7825317]]}, "properties": {"speed": 22.412490844726562, "congestion": 3.5320310592651367}}, {"type": "Feature", "geometry": {"type": "LineString", "coordinates": [[106.6866513, 10.7825317], [106.685903, 10.7817766]]}, "properties": {"speed": 22.659547805786133, "congestion": 4.498894214630127}}, {"type": "Feature", "geometry": {"type": "LineString", "coordinates": [[106.6779176, 10.7932746], [106.6779981, 10.792161]]}, "properties": {"speed": 20.35125160217285, "congestion": 6.104885578155518}}, {"type": "Feature", "geometry": {"type": "LineString", "coordinates": [[106.6779176, 10.7932746], [106.6778884, 10.7936761]]}, "properties": {"speed": 21.409652709960938, "congestion": 5.373726844787598}}, {"type": "Feature", "geometry": {"type": "LineString", "coordinates": [[106.6779176, 10.7932746], [106.6775192, 10.7933899]]}, "properties": {"speed": 21.13065528869629, "congestion": 5.528746604919434}}, {"type": "Feature", "geometry": {"type": "LineString", "coordinates": [[106.6954935, 10.7711701], [106.6954962, 10.7712246]]}, "properties": {"speed": 29.165897369384766, "congestion": 4.099124431610107}}, {"type": "Feature", "geometry": {"type": "LineString", "coordinates": [[106.6954935, 10.7711701], [106.6965249, 10.7711199]]}, "properties": {"speed": 31.023611068725586, "congestion": 3.855696439743042}}, {"type": "Feature", "geometry": {"type": "LineString", "coordinates": [[106.696647, 10.7711721], [106.6954962, 10.7712246]]}, "properties": {"speed": 26.903480529785156, "congestion": 4.03973913192749}}, {"type": "Feature", "geometry": {"type": "LineString", "coordinates": [[106.696647, 10.7711721], [106.6964406, 10.7715056]]}, "properties": {"speed": 25.203420639038086, "congestion": 4.402093410491943}}, {"type": "Feature", "geometry": {"type": "LineString", "coordinates": [[106.696647, 10.7711721], [106.6965249, 10.7711199]]}, "properties": {"speed": 25.261066436767578, "congestion": 3.8835864067077637}}, {"type": "Feature", "geometry": {"type": "LineString", "coordinates": [[106.696647, 10.7711721], [106.697938, 10.771577]]}, "properties": {"speed": 24.30653953552246, "congestion": 4.214122295379639}}, {"type": "Feature", "geometry": {"type": "LineString", "coordinates": [[106.6883633, 10.766677], [106.6883592, 10.7667564]]}, "properties": {"speed": 17.228124618530273, "congestion": 4.928381443023682}}, {"type": "Feature", "geometry": {"type": "LineString", "coordinates": [[106.6883633, 10.766677], [106.6885656, 10.7665846]]}, "properties": {"speed": 18.64149284362793, "congestion": 3.840640068054199}}, {"type": "Feature", "geometry": {"type": "LineString", "coordinates": [[106.6970128, 10.7652216], [106.6970851, 10.7649369]]}, "properties": {"speed": 30.39316177368164, "congestion": 5.167970657348633}}, {"type": "Feature", "geometry": {"type": "LineString", "coordinates": [[106.6970128, 10.7652216], [106.699983, 10.7615952]]}, "properties": {"speed": 33.96180725097656, "congestion": 4.51406717300415}}, {"type": "Feature", "geometry": {"type": "LineString", "coordinates": [[106.6970851, 10.7649369], [106.6961338, 10.7641723]]}, "properties": {"speed": 11.525001525878906, "congestion": 6.012608528137207}}, {"type": "Feature", "geometry": {"type": "LineString", "coordinates": [[106.6970851, 10.7649369], [106.6975341, 10.7641724]]}, "properties": {"speed": 28.304935455322266, "congestion": 6.190463542938232}}, {"type": "Feature", "geometry": {"type": "LineString", "coordinates": [[106.6975341, 10.7641724], [106.6977426, 10.7643008]]}, "properties": {"speed": 24.094818115234375, "congestion": 7.330322265625}}, {"type": "Feature", "geometry": {"type": "LineString", "coordinates": [[106.6975341, 10.7641724], [106.697669, 10.7639582]]}, "properties": {"speed": 21.56487274169922, "congestion": 10.387004852294922}}, {"type": "Feature", "geometry": {"type": "LineString", "coordinates": [[106.6977418, 10.7638659], [106.6978039, 10.7637934]]}, "properties": {"speed": 24.74243927001953, "congestion": 9.96980094909668}}, {"type": "Feature", "geometry": {"type": "LineString", "coordinates": [[106.6977418, 10.7638659], [106.6976556, 10.7637506]]}, "properties": {"speed": 32.832977294921875, "congestion": 4.0295209884643555}}, {"type": "Feature", "geometry": {"type": "LineString", "coordinates": [[106.6934554, 10.771322], [106.6937631, 10.7712549]]}, "properties": {"speed": 22.362817764282227, "congestion": 5.093764781951904}}, {"type": "Feature", "geometry": {"type": "LineString", "coordinates": [[106.6934554, 10.771322], [106.6934406, 10.7713831]]}, "properties": {"speed": 21.796667098999023, "congestion": 4.84455680847168}}, {"type": "Feature", "geometry": {"type": "LineString", "coordinates": [[106.6933211, 10.7714672], [106.6931043, 10.7714596]]}, "properties": {"speed": 21.925514221191406, "congestion": 5.007120609283447}}, {"type": "Feature", "geometry": {"type": "LineString", "coordinates": [[106.6933211, 10.7714672], [106.6930831, 10.7716644]]}, "properties": {"speed": 23.71918296813965, "congestion": 4.999835968017578}}, {"type": "Feature", "geometry": {"type": "LineString", "coordinates": [[106.7084308, 10.8031034], [106.7076354, 10.8031613]]}, "properties": {"speed": 25.624195098876953, "congestion": 4.551839828491211}}, {"type": "Feature", "geometry": {"type": "LineString", "coordinates": [[106.7084308, 10.8031034], [106.7084236, 10.8030191]]}, "properties": {"speed": 25.681682586669922, "congestion": 4.486380100250244}}, {"type": "Feature", "geometry": {"type": "LineString", "coordinates": [[106.7071866, 10.8031945], [106.7060615, 10.8032777]]}, "properties": {"speed": 27.05388069152832, "congestion": 6.7975287437438965}}, {"type": "Feature", "geometry": {"type": "LineString", "coordinates": [[106.7071866, 10.8031945], [106.7072153, 10.8035059]]}, "properties": {"speed": 25.98354721069336, "congestion": 8.2855863571167}}, {"type": "Feature", "geometry": {"type": "LineString", "coordinates": [[106.7076637, 10.8034669], [106.7076354, 10.8031613]]}, "properties": {"speed": 20.366662979125977, "congestion": 13.072877883911133}}, {"type": "Feature", "geometry": {"type": "LineString", "coordinates": [[106.7076637, 10.8034669], [106.7072153, 10.8035059]]}, "properties": {"speed": 26.72292137145996, "congestion": 8.734688758850098}}, {"type": "Feature", "geometry": {"type": "LineString", "coordinates": [[106.7072153, 10.8035059], [106.7071866, 10.8031945]]}, "properties": {"speed": 25.735506057739258, "congestion": 7.703338623046875}}, {"type": "Feature", "geometry": {"type": "LineString", "coordinates": [[106.7072153, 10.8035059], [106.7076637, 10.8034669]]}, "properties": {"speed": 20.366662979125977, "congestion": 13.072877883911133}}, {"type": "Feature", "geometry": {"type": "LineString", "coordinates": [[106.7072153, 10.8035059], [106.706824, 10.8035325]]}, "properties": {"speed": 28.204072952270508, "congestion": 6.421533107757568}}, {"type": "Feature", "geometry": {"type": "LineString", "coordinates": [[106.6965251, 10.8006611], [106.6972653, 10.8007086]]}, "properties": {"speed": 31.2103271484375, "congestion": 3.49240779876709}}, {"type": "Feature", "geometry": {"type": "LineString", "coordinates": [[106.6965251, 10.8006611], [106.6963988, 10.8006623]]}, "properties": {"speed": 30.14236068725586, "congestion": 3.557634115219116}}, {"type": "Feature", "geometry": {"type": "LineString", "coordinates": [[106.6965251, 10.8006611], [106.696556, 10.8012533]]}, "properties": {"speed": 31.40294647216797, "congestion": 3.7775824069976807}}, {"type": "Feature", "geometry": {"type": "LineString", "coordinates": [[106.6832124, 10.8015614], [106.6830508, 10.8017299]]}, "properties": {"speed": 30.56857681274414, "congestion": 4.067391395568848}}, {"type": "Feature", "geometry": {"type": "LineString", "coordinates": [[106.6832124, 10.8015614], [106.6835799, 10.8011529]]}, "properties": {"speed": 31.874473571777344, "congestion": 3.7113325595855713}}, {"type": "Feature", "geometry": {"type": "LineString", "coordinates": [[106.680278, 10.7991874], [106.6811655, 10.7971945]]}, "properties": {"speed": 19.79053497314453, "congestion": 4.9000115394592285}}, {"type": "Feature", "geometry": {"type": "LineString", "coordinates": [[106.680278, 10.7991874], [106.6802368, 10.7992813]]}, "properties": {"speed": 20.772789001464844, "congestion": 4.8638153076171875}}, {"type": "Feature", "geometry": {"type": "LineString", "coordinates": [[106.680278, 10.7991874], [106.6809681, 10.7997704]]}, "properties": {"speed": 20.93705177307129, "congestion": 4.695652008056641}}, {"type": "Feature", "geometry": {"type": "LineString", "coordinates": [[106.7048266, 10.8033698], [106.7048563, 10.8044888]]}, "properties": {"speed": 30.92742919921875, "congestion": 3.854326009750366}}, {"type": "Feature", "geometry": {"type": "LineString", "coordinates": [[106.7048266, 10.8033698], [106.7045598, 10.8033897]]}, "properties": {"speed": 31.122365951538086, "congestion": 3.49580454826355}}, {"type": "Feature", "geometry": {"type": "LineString", "coordinates": [[106.7048266, 10.8033698], [106.7048181, 10.803285]]}, "properties": {"speed": 30.92742919921875, "congestion": 3.854326009750366}}, {"type": "Feature", "geometry": {"type": "LineString", "coordinates": [[106.706828, 10.7995421], [106.7072511, 10.7998375]]}, "properties": {"speed": 38.74635314941406, "congestion": 3.440463066101074}}, {"type": "Feature", "geometry": {"type": "LineString", "coordinates": [[106.708266, 10.8004269], [106.7095958, 10.800934]]}, "properties": {"speed": 38.74635314941406, "congestion": 3.440463066101074}}, {"type": "Feature", "geometry": {"type": "LineString", "coordinates": [[106.710862, 10.7979275], [106.7109278, 10.7979102]]}, "properties": {"speed": 29.23342514038086, "congestion": 3.7073020935058594}}, {"type": "Feature", "geometry": {"type": "LineString", "coordinates": [[106.710862, 10.7979275], [106.7105563, 10.7969974]]}, "properties": {"speed": 29.100738525390625, "congestion": 3.688229560852051}}, {"type": "Feature", "geometry": {"type": "LineString", "coordinates": [[106.710862, 10.7979275], [106.7088197, 10.798647]]}, "properties": {"speed": 29.23342514038086, "congestion": 3.7073020935058594}}, {"type": "Feature", "geometry": {"type": "LineString", "coordinates": [[106.7061991, 10.7705738], [106.7060968, 10.7673447]]}, "properties": {"speed": 33.99105453491211, "congestion": 3.3553099632263184}}, {"type": "Feature", "geometry": {"type": "LineString", "coordinates": [[106.7061991, 10.7705738], [106.7051609, 10.7694232]]}, "properties": {"speed": 34.69483947753906, "congestion": 3.3335983753204346}}, {"type": "Feature", "geometry": {"type": "LineString", "coordinates": [[106.7062095, 10.7706718], [106.7061991, 10.7705738]]}, "properties": {"speed": 32.682533264160156, "congestion": 3.785508394241333}}, {"type": "Feature", "geometry": {"type": "LineString", "coordinates": [[106.7062229, 10.7708006], [106.7062095, 10.7706718]]}, "properties": {"speed": 35.34224319458008, "congestion": 3.2696619033813477}}, {"type": "Feature", "geometry": {"type": "LineString", "coordinates": [[106.7062229, 10.7708006], [106.7045572, 10.7708757]]}, "properties": {"speed": 27.957279205322266, "congestion": 3.6182169914245605}}, {"type": "Feature", "geometry": {"type": "LineString", "coordinates": [[106.7062303, 10.770895], [106.7062229, 10.7708006]]}, "properties": {"speed": 34.785499572753906, "congestion": 3.55891752243042}}, {"type": "Feature", "geometry": {"type": "LineString", "coordinates": [[106.7062303, 10.770895], [106.7045587, 10.7709732]]}, "properties": {"speed": 31.45182991027832, "congestion": 3.256741523742676}}, {"type": "Feature", "geometry": {"type": "LineString", "coordinates": [[106.7064954, 10.7668202], [106.7063606, 10.7671262]]}, "properties": {"speed": 31.14175033569336, "congestion": 3.5172483921051025}}, {"type": "Feature", "geometry": {"type": "LineString", "coordinates": [[106.705399, 10.7722276], [106.7058503, 10.7718214]]}, "properties": {"speed": 30.00289535522461, "congestion": 3.8746273517608643}}, {"type": "Feature", "geometry": {"type": "LineString", "coordinates": [[106.7095958, 10.800934], [106.7098041, 10.8010337]]}, "properties": {"speed": 34.95589828491211, "congestion": 4.267355442047119}}, {"type": "Feature", "geometry": {"type": "LineString", "coordinates": [[106.7095958, 10.800934], [106.7094532, 10.8003217]]}, "properties": {"speed": 37.716331481933594, "congestion": 3.74507999420166}}, {"type": "Feature", "geometry": {"type": "LineString", "coordinates": [[106.71104, 10.7988773], [106.7110148, 10.7986338]]}, "properties": {"speed": 25.698959350585938, "congestion": 3.8087263107299805}}, {"type": "Feature", "geometry": {"type": "LineString", "coordinates": [[106.7106734, 10.7995507], [106.710204, 10.7996228]]}, "properties": {"speed": 24.875001907348633, "congestion": 3.73276424407959}}, {"type": "Feature", "geometry": {"type": "LineString", "coordinates": [[106.7080446, 10.7844397], [106.7079426, 10.7845334]]}, "properties": {"speed": 29.009023666381836, "congestion": 3.4800500869750977}}, {"type": "Feature", "geometry": {"type": "LineString", "coordinates": [[106.7080446, 10.7844397], [106.7081979, 10.7846174]]}, "properties": {"speed": 39.14739990234375, "congestion": 3.2934012413024902}}, {"type": "Feature", "geometry": {"type": "LineString", "coordinates": [[106.7097856, 10.7871114], [106.7101451, 10.7867796]]}, "properties": {"speed": 43.16538619995117, "congestion": 3.546541213989258}}, {"type": "Feature", "geometry": {"type": "LineString", "coordinates": [[106.7097856, 10.7871114], [106.710457, 10.7871904]]}, "properties": {"speed": 43.60702896118164, "congestion": 3.437831401824951}}, {"type": "Feature", "geometry": {"type": "LineString", "coordinates": [[106.7088118, 10.7856259], [106.7088516, 10.7857313]]}, "properties": {"speed": 38.74812316894531, "congestion": 3.4837937355041504}}, {"type": "Feature", "geometry": {"type": "LineString", "coordinates": [[106.7088118, 10.7856259], [106.7097856, 10.7871114]]}, "properties": {"speed": 43.28029251098633, "congestion": 3.287977933883667}}, {"type": "Feature", "geometry": {"type": "LineString", "coordinates": [[106.7142378, 10.7773884], [106.7141434, 10.7774401]]}, "properties": {"speed": 41.84566116333008, "congestion": 3.127094268798828}}, {"type": "Feature", "geometry": {"type": "LineString", "coordinates": [[106.7141134, 10.7900156], [106.7147878, 10.7896964]]}, "properties": {"speed": 41.281734466552734, "congestion": 3.0608856678009033}}, {"type": "Feature", "geometry": {"type": "LineString", "coordinates": [[106.7014332, 10.7814769], [106.7010602, 10.7801873]]}, "properties": {"speed": 13.098609924316406, "congestion": 6.646089553833008}}, {"type": "Feature", "geometry": {"type": "LineString", "coordinates": [[106.7072051, 10.7782199], [106.7066497, 10.7759769]]}, "properties": {"speed": 29.977338790893555, "congestion": 4.943058967590332}}, {"type": "Feature", "geometry": {"type": "LineString", "coordinates": [[106.7072051, 10.7782199], [106.7073025, 10.7781934]]}, "properties": {"speed": 32.43306350708008, "congestion": 4.555402755737305}}, {"type": "Feature", "geometry": {"type": "LineString", "coordinates": [[106.6990461, 10.7758208], [106.6999227, 10.7768018]]}, "properties": {"speed": 15.19670295715332, "congestion": 5.438083648681641}}, {"type": "Feature", "geometry": {"type": "LineString", "coordinates": [[106.6990461, 10.7758208], [106.6995694, 10.7746638]]}, "properties": {"speed": 20.52777862548828, "congestion": 4.63091516494751}}, {"type": "Feature", "geometry": {"type": "LineString", "coordinates": [[106.6981371, 10.8044587], [106.6982434, 10.8040213]]}, "properties": {"speed": 23.327632904052734, "congestion": 3.9341506958007812}}, {"type": "Feature", "geometry": {"type": "LineString", "coordinates": [[106.6981371, 10.8044587], [106.6985656, 10.804544]]}, "properties": {"speed": 24.031827926635742, "congestion": 3.879061460494995}}, {"type": "Feature", "geometry": {"type": "LineString", "coordinates": [[106.6800643, 10.7678668], [106.6798211, 10.7680673]]}, "properties": {"speed": 24.092111587524414, "congestion": 4.364323616027832}}, {"type": "Feature", "geometry": {"type": "LineString", "coordinates": [[106.6800643, 10.7678668], [106.6804373, 10.7675738]]}, "properties": {"speed": 19.41915512084961, "congestion": 4.714066028594971}}, {"type": "Feature", "geometry": {"type": "LineString", "coordinates": [[106.6800643, 10.7678668], [106.680557, 10.7684089]]}, "properties": {"speed": 19.266145706176758, "congestion": 4.798444747924805}}, {"type": "Feature", "geometry": {"type": "LineString", "coordinates": [[106.6800643, 10.7678668], [106.6789731, 10.7667395]]}, "properties": {"speed": 19.266145706176758, "congestion": 4.798444747924805}}, {"type": "Feature", "geometry": {"type": "LineString", "coordinates": [[106.6789731, 10.7667395], [106.679516, 10.7676989]]}, "properties": {"speed": 21.041837692260742, "congestion": 5.693667888641357}}, {"type": "Feature", "geometry": {"type": "LineString", "coordinates": [[106.6789731, 10.7667395], [106.6800643, 10.7678668]]}, "properties": {"speed": 21.041837692260742, "congestion": 5.693667888641357}}, {"type": "Feature", "geometry": {"type": "LineString", "coordinates": [[106.6789731, 10.7667395], [106.6789115, 10.766669]]}, "properties": {"speed": 19.912843704223633, "congestion": 6.195748329162598}}, {"type": "Feature", "geometry": {"type": "LineString", "coordinates": [[106.6789115, 10.766669], [106.6794945, 10.7664338]]}, "properties": {"speed": 28.09583282470703, "congestion": 3.416761636734009}}, {"type": "Feature", "geometry": {"type": "LineString", "coordinates": [[106.6789115, 10.766669], [106.6788342, 10.7665562]]}, "properties": {"speed": 15.351390838623047, "congestion": 6.691279888153076}}, {"type": "Feature", "geometry": {"type": "LineString", "coordinates": [[106.6787221, 10.7664056], [106.6763974, 10.7671244]]}, "properties": {"speed": 26.657377243041992, "congestion": 3.862623453140259}}, {"type": "Feature", "geometry": {"type": "LineString", "coordinates": [[106.6787221, 10.7664056], [106.6786828, 10.7663256]]}, "properties": {"speed": 28.784854888916016, "congestion": 4.052184581756592}}, {"type": "Feature", "geometry": {"type": "LineString", "coordinates": [[106.6864301, 10.7703835], [106.6871325, 10.7691351]]}, "properties": {"speed": 21.60138702392578, "congestion": 6.265546798706055}}, {"type": "Feature", "geometry": {"type": "LineString", "coordinates": [[106.6864301, 10.7703835], [106.6863885, 10.7704509]]}, "properties": {"speed": 20.71162986755371, "congestion": 6.231856346130371}}, {"type": "Feature", "geometry": {"type": "LineString", "coordinates": [[106.6864301, 10.7703835], [106.6872293, 10.7712405]]}, "properties": {"speed": 17.830554962158203, "congestion": 7.329689025878906}}, {"type": "Feature", "geometry": {"type": "LineString", "coordinates": [[106.6817916, 10.7656557], [106.681447, 10.7655599]]}, "properties": {"speed": 25.00632667541504, "congestion": 4.146965503692627}}, {"type": "Feature", "geometry": {"type": "LineString", "coordinates": [[106.6814017, 10.7654196], [106.6815348, 10.7651972]]}, "properties": {"speed": 23.944372177124023, "congestion": 4.180671691894531}}, {"type": "Feature", "geometry": {"type": "LineString", "coordinates": [[106.6814017, 10.7654196], [106.678645, 10.7636416]]}, "properties": {"speed": 28.17877197265625, "congestion": 3.733279228210449}}, {"type": "Feature", "geometry": {"type": "LineString", "coordinates": [[106.681447, 10.7655599], [106.6810042, 10.7656968]]}, "properties": {"speed": 25.536293029785156, "congestion": 4.011168956756592}}, {"type": "Feature", "geometry": {"type": "LineString", "coordinates": [[106.681447, 10.7655599], [106.681415, 10.7654865]]}, "properties": {"speed": 24.772804260253906, "congestion": 4.237053871154785}}, {"type": "Feature", "geometry": {"type": "LineString", "coordinates": [[106.6821231, 10.7700561], [106.6818152, 10.7703203]]}, "properties": {"speed": 23.07605743408203, "congestion": 4.00637149810791}}, {"type": "Feature", "geometry": {"type": "LineString", "coordinates": [[106.6821231, 10.7700561], [106.6832774, 10.7690486]]}, "properties": {"speed": 20.82925033569336, "congestion": 4.902462959289551}}, {"type": "Feature", "geometry": {"type": "LineString", "coordinates": [[106.6821231, 10.7700561], [106.6812264, 10.7691091]]}, "properties": {"speed": 18.528038024902344, "congestion": 4.849641799926758}}, {"type": "Feature", "geometry": {"type": "LineString", "coordinates": [[106.683896, 10.7684987], [106.6835914, 10.768784]]}, "properties": {"speed": 20.888193130493164, "congestion": 4.290189266204834}}, {"type": "Feature", "geometry": {"type": "LineString", "coordinates": [[106.683896, 10.7684987], [106.6839333, 10.7684647]]}, "properties": {"speed": 13.25694465637207, "congestion": 10.411591529846191}}, {"type": "Feature", "geometry": {"type": "LineString", "coordinates": [[106.6855017, 10.7679292], [106.6856693, 10.7678492]]}, "properties": {"speed": 19.996875762939453, "congestion": 5.868082046508789}}, {"type": "Feature", "geometry": {"type": "LineString", "coordinates": [[106.6855017, 10.7679292], [106.6824196, 10.76594]]}, "properties": {"speed": 22.355499267578125, "congestion": 5.192325115203857}}, {"type": "Feature", "geometry": {"type": "LineString", "coordinates": [[106.6855017, 10.7679292], [106.6849221, 10.7681926]]}, "properties": {"speed": 18.20775604248047, "congestion": 5.878250598907471}}, {"type": "Feature", "geometry": {"type": "LineString", "coordinates": [[106.6867135, 10.7673695], [106.6873765, 10.7670651]]}, "properties": {"speed": 22.56492805480957, "congestion": 4.305084228515625}}, {"type": "Feature", "geometry": {"type": "LineString", "coordinates": [[106.6867135, 10.7673695], [106.6863255, 10.7675988]]}, "properties": {"speed": 24.708505630493164, "congestion": 4.009649276733398}}, {"type": "Feature", "geometry": {"type": "LineString", "coordinates": [[106.6886314, 10.7668684], [106.6904828, 10.7675441]]}, "properties": {"speed": 20.251041412353516, "congestion": 4.585878849029541}}, {"type": "Feature", "geometry": {"type": "LineString", "coordinates": [[106.6886314, 10.7668684], [106.6883592, 10.7667564]]}, "properties": {"speed": 19.57118034362793, "congestion": 3.7338833808898926}}, {"type": "Feature", "geometry": {"type": "LineString", "coordinates": [[106.6886314, 10.7668684], [106.6883847, 10.7670904]]}, "properties": {"speed": 24.533334732055664, "congestion": 3.847966432571411}}, {"type": "Feature", "geometry": {"type": "LineString", "coordinates": [[106.6954882, 10.7680809], [106.6954323, 10.7681446]]}, "properties": {"speed": 21.608707427978516, "congestion": 5.016322135925293}}, {"type": "Feature", "geometry": {"type": "LineString", "coordinates": [[106.6954882, 10.7680809], [106.6956942, 10.7683209]]}, "properties": {"speed": 23.86006736755371, "congestion": 3.618317127227783}}, {"type": "Feature", "geometry": {"type": "LineString", "coordinates": [[106.695383, 10.7679661], [106.6954098, 10.7678862]]}, "properties": {"speed": 20.345718383789062, "congestion": 4.388327121734619}}, {"type": "Feature", "geometry": {"type": "LineString", "coordinates": [[106.695383, 10.7679661], [106.6954882, 10.7680809]]}, "properties": {"speed": 20.812198638916016, "congestion": 5.380781650543213}}, {"type": "Feature", "geometry": {"type": "LineString", "coordinates": [[106.6978099, 10.775165], [106.697075, 10.775818]]}, "properties": {"speed": 18.066652297973633, "congestion": 2.6907920837402344}}, {"type": "Feature", "geometry": {"type": "LineString", "coordinates": [[106.6978099, 10.775165], [106.6981499, 10.7748371]]}, "properties": {"speed": 15.824649810791016, "congestion": 6.22208833694458}}, {"type": "Feature", "geometry": {"type": "LineString", "coordinates": [[106.6789874, 10.8032667], [106.6789788, 10.8033297]]}, "properties": {"speed": 25.526914596557617, "congestion": 4.726379871368408}}, {"type": "Feature", "geometry": {"type": "LineString", "coordinates": [[106.6791988, 10.8020568], [106.6791201, 10.8024084]]}, "properties": {"speed": 26.075639724731445, "congestion": 4.673654556274414}}, {"type": "Feature", "geometry": {"type": "LineString", "coordinates": [[106.6796269, 10.8008081], [106.6794334, 10.8012346]]}, "properties": {"speed": 25.82494354248047, "congestion": 4.654634475708008}}, {"type": "Feature", "geometry": {"type": "LineString", "coordinates": [[106.6791201, 10.8024084], [106.6784933, 10.801918]]}, "properties": {"speed": 32.55780792236328, "congestion": 3.5641636848449707}}, {"type": "Feature", "geometry": {"type": "LineString", "coordinates": [[106.6791201, 10.8024084], [106.6790451, 10.8028434]]}, "properties": {"speed": 27.62699317932129, "congestion": 4.410379886627197}}, {"type": "Feature", "geometry": {"type": "LineString", "coordinates": [[106.6835799, 10.8011529], [106.6844453, 10.8003479]]}, "properties": {"speed": 30.56857681274414, "congestion": 4.067391395568848}}, {"type": "Feature", "geometry": {"type": "LineString", "coordinates": [[106.6835799, 10.8011529], [106.6833001, 10.8008459]]}, "properties": {"speed": 31.874473571777344, "congestion": 3.7113325595855713}}, {"type": "Feature", "geometry": {"type": "LineString", "coordinates": [[106.6898481, 10.7734387], [106.6895211, 10.7736195]]}, "properties": {"speed": 22.29230308532715, "congestion": 4.890043258666992}}, {"type": "Feature", "geometry": {"type": "LineString", "coordinates": [[106.6898481, 10.7734387], [106.6897713, 10.7739193]]}, "properties": {"speed": 25.41666603088379, "congestion": 3.494138717651367}}, {"type": "Feature", "geometry": {"type": "LineString", "coordinates": [[106.6934115, 10.7714195], [106.6944476, 10.772146]]}, "properties": {"speed": 21.48194122314453, "congestion": 4.224954605102539}}, {"type": "Feature", "geometry": {"type": "LineString", "coordinates": [[106.6934115, 10.7714195], [106.6933211, 10.7714672]]}, "properties": {"speed": 22.181184768676758, "congestion": 4.992326259613037}}, {"type": "Feature", "geometry": {"type": "LineString", "coordinates": [[106.6888264, 10.774973], [106.6887716, 10.7749098]]}, "properties": {"speed": 14.851737022399902, "congestion": 5.431422233581543}}, {"type": "Feature", "geometry": {"type": "LineString", "coordinates": [[106.6963159, 10.7976974], [106.6961899, 10.7977069]]}, "properties": {"speed": 28.01146697998047, "congestion": 4.101413249969482}}, {"type": "Feature", "geometry": {"type": "LineString", "coordinates": [[106.6827741, 10.7707307], [106.6839014, 10.769713]]}, "properties": {"speed": 26.645061492919922, "congestion": 4.260287284851074}}, {"type": "Feature", "geometry": {"type": "LineString", "coordinates": [[106.6827741, 10.7707307], [106.6821231, 10.7700561]]}, "properties": {"speed": 24.98502540588379, "congestion": 4.369041919708252}}, {"type": "Feature", "geometry": {"type": "LineString", "coordinates": [[106.6848113, 10.7728974], [106.6829092, 10.7758669]]}, "properties": {"speed": 20.710020065307617, "congestion": 4.223719120025635}}, {"type": "Feature", "geometry": {"type": "LineString", "coordinates": [[106.6848113, 10.7728974], [106.6839999, 10.7720381]]}, "properties": {"speed": 20.94847869873047, "congestion": 4.027589321136475}}, {"type": "Feature", "geometry": {"type": "LineString", "coordinates": [[106.6848113, 10.7728974], [106.6856697, 10.7715689]]}, "properties": {"speed": 19.966218948364258, "congestion": 4.1597371101379395}}, {"type": "Feature", "geometry": {"type": "LineString", "coordinates": [[106.6803592, 10.7738706], [106.6798496, 10.7745339]]}, "properties": {"speed": 25.89722442626953, "congestion": 4.221967697143555}}, {"type": "Feature", "geometry": {"type": "LineString", "coordinates": [[106.6803592, 10.7738706], [106.6818531, 10.7751638]]}, "properties": {"speed": 23.866628646850586, "congestion": 4.558570861816406}}, {"type": "Feature", "geometry": {"type": "LineString", "coordinates": [[106.6818531, 10.7751638], [106.6821671, 10.7748125]]}, "properties": {"speed": 21.2677059173584, "congestion": 4.193052291870117}}, {"type": "Feature", "geometry": {"type": "LineString", "coordinates": [[106.6818531, 10.7751638], [106.6815721, 10.7754669]]}, "properties": {"speed": 21.2677059173584, "congestion": 4.193052291870117}}, {"type": "Feature", "geometry": {"type": "LineString", "coordinates": [[106.6818531, 10.7751638], [106.6823124, 10.7755574]]}, "properties": {"speed": 24.546049118041992, "congestion": 4.482800006866455}}, {"type": "Feature", "geometry": {"type": "LineString", "coordinates": [[106.6823124, 10.7755574], [106.6823846, 10.7756155]]}, "properties": {"speed": 25.08043670654297, "congestion": 5.1691789627075195}}, {"type": "Feature", "geometry": {"type": "LineString", "coordinates": [[106.6823846, 10.7756155], [106.6827444, 10.7759149]]}, "properties": {"speed": 22.722793579101562, "congestion": 4.869385242462158}}, {"type": "Feature", "geometry": {"type": "LineString", "coordinates": [[106.6827444, 10.7759149], [106.6828327, 10.7759902]]}, "properties": {"speed": 21.85053253173828, "congestion": 4.873735427856445}}, {"type": "Feature", "geometry": {"type": "LineString", "coordinates": [[106.6765257, 10.7703983], [106.6777369, 10.7692098]]}, "properties": {"speed": 31.453468322753906, "congestion": 3.6577022075653076}}, {"type": "Feature", "geometry": {"type": "LineString", "coordinates": [[106.6765257, 10.7703983], [106.6767106, 10.7705892]]}, "properties": {"speed": 29.52424430847168, "congestion": 3.758640766143799}}, {"type": "Feature", "geometry": {"type": "LineString", "coordinates": [[106.6767106, 10.7705892], [106.6782709, 10.7693455]]}, "properties": {"speed": 28.87624168395996, "congestion": 4.64605712890625}}, {"type": "Feature", "geometry": {"type": "LineString", "coordinates": [[106.6767106, 10.7705892], [106.6780475, 10.7719212]]}, "properties": {"speed": 29.39854621887207, "congestion": 4.274442195892334}}, {"type": "Feature", "geometry": {"type": "LineString", "coordinates": [[106.6780475, 10.7719212], [106.6809334, 10.769341]]}, "properties": {"speed": 27.12991714477539, "congestion": 4.544032096862793}}, {"type": "Feature", "geometry": {"type": "LineString", "coordinates": [[106.6780475, 10.7719212], [106.679015, 10.7727361]]}, "properties": {"speed": 26.782169342041016, "congestion": 4.60737419128418}}, {"type": "Feature", "geometry": {"type": "LineString", "coordinates": [[106.679015, 10.7727361], [106.6818152, 10.7703203]]}, "properties": {"speed": 22.18268585205078, "congestion": 5.139224052429199}}, {"type": "Feature", "geometry": {"type": "LineString", "coordinates": [[106.679015, 10.7727361], [106.6802042, 10.7737386]]}, "properties": {"speed": 23.067726135253906, "congestion": 4.813760280609131}}, {"type": "Feature", "geometry": {"type": "LineString", "coordinates": [[106.679015, 10.7727361], [106.6781026, 10.7735473]]}, "properties": {"speed": 22.001266479492188, "congestion": 4.959409236907959}}, {"type": "Feature", "geometry": {"type": "LineString", "coordinates": [[106.6802042, 10.7737386], [106.6804234, 10.7732535]]}, "properties": {"speed": 27.819631576538086, "congestion": 4.0782012939453125}}, {"type": "Feature", "geometry": {"type": "LineString", "coordinates": [[106.6802042, 10.7737386], [106.6803592, 10.7738706]]}, "properties": {"speed": 29.105764389038086, "congestion": 3.9045753479003906}}, {"type": "Feature", "geometry": {"type": "LineString", "coordinates": [[106.6812264, 10.7691091], [106.6809334, 10.769341]]}, "properties": {"speed": 20.658674240112305, "congestion": 6.684988021850586}}, {"type": "Feature", "geometry": {"type": "LineString", "coordinates": [[106.6812264, 10.7691091], [106.680557, 10.7684089]]}, "properties": {"speed": 25.469301223754883, "congestion": 4.702459335327148}}, {"type": "Feature", "geometry": {"type": "LineString", "coordinates": [[106.6809202, 10.7941455], [106.6800466, 10.7929933]]}, "properties": {"speed": 37.27534484863281, "congestion": 3.1207242012023926}}, {"type": "Feature", "geometry": {"type": "LineString", "coordinates": [[106.6789123, 10.7968513], [106.679257, 10.7963992]]}, "properties": {"speed": 24.08734130859375, "congestion": 3.8493995666503906}}, {"type": "Feature", "geometry": {"type": "LineString", "coordinates": [[106.6778803, 10.79379], [106.6778765, 10.793843]]}, "properties": {"speed": 17.169788360595703, "congestion": 8.21808910369873}}, {"type": "Feature", "geometry": {"type": "LineString", "coordinates": [[106.6778803, 10.79379], [106.6778884, 10.7936761]]}, "properties": {"speed": 23.258426666259766, "congestion": 4.39948034286499}}, {"type": "Feature", "geometry": {"type": "LineString", "coordinates": [[106.6964429, 10.7995502], [106.6965251, 10.8006611]]}, "properties": {"speed": 30.975637435913086, "congestion": 3.6041111946105957}}, {"type": "Feature", "geometry": {"type": "LineString", "coordinates": [[106.6961704, 10.7954679], [106.6961876, 10.7956827]]}, "properties": {"speed": 28.32363510131836, "congestion": 4.234079837799072}}, {"type": "Feature", "geometry": {"type": "LineString", "coordinates": [[106.6961704, 10.7954679], [106.6970978, 10.7954805]]}, "properties": {"speed": 27.97634506225586, "congestion": 4.217489242553711}}, {"type": "Feature", "geometry": {"type": "LineString", "coordinates": [[106.6953353, 10.7944779], [106.6960141, 10.7945712]]}, "properties": {"speed": 30.42881965637207, "congestion": 3.2372074127197266}}, {"type": "Feature", "geometry": {"type": "LineString", "coordinates": [[106.675419, 10.7891946], [106.6753742, 10.7879451]]}, "properties": {"speed": 25.910188674926758, "congestion": 3.90388822555542}}, {"type": "Feature", "geometry": {"type": "LineString", "coordinates": [[106.675419, 10.7891946], [106.675853, 10.7889674]]}, "properties": {"speed": 28.0623836517334, "congestion": 3.7281603813171387}}, {"type": "Feature", "geometry": {"type": "LineString", "coordinates": [[106.6764521, 10.7928361], [106.6765433, 10.7931786]]}, "properties": {"speed": 25.072214126586914, "congestion": 3.715266704559326}}, {"type": "Feature", "geometry": {"type": "LineString", "coordinates": [[106.6764521, 10.7928361], [106.6769285, 10.7927065]]}, "properties": {"speed": 19.430461883544922, "congestion": 6.700336456298828}}, {"type": "Feature", "geometry": {"type": "LineString", "coordinates": [[106.6764521, 10.7928361], [106.6763974, 10.7925507]]}, "properties": {"speed": 14.89687728881836, "congestion": 7.759771347045898}}, {"type": "Feature", "geometry": {"type": "LineString", "coordinates": [[106.6980774, 10.79215], [106.6973503, 10.7926151]]}, "properties": {"speed": 21.976734161376953, "congestion": 4.442013740539551}}, {"type": "Feature", "geometry": {"type": "LineString", "coordinates": [[106.6980774, 10.79215], [106.6985829, 10.7916703]]}, "properties": {"speed": 19.999483108520508, "congestion": 4.556396007537842}}, {"type": "Feature", "geometry": {"type": "LineString", "coordinates": [[106.6980774, 10.79215], [106.697641, 10.7921419]]}, "properties": {"speed": 18.805553436279297, "congestion": 5.424592971801758}}, {"type": "Feature", "geometry": {"type": "LineString", "coordinates": [[106.6900349, 10.7827429], [106.690783, 10.7834531]]}, "properties": {"speed": 17.0760440826416, "congestion": 6.657535552978516}}, {"type": "Feature", "geometry": {"type": "LineString", "coordinates": [[106.6900349, 10.7827429], [106.68954, 10.7832599]]}, "properties": {"speed": 18.106595993041992, "congestion": 6.304576873779297}}, {"type": "Feature", "geometry": {"type": "LineString", "coordinates": [[106.7005625, 10.7621829], [106.7007783, 10.7618543]]}, "properties": {"speed": 35.99272918701172, "congestion": 3.0904312133789062}}, {"type": "Feature", "geometry": {"type": "LineString", "coordinates": [[106.7005625, 10.7621829], [106.7000937, 10.7618289]]}, "properties": {"speed": 31.19997787475586, "congestion": 2.843841075897217}}, {"type": "Feature", "geometry": {"type": "LineString", "coordinates": [[106.7011243, 10.7614344], [106.7018856, 10.7619609]]}, "properties": {"speed": 18.519012451171875, "congestion": 4.73134183883667}}, {"type": "Feature", "geometry": {"type": "LineString", "coordinates": [[106.7011243, 10.7614344], [106.7010798, 10.7614985]]}, "properties": {"speed": 31.19997787475586, "congestion": 2.843841075897217}}, {"type": "Feature", "geometry": {"type": "LineString", "coordinates": [[106.7008008, 10.763061], [106.700333, 10.7628626]]}, "properties": {"speed": 36.37578201293945, "congestion": 3.2088205814361572}}, {"type": "Feature", "geometry": {"type": "LineString", "coordinates": [[106.7008629, 10.7636284], [106.7008008, 10.763061]]}, "properties": {"speed": 36.37578201293945, "congestion": 3.2088205814361572}}, {"type": "Feature", "geometry": {"type": "LineString", "coordinates": [[106.6999279, 10.7638289], [106.7000344, 10.7638809]]}, "properties": {"speed": 36.04643249511719, "congestion": 3.365731716156006}}, {"type": "Feature", "geometry": {"type": "LineString", "coordinates": [[106.6999279, 10.7638289], [106.6999761, 10.7637346]]}, "properties": {"speed": 36.03185272216797, "congestion": 3.084376335144043}}, {"type": "Feature", "geometry": {"type": "LineString", "coordinates": [[106.7037899, 10.7634782], [106.7037286, 10.7634297]]}, "properties": {"speed": 15.566336631774902, "congestion": 6.288321018218994}}, {"type": "Feature", "geometry": {"type": "LineString", "coordinates": [[106.7037899, 10.7634782], [106.7033131, 10.76387]]}, "properties": {"speed": 34.38567352294922, "congestion": 3.246800184249878}}, {"type": "Feature", "geometry": {"type": "LineString", "coordinates": [[106.682872, 10.7809432], [106.683615, 10.782517]]}, "properties": {"speed": 16.544963836669922, "congestion": 4.348414897918701}}, {"type": "Feature", "geometry": {"type": "LineString", "coordinates": [[106.682872, 10.7809432], [106.6832431, 10.7807136]]}, "properties": {"speed": 23.5916690826416, "congestion": 3.526787519454956}}, {"type": "Feature", "geometry": {"type": "LineString", "coordinates": [[106.6845028, 10.7843975], [106.6835716, 10.7847198]]}, "properties": {"speed": 24.642391204833984, "congestion": 3.822765350341797}}, {"type": "Feature", "geometry": {"type": "LineString", "coordinates": [[106.6845028, 10.7843975], [106.6846106, 10.786164]]}, "properties": {"speed": 26.245437622070312, "congestion": 3.6072442531585693}}, {"type": "Feature", "geometry": {"type": "LineString", "coordinates": [[106.6845028, 10.7843975], [106.685973, 10.7834895]]}, "properties": {"speed": 24.68764877319336, "congestion": 3.6872036457061768}}, {"type": "Feature", "geometry": {"type": "LineString", "coordinates": [[106.683948, 10.7832224], [106.6845353, 10.7829441]]}, "properties": {"speed": 19.161108016967773, "congestion": 5.472228050231934}}, {"type": "Feature", "geometry": {"type": "LineString", "coordinates": [[106.683948, 10.7832224], [106.6845028, 10.7843975]]}, "properties": {"speed": 17.54331398010254, "congestion": 5.586043357849121}}, {"type": "Feature", "geometry": {"type": "LineString", "coordinates": [[106.6807718, 10.7862659], [106.6803507, 10.7865024]]}, "properties": {"speed": 25.961280822753906, "congestion": 3.6164839267730713}}, {"type": "Feature", "geometry": {"type": "LineString", "coordinates": [[106.7077287, 10.764028], [106.7073935, 10.7647805]]}, "properties": {"speed": 18.2774658203125, "congestion": 6.851578235626221}}, {"type": "Feature", "geometry": {"type": "LineString", "coordinates": [[106.6956287, 10.7637226], [106.6961338, 10.7641723]]}, "properties": {"speed": 19.819910049438477, "congestion": 3.06655216217041}}, {"type": "Feature", "geometry": {"type": "LineString", "coordinates": [[106.6956287, 10.7637226], [106.6940365, 10.7623653]]}, "properties": {"speed": 34.94786071777344, "congestion": 3.352010488510132}}, {"type": "Feature", "geometry": {"type": "LineString", "coordinates": [[106.6956287, 10.7637226], [106.6966019, 10.7623627]]}, "properties": {"speed": 36.83937072753906, "congestion": 3.5330495834350586}}, {"type": "Feature", "geometry": {"type": "LineString", "coordinates": [[106.7013136, 10.7641915], [106.7015483, 10.7639048]]}, "properties": {"speed": 36.37578201293945, "congestion": 3.2088205814361572}}, {"type": "Feature", "geometry": {"type": "LineString", "coordinates": [[106.7013136, 10.7641915], [106.7011736, 10.7643986]]}, "properties": {"speed": 31.59776496887207, "congestion": 3.46178936958313}}, {"type": "Feature", "geometry": {"type": "LineString", "coordinates": [[106.7014316, 10.7617456], [106.7010798, 10.7614985]]}, "properties": {"speed": 16.700868606567383, "congestion": 5.6723222732543945}}, {"type": "Feature", "geometry": {"type": "LineString", "coordinates": [[106.699983, 10.7615952], [106.7001088, 10.7613976]]}, "properties": {"speed": 30.592933654785156, "congestion": 4.3493266105651855}}, {"type": "Feature", "geometry": {"type": "LineString", "coordinates": [[106.6985998, 10.763029], [106.6987318, 10.7632003]]}, "properties": {"speed": 35.855594635009766, "congestion": 3.302837610244751}}, {"type": "Feature", "geometry": {"type": "LineString", "coordinates": [[106.6985998, 10.763029], [106.6987271, 10.76292]]}, "properties": {"speed": 35.01649475097656, "congestion": 3.3549485206604004}}, {"type": "Feature", "geometry": {"type": "LineString", "coordinates": [[106.708176, 10.7614044], [106.7087088, 10.7622745]]}, "properties": {"speed": 22.476970672607422, "congestion": 4.3602752685546875}}, {"type": "Feature", "geometry": {"type": "LineString", "coordinates": [[106.7087088, 10.7622745], [106.708176, 10.7614044]]}, "properties": {"speed": 24.171545028686523, "congestion": 6.019623756408691}}, {"type": "Feature", "geometry": {"type": "LineString", "coordinates": [[106.7087088, 10.7622745], [106.7097288, 10.7616713]]}, "properties": {"speed": 21.303760528564453, "congestion": 5.815998077392578}}, {"type": "Feature", "geometry": {"type": "LineString", "coordinates": [[106.6954591, 10.8043401], [106.6949921, 10.8044016]]}, "properties": {"speed": 23.86406898498535, "congestion": 3.887754201889038}}, {"type": "Feature", "geometry": {"type": "LineString", "coordinates": [[106.6954591, 10.8043401], [106.695504, 10.8047084]]}, "properties": {"speed": 22.92222023010254, "congestion": 3.935065269470215}}, {"type": "Feature", "geometry": {"type": "LineString", "coordinates": [[106.695504, 10.8047084], [106.6954591, 10.8043401]]}, "properties": {"speed": 23.86406898498535, "congestion": 3.887754201889038}}, {"type": "Feature", "geometry": {"type": "LineString", "coordinates": [[106.6949767, 10.8038474], [106.6949921, 10.8044016]]}, "properties": {"speed": 23.909202575683594, "congestion": 3.908874988555908}}, {"type": "Feature", "geometry": {"type": "LineString", "coordinates": [[106.6949767, 10.8038474], [106.6949672, 10.8033986]]}, "properties": {"speed": 18.338884353637695, "congestion": 5.061156272888184}}, {"type": "Feature", "geometry": {"type": "LineString", "coordinates": [[106.7101381, 10.801408], [106.7098195, 10.801359]]}, "properties": {"speed": 41.18381118774414, "congestion": 3.227517604827881}}, {"type": "Feature", "geometry": {"type": "LineString", "coordinates": [[106.7113057, 10.8023221], [106.7112775, 10.8020476]]}, "properties": {"speed": 20.66548728942871, "congestion": 5.568385124206543}}, {"type": "Feature", "geometry": {"type": "LineString", "coordinates": [[106.7113057, 10.8023221], [106.7109346, 10.8023569]]}, "properties": {"speed": 23.17395782470703, "congestion": 4.897110939025879}}, {"type": "Feature", "geometry": {"type": "LineString", "coordinates": [[106.7109346, 10.8023569], [106.7113057, 10.8023221]]}, "properties": {"speed": 21.05150604248047, "congestion": 5.359140396118164}}, {"type": "Feature", "geometry": {"type": "LineString", "coordinates": [[106.7032895, 10.8034288], [106.7032852, 10.8031069]]}, "properties": {"speed": 33.484375, "congestion": 3.42136549949646}}, {"type": "Feature", "geometry": {"type": "LineString", "coordinates": [[106.7032895, 10.8034288], [106.7048181, 10.803285]]}, "properties": {"speed": 31.10316276550293, "congestion": 3.4687535762786865}}, {"type": "Feature", "geometry": {"type": "LineString", "coordinates": [[106.7032852, 10.8031069], [106.7032895, 10.8034288]]}, "properties": {"speed": 34.57742691040039, "congestion": 3.421306610107422}}, {"type": "Feature", "geometry": {"type": "LineString", "coordinates": [[106.7032852, 10.8031069], [106.7035163, 10.8030565]]}, "properties": {"speed": 33.484375, "congestion": 3.42136549949646}}, {"type": "Feature", "geometry": {"type": "LineString", "coordinates": [[106.7035163, 10.8030565], [106.7032852, 10.8031069]]}, "properties": {"speed": 34.57742691040039, "congestion": 3.421306610107422}}, {"type": "Feature", "geometry": {"type": "LineString", "coordinates": [[106.7054329, 10.7982841], [106.7059684, 10.7988022]]}, "properties": {"speed": 38.74635314941406, "congestion": 3.440463066101074}}, {"type": "Feature", "geometry": {"type": "LineString", "coordinates": [[106.7072511, 10.7998375], [106.707607, 10.800051]]}, "properties": {"speed": 38.74635314941406, "congestion": 3.440463066101074}}, {"type": "Feature", "geometry": {"type": "LineString", "coordinates": [[106.707607, 10.800051], [106.708266, 10.8004269]]}, "properties": {"speed": 38.74635314941406, "congestion": 3.440463066101074}}, {"type": "Feature", "geometry": {"type": "LineString", "coordinates": [[106.7105994, 10.8011637], [106.7107669, 10.8011911]]}, "properties": {"speed": 29.563425064086914, "congestion": 7.586936950683594}}, {"type": "Feature", "geometry": {"type": "LineString", "coordinates": [[106.7105994, 10.8011637], [106.7109053, 10.8007228]]}, "properties": {"speed": 24.24895668029785, "congestion": 8.467398643493652}}, {"type": "Feature", "geometry": {"type": "LineString", "coordinates": [[106.7111572, 10.8003353], [106.711127, 10.8000068]]}, "properties": {"speed": 24.309228897094727, "congestion": 4.253985404968262}}, {"type": "Feature", "geometry": {"type": "LineString", "coordinates": [[106.7111572, 10.8003353], [106.7105888, 10.8004146]]}, "properties": {"speed": 27.154687881469727, "congestion": 3.91491436958313}}, {"type": "Feature", "geometry": {"type": "LineString", "coordinates": [[106.7104489, 10.8000696], [106.711127, 10.8000068]]}, "properties": {"speed": 24.875001907348633, "congestion": 3.73276424407959}}, {"type": "Feature", "geometry": {"type": "LineString", "coordinates": [[106.7092558, 10.7946567], [106.7093592, 10.7947682]]}, "properties": {"speed": 27.7978458404541, "congestion": 4.233704566955566}}, {"type": "Feature", "geometry": {"type": "LineString", "coordinates": [[106.7092558, 10.7946567], [106.7094831, 10.7944426]]}, "properties": {"speed": 28.349891662597656, "congestion": 4.13323450088501}}, {"type": "Feature", "geometry": {"type": "LineString", "coordinates": [[106.7104951, 10.7966427], [106.7105504, 10.7967857]]}, "properties": {"speed": 25.691492080688477, "congestion": 3.930936098098755}}, {"type": "Feature", "geometry": {"type": "LineString", "coordinates": [[106.7105504, 10.7967857], [106.7106277, 10.7969808]]}, "properties": {"speed": 24.704574584960938, "congestion": 3.957219123840332}}, {"type": "Feature", "geometry": {"type": "LineString", "coordinates": [[106.7115525, 10.8010172], [106.7119071, 10.8012885]]}, "properties": {"speed": 27.259723663330078, "congestion": 3.2955312728881836}}, {"type": "Feature", "geometry": {"type": "LineString", "coordinates": [[106.7138538, 10.7883341], [106.7133014, 10.7885039]]}, "properties": {"speed": 40.494449615478516, "congestion": 3.0564661026000977}}, {"type": "Feature", "geometry": {"type": "LineString", "coordinates": [[106.7139636, 10.7897616], [106.7141134, 10.7900156]]}, "properties": {"speed": 41.281734466552734, "congestion": 3.0608856678009033}}, {"type": "Feature", "geometry": {"type": "LineString", "coordinates": [[106.7147977, 10.7895486], [106.7148132, 10.7893196]]}, "properties": {"speed": 41.281734466552734, "congestion": 3.0608856678009033}}, {"type": "Feature", "geometry": {"type": "LineString", "coordinates": [[106.7045598, 10.8033897], [106.7045551, 10.8044407]]}, "properties": {"speed": 32.72829818725586, "congestion": 3.642849922180176}}, {"type": "Feature", "geometry": {"type": "LineString", "coordinates": [[106.7045598, 10.8033897], [106.703147, 10.8035292]]}, "properties": {"speed": 31.539804458618164, "congestion": 3.50748348236084}}, {"type": "Feature", "geometry": {"type": "LineString", "coordinates": [[106.703147, 10.8035292], [106.7031821, 10.8036929]]}, "properties": {"speed": 31.52013397216797, "congestion": 3.460663318634033}}, {"type": "Feature", "geometry": {"type": "LineString", "coordinates": [[106.703147, 10.8035292], [106.7023292, 10.8037201]]}, "properties": {"speed": 30.869789123535156, "congestion": 3.5254018306732178}}, {"type": "Feature", "geometry": {"type": "LineString", "coordinates": [[106.7023292, 10.8037201], [106.7016015, 10.803925]]}, "properties": {"speed": 29.02888298034668, "congestion": 3.8101603984832764}}, {"type": "Feature", "geometry": {"type": "LineString", "coordinates": [[106.6750496, 10.7794458], [106.6754139, 10.7784707]]}, "properties": {"speed": 20.903366088867188, "congestion": 4.35905647277832}}, {"type": "Feature", "geometry": {"type": "LineString", "coordinates": [[106.6750496, 10.7794458], [106.6770737, 10.7802644]]}, "properties": {"speed": 20.969175338745117, "congestion": 4.4127278327941895}}, {"type": "Feature", "geometry": {"type": "LineString", "coordinates": [[106.6770737, 10.7802644], [106.6750496, 10.7794458]]}, "properties": {"speed": 21.848953247070312, "congestion": 3.935171365737915}}, {"type": "Feature", "geometry": {"type": "LineString", "coordinates": [[106.6770737, 10.7802644], [106.6771159, 10.7802412]]}, "properties": {"speed": 19.51422882080078, "congestion": 4.8199968338012695}}, {"type": "Feature", "geometry": {"type": "LineString", "coordinates": [[106.6770737, 10.7802644], [106.6769507, 10.78033]]}, "properties": {"speed": 21.77037239074707, "congestion": 4.025301456451416}}, {"type": "Feature", "geometry": {"type": "LineString", "coordinates": [[106.6777124, 10.7768102], [106.677372, 10.7763644]]}, "properties": {"speed": 16.599987030029297, "congestion": 3.213501214981079}}, {"type": "Feature", "geometry": {"type": "LineString", "coordinates": [[106.6833882, 10.7778105], [106.6839633, 10.7783866]]}, "properties": {"speed": 14.119274139404297, "congestion": 5.323267936706543}}, {"type": "Feature", "geometry": {"type": "LineString", "coordinates": [[106.6842145, 10.778619], [106.6839633, 10.7783866]]}, "properties": {"speed": 14.099989891052246, "congestion": 3.522205114364624}}, {"type": "Feature", "geometry": {"type": "LineString", "coordinates": [[106.6842145, 10.778619], [106.6851578, 10.779542]]}, "properties": {"speed": 14.318401336669922, "congestion": 4.636623382568359}}, {"type": "Feature", "geometry": {"type": "LineString", "coordinates": [[106.6820057, 10.7802391], [106.6824376, 10.7800233]]}, "properties": {"speed": 16.85208511352539, "congestion": 5.5987629890441895}}, {"type": "Feature", "geometry": {"type": "LineString", "coordinates": [[106.6824376, 10.7800233], [106.6827602, 10.7807064]]}, "properties": {"speed": 19.061342239379883, "congestion": 4.840887069702148}}, {"type": "Feature", "geometry": {"type": "LineString", "coordinates": [[106.6824376, 10.7800233], [106.6820057, 10.7802391]]}, "properties": {"speed": 22.139755249023438, "congestion": 3.7915658950805664}}, {"type": "Feature", "geometry": {"type": "LineString", "coordinates": [[106.6803734, 10.7796966], [106.6804121, 10.7787524]]}, "properties": {"speed": 27.16727066040039, "congestion": 4.024007797241211}}, {"type": "Feature", "geometry": {"type": "LineString", "coordinates": [[106.6803734, 10.7796966], [106.6815324, 10.7780381]]}, "properties": {"speed": 25.79566192626953, "congestion": 3.6478567123413086}}, {"type": "Feature", "geometry": {"type": "LineString", "coordinates": [[106.6803734, 10.7796966], [106.6795139, 10.7803745]]}, "properties": {"speed": 25.784751892089844, "congestion": 4.172356128692627}}, {"type": "Feature", "geometry": {"type": "LineString", "coordinates": [[106.6815324, 10.7780381], [106.6814502, 10.77795]]}, "properties": {"speed": 23.900968551635742, "congestion": 4.861753463745117}}, {"type": "Feature", "geometry": {"type": "LineString", "coordinates": [[106.6817654, 10.7775382], [106.6819378, 10.7776602]]}, "properties": {"speed": 21.889406204223633, "congestion": 4.9262895584106445}}, {"type": "Feature", "geometry": {"type": "LineString", "coordinates": [[106.6890494, 10.7807024], [106.6895501, 10.7802238]]}, "properties": {"speed": 22.361452102661133, "congestion": 3.639230489730835}}, {"type": "Feature", "geometry": {"type": "LineString", "coordinates": [[106.6890494, 10.7807024], [106.6884593, 10.7812471]]}, "properties": {"speed": 15.75833511352539, "congestion": 4.482615947723389}}, {"type": "Feature", "geometry": {"type": "LineString", "coordinates": [[106.6866254, 10.7795061], [106.6872062, 10.7800575]]}, "properties": {"speed": 15.464237213134766, "congestion": 5.614409923553467}}, {"type": "Feature", "geometry": {"type": "LineString", "coordinates": [[106.6883468, 10.7790111], [106.688964, 10.7796331]]}, "properties": {"speed": 19.659021377563477, "congestion": 3.3949990272521973}}, {"type": "Feature", "geometry": {"type": "LineString", "coordinates": [[106.6883468, 10.7790111], [106.6872062, 10.7800575]]}, "properties": {"speed": 17.586286544799805, "congestion": 4.464151382446289}}, {"type": "Feature", "geometry": {"type": "LineString", "coordinates": [[106.6883468, 10.7790111], [106.6872434, 10.7778991]]}, "properties": {"speed": 17.1652774810791, "congestion": 3.509002685546875}}, {"type": "Feature", "geometry": {"type": "LineString", "coordinates": [[106.6872434, 10.7778991], [106.6880944, 10.7771139]]}, "properties": {"speed": 21.473093032836914, "congestion": 4.8711771965026855}}, {"type": "Feature", "geometry": {"type": "LineString", "coordinates": [[106.6872434, 10.7778991], [106.6861495, 10.7767966]]}, "properties": {"speed": 17.808338165283203, "congestion": 3.498115301132202}}, {"type": "Feature", "geometry": {"type": "LineString", "coordinates": [[106.6872434, 10.7778991], [106.6883468, 10.7790111]]}, "properties": {"speed": 16.968040466308594, "congestion": 3.319993019104004}}, {"type": "Feature", "geometry": {"type": "LineString", "coordinates": [[106.6934185, 10.7799444], [106.6929296, 10.7793943]]}, "properties": {"speed": 20.064931869506836, "congestion": 5.349721908569336}}, {"type": "Feature", "geometry": {"type": "LineString", "coordinates": [[106.695011, 10.80287], [106.6949672, 10.8033986]]}, "properties": {"speed": 25.393230438232422, "congestion": 4.113120079040527}}, {"type": "Feature", "geometry": {"type": "LineString", "coordinates": [[106.695011, 10.80287], [106.6948567, 10.8028874]]}, "properties": {"speed": 23.62065887451172, "congestion": 4.099846839904785}}, {"type": "Feature", "geometry": {"type": "LineString", "coordinates": [[106.678744, 10.7808242], [106.6792239, 10.7805493]]}, "properties": {"speed": 22.382646560668945, "congestion": 4.3199357986450195}}, {"type": "Feature", "geometry": {"type": "LineString", "coordinates": [[106.678744, 10.7808242], [106.6781027, 10.779754]]}, "properties": {"speed": 19.209718704223633, "congestion": 3.035479784011841}}, {"type": "Feature", "geometry": {"type": "LineString", "coordinates": [[106.6792239, 10.7805493], [106.678728, 10.780098]]}, "properties": {"speed": 21.76915740966797, "congestion": 4.417187690734863}}, {"type": "Feature", "geometry": {"type": "LineString", "coordinates": [[106.6792239, 10.7805493], [106.678744, 10.7808242]]}, "properties": {"speed": 17.642362594604492, "congestion": 5.561333179473877}}, {"type": "Feature", "geometry": {"type": "LineString", "coordinates": [[106.6792239, 10.7805493], [106.6795139, 10.7803745]]}, "properties": {"speed": 18.744155883789062, "congestion": 5.60302734375}}, {"type": "Feature", "geometry": {"type": "LineString", "coordinates": [[106.6795139, 10.7803745], [106.6798779, 10.7807539]]}, "properties": {"speed": 15.937410354614258, "congestion": 5.565930366516113}}, {"type": "Feature", "geometry": {"type": "LineString", "coordinates": [[106.6795139, 10.7803745], [106.678638, 10.7794286]]}, "properties": {"speed": 16.803768157958984, "congestion": 5.171225547790527}}, {"type": "Feature", "geometry": {"type": "LineString", "coordinates": [[106.6795139, 10.7803745], [106.6803734, 10.7796966]]}, "properties": {"speed": 19.27923583984375, "congestion": 4.930395126342773}}, {"type": "Feature", "geometry": {"type": "LineString", "coordinates": [[106.6795139, 10.7803745], [106.6792239, 10.7805493]]}, "properties": {"speed": 18.24811363220215, "congestion": 5.006087303161621}}, {"type": "Feature", "geometry": {"type": "LineString", "coordinates": [[106.6916277, 10.7826789], [106.6918155, 10.7825068]]}, "properties": {"speed": 21.139408111572266, "congestion": 8.663993835449219}}, {"type": "Feature", "geometry": {"type": "LineString", "coordinates": [[106.6918155, 10.7825068], [106.6929429, 10.7814734]]}, "properties": {"speed": 12.203300476074219, "congestion": 8.391609191894531}}, {"type": "Feature", "geometry": {"type": "LineString", "coordinates": [[106.6949225, 10.7649526], [106.6946318, 10.7647151]]}, "properties": {"speed": 19.57587432861328, "congestion": 4.653233528137207}}, {"type": "Feature", "geometry": {"type": "LineString", "coordinates": [[106.6949225, 10.7649526], [106.6956108, 10.7655737]]}, "properties": {"speed": 21.334030151367188, "congestion": 4.390951156616211}}, {"type": "Feature", "geometry": {"type": "LineString", "coordinates": [[106.6949225, 10.7649526], [106.6956287, 10.7637226]]}, "properties": {"speed": 32.935935974121094, "congestion": 3.4825711250305176}}, {"type": "Feature", "geometry": {"type": "LineString", "coordinates": [[106.6943395, 10.7667468], [106.6942946, 10.7668561]]}, "properties": {"speed": 28.41313934326172, "congestion": 4.432297706604004}}, {"type": "Feature", "geometry": {"type": "LineString", "coordinates": [[106.6943395, 10.7667468], [106.6943665, 10.7666823]]}, "properties": {"speed": 20.81458282470703, "congestion": 5.237934589385986}}, {"type": "Feature", "geometry": {"type": "LineString", "coordinates": [[106.6943395, 10.7667468], [106.6947443, 10.7672181]]}, "properties": {"speed": 23.502792358398438, "congestion": 4.861871242523193}}, {"type": "Feature", "geometry": {"type": "LineString", "coordinates": [[106.6805747, 10.7636047], [106.679155, 10.7623893]]}, "properties": {"speed": 30.589454650878906, "congestion": 3.835954427719116}}, {"type": "Feature", "geometry": {"type": "LineString", "coordinates": [[106.6778079, 10.7631003], [106.6764902, 10.7622427]]}, "properties": {"speed": 28.90602684020996, "congestion": 4.171903133392334}}, {"type": "Feature", "geometry": {"type": "LineString", "coordinates": [[106.678645, 10.7636416], [106.6790625, 10.7626244]]}, "properties": {"speed": 28.165367126464844, "congestion": 4.221731185913086}}, {"type": "Feature", "geometry": {"type": "LineString", "coordinates": [[106.678645, 10.7636416], [106.6775211, 10.7664272]]}, "properties": {"speed": 28.883100509643555, "congestion": 3.7383015155792236}}, {"type": "Feature", "geometry": {"type": "LineString", "coordinates": [[106.678645, 10.7636416], [106.6778079, 10.7631003]]}, "properties": {"speed": 29.073265075683594, "congestion": 3.9496023654937744}}, {"type": "Feature", "geometry": {"type": "LineString", "coordinates": [[106.6822104, 10.7642283], [106.6818289, 10.7652073]]}, "properties": {"speed": 24.470829010009766, "congestion": 4.347285270690918}}, {"type": "Feature", "geometry": {"type": "LineString", "coordinates": [[106.6902532, 10.7639911], [106.6905496, 10.7635026]]}, "properties": {"speed": 27.83742332458496, "congestion": 4.2508625984191895}}, {"type": "Feature", "geometry": {"type": "LineString", "coordinates": [[106.6902532, 10.7639911], [106.690666, 10.7641487]]}, "properties": {"speed": 26.65542221069336, "congestion": 4.0842976570129395}}, {"type": "Feature", "geometry": {"type": "LineString", "coordinates": [[106.6902532, 10.7639911], [106.6879276, 10.763025]]}, "properties": {"speed": 29.284610748291016, "congestion": 4.250487804412842}}, {"type": "Feature", "geometry": {"type": "LineString", "coordinates": [[106.691016, 10.7643028], [106.6907978, 10.7642203]]}, "properties": {"speed": 23.31302833557129, "congestion": 4.32911491394043}}, {"type": "Feature", "geometry": {"type": "LineString", "coordinates": [[106.691016, 10.7643028], [106.6919853, 10.7646584]]}, "properties": {"speed": 16.58211898803711, "congestion": 5.02931022644043}}, {"type": "Feature", "geometry": {"type": "LineString", "coordinates": [[106.6919853, 10.7646584], [106.691016, 10.7643028]]}, "properties": {"speed": 28.204864501953125, "congestion": 4.085375785827637}}, {"type": "Feature", "geometry": {"type": "LineString", "coordinates": [[106.6919853, 10.7646584], [106.6920777, 10.7646897]]}, "properties": {"speed": 16.58211898803711, "congestion": 5.02931022644043}}, {"type": "Feature", "geometry": {"type": "LineString", "coordinates": [[106.6922362, 10.7646055], [106.6922837, 10.7645634]]}, "properties": {"speed": 18.0513858795166, "congestion": 4.7820143699646}}, {"type": "Feature", "geometry": {"type": "LineString", "coordinates": [[106.6922362, 10.7646055], [106.6920777, 10.7646897]]}, "properties": {"speed": 26.266319274902344, "congestion": 3.8231801986694336}}, {"type": "Feature", "geometry": {"type": "LineString", "coordinates": [[106.6922837, 10.7645634], [106.6922362, 10.7646055]]}, "properties": {"speed": 28.21875762939453, "congestion": 4.088500499725342}}, {"type": "Feature", "geometry": {"type": "LineString", "coordinates": [[106.6922837, 10.7645634], [106.6923541, 10.764501]]}, "properties": {"speed": 19.531938552856445, "congestion": 4.111356735229492}}, {"type": "Feature", "geometry": {"type": "LineString", "coordinates": [[106.6922837, 10.7645634], [106.6920345, 10.7642779]]}, "properties": {"speed": 26.28900909423828, "congestion": 5.425180435180664}}, {"type": "Feature", "geometry": {"type": "LineString", "coordinates": [[106.6923541, 10.764501], [106.6924232, 10.7644396]]}, "properties": {"speed": 19.124290466308594, "congestion": 5.459667205810547}}, {"type": "Feature", "geometry": {"type": "LineString", "coordinates": [[106.6923541, 10.764501], [106.6926747, 10.7648521]]}, "properties": {"speed": 27.097219467163086, "congestion": 3.7037549018859863}}, {"type": "Feature", "geometry": {"type": "LineString", "coordinates": [[106.6923541, 10.764501], [106.6922837, 10.7645634]]}, "properties": {"speed": 25.05694580078125, "congestion": 6.111847400665283}}, {"type": "Feature", "geometry": {"type": "LineString", "coordinates": [[106.6930357, 10.7651464], [106.6929751, 10.7651934]]}, "properties": {"speed": 30.16162872314453, "congestion": 3.5495316982269287}}, {"type": "Feature", "geometry": {"type": "LineString", "coordinates": [[106.6935001, 10.7657898], [106.6934287, 10.7658652]]}, "properties": {"speed": 31.6796875, "congestion": 3.7409815788269043}}, {"type": "Feature", "geometry": {"type": "LineString", "coordinates": [[106.6935001, 10.7657898], [106.6939164, 10.7662627]]}, "properties": {"speed": 30.208160400390625, "congestion": 3.9055721759796143}}, {"type": "Feature", "geometry": {"type": "LineString", "coordinates": [[106.6979155, 10.7636734], [106.6981126, 10.763832]]}, "properties": {"speed": 29.156455993652344, "congestion": 6.813418388366699}}, {"type": "Feature", "geometry": {"type": "LineString", "coordinates": [[106.6978039, 10.7637934], [106.6979155, 10.7636734]]}, "properties": {"speed": 28.15060806274414, "congestion": 7.110909461975098}}, {"type": "Feature", "geometry": {"type": "LineString", "coordinates": [[106.6750864, 10.7610599], [106.6750463, 10.761275]]}, "properties": {"speed": 21.869253158569336, "congestion": 4.176394462585449}}, {"type": "Feature", "geometry": {"type": "LineString", "coordinates": [[106.6750463, 10.761275], [106.6750864, 10.7610599]]}, "properties": {"speed": 22.783565521240234, "congestion": 3.675844430923462}}, {"type": "Feature", "geometry": {"type": "LineString", "coordinates": [[106.6751759, 10.7654633], [106.675252, 10.76549]]}, "properties": {"speed": 28.310302734375, "congestion": 3.67006778717041}}, {"type": "Feature", "geometry": {"type": "LineString", "coordinates": [[106.6751759, 10.7654633], [106.6756006, 10.7643438]]}, "properties": {"speed": 29.60990333557129, "congestion": 3.8159408569335938}}, {"type": "Feature", "geometry": {"type": "LineString", "coordinates": [[106.675252, 10.76549], [106.6751759, 10.7654633]]}, "properties": {"speed": 27.291358947753906, "congestion": 4.323445796966553}}, {"type": "Feature", "geometry": {"type": "LineString", "coordinates": [[106.6778765, 10.793843], [106.6778628, 10.7941537]]}, "properties": {"speed": 15.219443321228027, "congestion": 8.855982780456543}}, {"type": "Feature", "geometry": {"type": "LineString", "coordinates": [[106.6778765, 10.793843], [106.6778803, 10.79379]]}, "properties": {"speed": 23.258426666259766, "congestion": 4.39948034286499}}, {"type": "Feature", "geometry": {"type": "LineString", "coordinates": [[106.6833001, 10.8008459], [106.6835799, 10.8011529]]}, "properties": {"speed": 30.71765899658203, "congestion": 3.98091459274292}}, {"type": "Feature", "geometry": {"type": "LineString", "coordinates": [[106.6796387, 10.8007768], [106.6796269, 10.8008081]]}, "properties": {"speed": 25.82494354248047, "congestion": 4.654634475708008}}, {"type": "Feature", "geometry": {"type": "LineString", "coordinates": [[106.6800192, 10.7998774], [106.67959, 10.7996776]]}, "properties": {"speed": 26.682727813720703, "congestion": 4.190037250518799}}, {"type": "Feature", "geometry": {"type": "LineString", "coordinates": [[106.6800192, 10.7998774], [106.6797098, 10.8005864]]}, "properties": {"speed": 26.67440414428711, "congestion": 4.338611602783203}}, {"type": "Feature", "geometry": {"type": "LineString", "coordinates": [[106.7084236, 10.8030191], [106.7084308, 10.8031034]]}, "properties": {"speed": 12.514237403869629, "congestion": 13.399974822998047}}, {"type": "Feature", "geometry": {"type": "LineString", "coordinates": [[106.7084236, 10.8030191], [106.7093708, 10.8029343]]}, "properties": {"speed": 11.90335464477539, "congestion": 11.99449348449707}}, {"type": "Feature", "geometry": {"type": "LineString", "coordinates": [[106.6848718, 10.8035731], [106.6867718, 10.8038275]]}, "properties": {"speed": 23.539470672607422, "congestion": 4.560849189758301}}, {"type": "Feature", "geometry": {"type": "LineString", "coordinates": [[106.6848718, 10.8035731], [106.6854269, 10.803305]]}, "properties": {"speed": 28.121177673339844, "congestion": 3.546198606491089}}, {"type": "Feature", "geometry": {"type": "LineString", "coordinates": [[106.6854269, 10.803305], [106.6848718, 10.8035731]]}, "properties": {"speed": 28.406700134277344, "congestion": 3.5078840255737305}}, {"type": "Feature", "geometry": {"type": "LineString", "coordinates": [[106.6874802, 10.8037478], [106.689297, 10.802296]]}, "properties": {"speed": 26.974048614501953, "congestion": 4.1731977462768555}}, {"type": "Feature", "geometry": {"type": "LineString", "coordinates": [[106.6874802, 10.8037478], [106.687919, 10.8036909]]}, "properties": {"speed": 25.937280654907227, "congestion": 4.649686813354492}}, {"type": "Feature", "geometry": {"type": "LineString", "coordinates": [[106.6752127, 10.7976321], [106.6750523, 10.7976475]]}, "properties": {"speed": 14.663949012756348, "congestion": 5.026610374450684}}, {"type": "Feature", "geometry": {"type": "LineString", "coordinates": [[106.6752127, 10.7976321], [106.6752021, 10.7971563]]}, "properties": {"speed": 14.702692985534668, "congestion": 5.004881381988525}}, {"type": "Feature", "geometry": {"type": "LineString", "coordinates": [[106.6752127, 10.7976321], [106.6755689, 10.7975948]]}, "properties": {"speed": 16.10955047607422, "congestion": 4.687350749969482}}, {"type": "Feature", "geometry": {"type": "LineString", "coordinates": [[106.6755689, 10.7975948], [106.6752127, 10.7976321]]}, "properties": {"speed": 13.766656875610352, "congestion": 4.932401180267334}}, {"type": "Feature", "geometry": {"type": "LineString", "coordinates": [[106.6755689, 10.7975948], [106.6759937, 10.7975585]]}, "properties": {"speed": 21.25277328491211, "congestion": 4.64032506942749}}, {"type": "Feature", "geometry": {"type": "LineString", "coordinates": [[106.6759937, 10.7975585], [106.6762097, 10.7975382]]}, "properties": {"speed": 22.609119415283203, "congestion": 4.306105613708496}}, {"type": "Feature", "geometry": {"type": "LineString", "coordinates": [[106.6759937, 10.7975585], [106.6755689, 10.7975948]]}, "properties": {"speed": 22.500581741333008, "congestion": 4.603120803833008}}, {"type": "Feature", "geometry": {"type": "LineString", "coordinates": [[106.6759937, 10.7975585], [106.6755023, 10.7973354]]}, "properties": {"speed": 22.645835876464844, "congestion": 4.524893283843994}}, {"type": "Feature", "geometry": {"type": "LineString", "coordinates": [[106.6759404, 10.7966546], [106.6771532, 10.7974367]]}, "properties": {"speed": 19.943748474121094, "congestion": 5.005990982055664}}, {"type": "Feature", "geometry": {"type": "LineString", "coordinates": [[106.6767233, 10.7958926], [106.675591, 10.7956478]]}, "properties": {"speed": 19.943748474121094, "congestion": 5.005990982055664}}, {"type": "Feature", "geometry": {"type": "LineString", "coordinates": [[106.679314, 10.8016446], [106.6791988, 10.8020568]]}, "properties": {"speed": 26.215797424316406, "congestion": 4.670284271240234}}, {"type": "Feature", "geometry": {"type": "LineString", "coordinates": [[106.6789113, 10.7993119], [106.6784593, 10.7993443]]}, "properties": {"speed": 23.78711700439453, "congestion": 4.804426193237305}}, {"type": "Feature", "geometry": {"type": "LineString", "coordinates": [[106.6768212, 10.8031041], [106.6765038, 10.8025536]]}, "properties": {"speed": 30.38819122314453, "congestion": 3.6972084045410156}}, {"type": "Feature", "geometry": {"type": "LineString", "coordinates": [[106.6768212, 10.8031041], [106.6765717, 10.8032425]]}, "properties": {"speed": 31.13055419921875, "congestion": 3.679755210876465}}, {"type": "Feature", "geometry": {"type": "LineString", "coordinates": [[106.6763414, 10.7922902], [106.6761674, 10.7916516]]}, "properties": {"speed": 14.89687728881836, "congestion": 7.759771347045898}}, {"type": "Feature", "geometry": {"type": "LineString", "coordinates": [[106.6763414, 10.7922902], [106.6763974, 10.7925507]]}, "properties": {"speed": 19.430461883544922, "congestion": 6.700336456298828}}, {"type": "Feature", "geometry": {"type": "LineString", "coordinates": [[106.7109278, 10.7979102], [106.7111156, 10.7986147]]}, "properties": {"speed": 24.064411163330078, "congestion": 4.179429054260254}}, {"type": "Feature", "geometry": {"type": "LineString", "coordinates": [[106.7109278, 10.7979102], [106.710862, 10.7979275]]}, "properties": {"speed": 25.49808692932129, "congestion": 4.046323776245117}}, {"type": "Feature", "geometry": {"type": "LineString", "coordinates": [[106.6964766, 10.7692038], [106.696439, 10.7692748]]}, "properties": {"speed": 23.82663345336914, "congestion": 4.2271409034729}}, {"type": "Feature", "geometry": {"type": "LineString", "coordinates": [[106.6964766, 10.7692038], [106.6965402, 10.76917]]}, "properties": {"speed": 23.24068260192871, "congestion": 4.144282817840576}}, {"type": "Feature", "geometry": {"type": "LineString", "coordinates": [[106.6964766, 10.7692038], [106.6965106, 10.7691375]]}, "properties": {"speed": 23.61116600036621, "congestion": 4.228068828582764}}, {"type": "Feature", "geometry": {"type": "LineString", "coordinates": [[106.6964766, 10.7692038], [106.6974547, 10.7702587]]}, "properties": {"speed": 29.16050148010254, "congestion": 4.038032531738281}}, {"type": "Feature", "geometry": {"type": "LineString", "coordinates": [[106.70613, 10.7661737], [106.7066849, 10.764993]]}, "properties": {"speed": 26.742013931274414, "congestion": 4.938610076904297}}, {"type": "Feature", "geometry": {"type": "LineString", "coordinates": [[106.7057343, 10.7660012], [106.70613, 10.7661737]]}, "properties": {"speed": 26.742013931274414, "congestion": 4.938610076904297}}, {"type": "Feature", "geometry": {"type": "LineString", "coordinates": [[106.7107626, 10.7862185], [106.7103834, 10.7858279]]}, "properties": {"speed": 42.28211975097656, "congestion": 3.7639613151550293}}, {"type": "Feature", "geometry": {"type": "LineString", "coordinates": [[106.7085827, 10.7839413], [106.7082135, 10.7842773]]}, "properties": {"speed": 42.28211975097656, "congestion": 3.7639613151550293}}, {"type": "Feature", "geometry": {"type": "LineString", "coordinates": [[106.6821552, 10.7794251], [106.6808694, 10.7801372]]}, "properties": {"speed": 16.839147567749023, "congestion": 5.304487228393555}}, {"type": "Feature", "geometry": {"type": "LineString", "coordinates": [[106.6821552, 10.7794251], [106.6816418, 10.778085]]}, "properties": {"speed": 15.412501335144043, "congestion": 5.56854248046875}}, {"type": "Feature", "geometry": {"type": "LineString", "coordinates": [[106.6821552, 10.7794251], [106.6824376, 10.7800233]]}, "properties": {"speed": 20.031639099121094, "congestion": 4.309907913208008}}, {"type": "Feature", "geometry": {"type": "LineString", "coordinates": [[106.6821552, 10.7794251], [106.6828682, 10.7790149]]}, "properties": {"speed": 17.219444274902344, "congestion": 5.251914978027344}}, {"type": "Feature", "geometry": {"type": "LineString", "coordinates": [[106.7048181, 10.803285], [106.7060572, 10.8031908]]}, "properties": {"speed": 29.81397247314453, "congestion": 4.701047897338867}}, {"type": "Feature", "geometry": {"type": "LineString", "coordinates": [[106.7048181, 10.803285], [106.7048266, 10.8033698]]}, "properties": {"speed": 31.003578186035156, "congestion": 3.549677848815918}}, {"type": "Feature", "geometry": {"type": "LineString", "coordinates": [[106.6961899, 10.7977069], [106.6961678, 10.7973405]]}, "properties": {"speed": 28.070837020874023, "congestion": 3.943303108215332}}, {"type": "Feature", "geometry": {"type": "LineString", "coordinates": [[106.6959446, 10.7918334], [106.6958631, 10.7918359]]}, "properties": {"speed": 21.011978149414062, "congestion": 4.050537109375}}, {"type": "Feature", "geometry": {"type": "LineString", "coordinates": [[106.6959446, 10.7918334], [106.6959923, 10.7926949]]}, "properties": {"speed": 24.34227752685547, "congestion": 4.336896896362305}}, {"type": "Feature", "geometry": {"type": "LineString", "coordinates": [[106.6959923, 10.7926949], [106.6958961, 10.7926816]]}, "properties": {"speed": 24.3693904876709, "congestion": 4.628479480743408}}, {"type": "Feature", "geometry": {"type": "LineString", "coordinates": [[106.6959923, 10.7926949], [106.6961704, 10.7954679]]}, "properties": {"speed": 26.743974685668945, "congestion": 4.370659828186035}}, {"type": "Feature", "geometry": {"type": "LineString", "coordinates": [[106.6959923, 10.7926949], [106.6961006, 10.792697]]}, "properties": {"speed": 25.9586181640625, "congestion": 4.364850997924805}}, {"type": "Feature", "geometry": {"type": "LineString", "coordinates": [[106.697112, 10.7907304], [106.6968713, 10.7909428]]}, "properties": {"speed": 21.355382919311523, "congestion": 3.8848440647125244}}, {"type": "Feature", "geometry": {"type": "LineString", "coordinates": [[106.6968713, 10.7909428], [106.6966416, 10.7911563]]}, "properties": {"speed": 22.207815170288086, "congestion": 3.865846872329712}}, {"type": "Feature", "geometry": {"type": "LineString", "coordinates": [[106.6766725, 10.7617896], [106.676557, 10.7617379]]}, "properties": {"speed": 24.75972557067871, "congestion": 4.433060646057129}}, {"type": "Feature", "geometry": {"type": "LineString", "coordinates": [[106.6766725, 10.7617896], [106.6764902, 10.7622427]]}, "properties": {"speed": 19.91944694519043, "congestion": 5.732699871063232}}, {"type": "Feature", "geometry": {"type": "LineString", "coordinates": [[106.676557, 10.7617379], [106.6766725, 10.7617896]]}, "properties": {"speed": 29.67257308959961, "congestion": 4.0261664390563965}}, {"type": "Feature", "geometry": {"type": "LineString", "coordinates": [[106.676557, 10.7617379], [106.6770309, 10.7604314]]}, "properties": {"speed": 27.80885124206543, "congestion": 3.75722599029541}}, {"type": "Feature", "geometry": {"type": "LineString", "coordinates": [[106.6770309, 10.7604314], [106.6771345, 10.7605325]]}, "properties": {"speed": 23.15658187866211, "congestion": 4.454380989074707}}, {"type": "Feature", "geometry": {"type": "LineString", "coordinates": [[106.6763867, 10.76218], [106.6750463, 10.761275]]}, "properties": {"speed": 23.53003692626953, "congestion": 3.953681468963623}}, {"type": "Feature", "geometry": {"type": "LineString", "coordinates": [[106.6763867, 10.76218], [106.676557, 10.7617379]]}, "properties": {"speed": 27.461313247680664, "congestion": 3.6714582443237305}}, {"type": "Feature", "geometry": {"type": "LineString", "coordinates": [[106.6763867, 10.76218], [106.6764902, 10.7622427]]}, "properties": {"speed": 29.282888412475586, "congestion": 3.9772558212280273}}, {"type": "Feature", "geometry": {"type": "LineString", "coordinates": [[106.68605, 10.7700989], [106.6861222, 10.7700336]]}, "properties": {"speed": 20.987672805786133, "congestion": 4.737112522125244}}, {"type": "Feature", "geometry": {"type": "LineString", "coordinates": [[106.68605, 10.7700989], [106.6844897, 10.7684734]]}, "properties": {"speed": 20.911283493041992, "congestion": 4.656630516052246}}, {"type": "Feature", "geometry": {"type": "LineString", "coordinates": [[106.6897713, 10.7739193], [106.6906105, 10.7747898]]}, "properties": {"speed": 19.621183395385742, "congestion": 5.708780288696289}}, {"type": "Feature", "geometry": {"type": "LineString", "coordinates": [[106.7061973, 10.7825132], [106.7060567, 10.7826396]]}, "properties": {"speed": 29.39972686767578, "congestion": 4.0770673751831055}}, {"type": "Feature", "geometry": {"type": "LineString", "coordinates": [[106.7061973, 10.7825132], [106.7063642, 10.7820352]]}, "properties": {"speed": 37.44296646118164, "congestion": 3.6598520278930664}}, {"type": "Feature", "geometry": {"type": "LineString", "coordinates": [[106.7064213, 10.7823493], [106.7061973, 10.7825132]]}, "properties": {"speed": 36.12330627441406, "congestion": 4.1791887283325195}}, {"type": "Feature", "geometry": {"type": "LineString", "coordinates": [[106.7064213, 10.7823493], [106.7078854, 10.7842541]]}, "properties": {"speed": 25.138885498046875, "congestion": 4.483112335205078}}, {"type": "Feature", "geometry": {"type": "LineString", "coordinates": [[106.7080454, 10.793381], [106.707995, 10.7934287]]}, "properties": {"speed": 29.256858825683594, "congestion": 3.976961851119995}}, {"type": "Feature", "geometry": {"type": "LineString", "coordinates": [[106.7080454, 10.793381], [106.7092558, 10.7946567]]}, "properties": {"speed": 28.825721740722656, "congestion": 3.9755144119262695}}, {"type": "Feature", "geometry": {"type": "LineString", "coordinates": [[106.7105563, 10.7969974], [106.7106277, 10.7969808]]}, "properties": {"speed": 29.96944236755371, "congestion": 3.5728678703308105}}, {"type": "Feature", "geometry": {"type": "LineString", "coordinates": [[106.7105563, 10.7969974], [106.7098494, 10.7953859]]}, "properties": {"speed": 27.11035919189453, "congestion": 3.776808023452759}}, {"type": "Feature", "geometry": {"type": "LineString", "coordinates": [[106.7081312, 10.7847647], [106.7079426, 10.7845334]]}, "properties": {"speed": 36.794593811035156, "congestion": 3.9494006633758545}}, {"type": "Feature", "geometry": {"type": "LineString", "coordinates": [[106.6874835, 10.7865765], [106.6852701, 10.7886239]]}, "properties": {"speed": 25.934650421142578, "congestion": 4.879624366760254}}, {"type": "Feature", "geometry": {"type": "LineString", "coordinates": [[106.6877914, 10.7865895], [106.6876762, 10.786401]]}, "properties": {"speed": 14.22256851196289, "congestion": 11.03744888305664}}, {"type": "Feature", "geometry": {"type": "LineString", "coordinates": [[106.6877914, 10.7865895], [106.6874835, 10.7865765]]}, "properties": {"speed": 22.053504943847656, "congestion": 5.028652191162109}}, {"type": "Feature", "geometry": {"type": "LineString", "coordinates": [[106.6801643, 10.7994776], [106.6800192, 10.7998774]]}, "properties": {"speed": 24.716960906982422, "congestion": 4.436330318450928}}, {"type": "Feature", "geometry": {"type": "LineString", "coordinates": [[106.6854309, 10.7882958], [106.6872584, 10.7865731]]}, "properties": {"speed": 23.21267318725586, "congestion": 5.517409801483154}}, {"type": "Feature", "geometry": {"type": "LineString", "coordinates": [[106.6851269, 10.7882722], [106.6852127, 10.7884963]]}, "properties": {"speed": 20.988107681274414, "congestion": 4.64529275894165}}, {"type": "Feature", "geometry": {"type": "LineString", "coordinates": [[106.6961325, 10.7966448], [106.6962541, 10.7966411]]}, "properties": {"speed": 27.788429260253906, "congestion": 3.983431577682495}}, {"type": "Feature", "geometry": {"type": "LineString", "coordinates": [[106.6961325, 10.7966448], [106.6960729, 10.7956935]]}, "properties": {"speed": 27.224653244018555, "congestion": 4.266509056091309}}, {"type": "Feature", "geometry": {"type": "LineString", "coordinates": [[106.6778884, 10.7936761], [106.6779176, 10.7932746]]}, "properties": {"speed": 22.58687400817871, "congestion": 4.892230033874512}}, {"type": "Feature", "geometry": {"type": "LineString", "coordinates": [[106.6778884, 10.7936761], [106.6778803, 10.79379]]}, "properties": {"speed": 22.368473052978516, "congestion": 5.134301662445068}}, {"type": "Feature", "geometry": {"type": "LineString", "coordinates": [[106.6778884, 10.7936761], [106.6775665, 10.793743]]}, "properties": {"speed": 22.73113250732422, "congestion": 4.948479652404785}}, {"type": "Feature", "geometry": {"type": "LineString", "coordinates": [[106.6780728, 10.7908837], [106.6781355, 10.7899765]]}, "properties": {"speed": 23.48918914794922, "congestion": 4.380870819091797}}, {"type": "Feature", "geometry": {"type": "LineString", "coordinates": [[106.6780728, 10.7908837], [106.6779981, 10.792161]]}, "properties": {"speed": 23.17736053466797, "congestion": 4.451517105102539}}, {"type": "Feature", "geometry": {"type": "LineString", "coordinates": [[106.6780728, 10.7908837], [106.6778825, 10.7908617]]}, "properties": {"speed": 23.37192726135254, "congestion": 4.409605026245117}}, {"type": "Feature", "geometry": {"type": "LineString", "coordinates": [[106.6785653, 10.7937454], [106.6799899, 10.7929032]]}, "properties": {"speed": 21.828908920288086, "congestion": 6.23585319519043}}, {"type": "Feature", "geometry": {"type": "LineString", "coordinates": [[106.6803753, 10.7926732], [106.6812338, 10.7921656]]}, "properties": {"speed": 32.88420104980469, "congestion": 3.3318612575531006}}, {"type": "Feature", "geometry": {"type": "LineString", "coordinates": [[106.6766514, 10.7935485], [106.6770439, 10.7946532]]}, "properties": {"speed": 25.072214126586914, "congestion": 3.715266704559326}}, {"type": "Feature", "geometry": {"type": "LineString", "coordinates": [[106.6775713, 10.7921048], [106.6779981, 10.792161]]}, "properties": {"speed": 14.89687728881836, "congestion": 7.759771347045898}}, {"type": "Feature", "geometry": {"type": "LineString", "coordinates": [[106.6775713, 10.7921048], [106.6764767, 10.7916392]]}, "properties": {"speed": 19.430461883544922, "congestion": 6.700336456298828}}, {"type": "Feature", "geometry": {"type": "LineString", "coordinates": [[106.6772859, 10.7925767], [106.6774962, 10.7924552]]}, "properties": {"speed": 19.430461883544922, "congestion": 6.700336456298828}}, {"type": "Feature", "geometry": {"type": "LineString", "coordinates": [[106.6772859, 10.7925767], [106.6769988, 10.7926847]]}, "properties": {"speed": 17.0802059173584, "congestion": 6.828435897827148}}, {"type": "Feature", "geometry": {"type": "LineString", "coordinates": [[106.6774962, 10.7924552], [106.6772859, 10.7925767]]}, "properties": {"speed": 17.0802059173584, "congestion": 6.828435897827148}}, {"type": "Feature", "geometry": {"type": "LineString", "coordinates": [[106.6769988, 10.7926847], [106.6769285, 10.7927065]]}, "properties": {"speed": 17.0802059173584, "congestion": 6.828435897827148}}, {"type": "Feature", "geometry": {"type": "LineString", "coordinates": [[106.6769988, 10.7926847], [106.6772859, 10.7925767]]}, "properties": {"speed": 19.430461883544922, "congestion": 6.700336456298828}}, {"type": "Feature", "geometry": {"type": "LineString", "coordinates": [[106.6845327, 10.768303], [106.6846248, 10.7684034]]}, "properties": {"speed": 24.681251525878906, "congestion": 4.411279678344727}}, {"type": "Feature", "geometry": {"type": "LineString", "coordinates": [[106.6845327, 10.768303], [106.6849221, 10.7681926]]}, "properties": {"speed": 24.567100524902344, "congestion": 4.012686729431152}}, {"type": "Feature", "geometry": {"type": "LineString", "coordinates": [[106.6843913, 10.7683769], [106.6845327, 10.768303]]}, "properties": {"speed": 17.403648376464844, "congestion": 5.296173572540283}}, {"type": "Feature", "geometry": {"type": "LineString", "coordinates": [[106.6843913, 10.7683769], [106.6842645, 10.768253]]}, "properties": {"speed": 22.176651000976562, "congestion": 4.015726566314697}}, {"type": "Feature", "geometry": {"type": "LineString", "coordinates": [[106.6822704, 10.7640747], [106.6822104, 10.7642283]]}, "properties": {"speed": 24.470829010009766, "congestion": 4.347285270690918}}, {"type": "Feature", "geometry": {"type": "LineString", "coordinates": [[106.682127, 10.7640265], [106.6823443, 10.7634745]]}, "properties": {"speed": 30.105560302734375, "congestion": 3.9565060138702393}}, {"type": "Feature", "geometry": {"type": "LineString", "coordinates": [[106.6844481, 10.7938447], [106.6839405, 10.7942511]]}, "properties": {"speed": 32.83637619018555, "congestion": 3.6688663959503174}}, {"type": "Feature", "geometry": {"type": "LineString", "coordinates": [[106.6844481, 10.7938447], [106.6846195, 10.7937096]]}, "properties": {"speed": 32.97496032714844, "congestion": 3.5600085258483887}}, {"type": "Feature", "geometry": {"type": "LineString", "coordinates": [[106.6844481, 10.7938447], [106.6838772, 10.7934622]]}, "properties": {"speed": 32.05156326293945, "congestion": 3.758800983428955}}, {"type": "Feature", "geometry": {"type": "LineString", "coordinates": [[106.6790788, 10.7935662], [106.6784523, 10.7939448]]}, "properties": {"speed": 22.00182342529297, "congestion": 6.296663284301758}}, {"type": "Feature", "geometry": {"type": "LineString", "coordinates": [[106.6800635, 10.797442], [106.6802826, 10.7971878]]}, "properties": {"speed": 20.000782012939453, "congestion": 6.983191967010498}}, {"type": "Feature", "geometry": {"type": "LineString", "coordinates": [[106.6800635, 10.797442], [106.6801932, 10.7975424]]}, "properties": {"speed": 21.98680305480957, "congestion": 7.5625762939453125}}, {"type": "Feature", "geometry": {"type": "LineString", "coordinates": [[106.6857109, 10.7677599], [106.6861995, 10.7675455]]}, "properties": {"speed": 20.62890625, "congestion": 5.361200332641602}}, {"type": "Feature", "geometry": {"type": "LineString", "coordinates": [[106.6856693, 10.7678492], [106.6855017, 10.7679292]]}, "properties": {"speed": 21.154918670654297, "congestion": 5.760143756866455}}, {"type": "Feature", "geometry": {"type": "LineString", "coordinates": [[106.6856693, 10.7678492], [106.6857109, 10.7677599]]}, "properties": {"speed": 21.646392822265625, "congestion": 5.149447441101074}}, {"type": "Feature", "geometry": {"type": "LineString", "coordinates": [[106.6893291, 10.7683891], [106.6889456, 10.7680353]]}, "properties": {"speed": 21.85832977294922, "congestion": 3.63232159614563}}, {"type": "Feature", "geometry": {"type": "LineString", "coordinates": [[106.6893291, 10.7683891], [106.6896812, 10.7687369]]}, "properties": {"speed": 22.80980682373047, "congestion": 4.658299446105957}}, {"type": "Feature", "geometry": {"type": "LineString", "coordinates": [[106.6875178, 10.7688726], [106.6889456, 10.7680353]]}, "properties": {"speed": 22.618450164794922, "congestion": 4.239750385284424}}, {"type": "Feature", "geometry": {"type": "LineString", "coordinates": [[106.6875178, 10.7688726], [106.6874113, 10.7687685]]}, "properties": {"speed": 22.49896812438965, "congestion": 4.306606292724609}}, {"type": "Feature", "geometry": {"type": "LineString", "coordinates": [[106.6875178, 10.7688726], [106.6885977, 10.7699916]]}, "properties": {"speed": 23.064571380615234, "congestion": 4.365626335144043}}, {"type": "Feature", "geometry": {"type": "LineString", "coordinates": [[106.7044364, 10.7709737], [106.7043435, 10.7711821]]}, "properties": {"speed": 30.62187385559082, "congestion": 3.7907443046569824}}, {"type": "Feature", "geometry": {"type": "LineString", "coordinates": [[106.7058247, 10.7753411], [106.7059333, 10.775332]]}, "properties": {"speed": 21.626394271850586, "congestion": 10.668532371520996}}, {"type": "Feature", "geometry": {"type": "LineString", "coordinates": [[106.7058247, 10.7753411], [106.7048401, 10.775427]]}, "properties": {"speed": 14.805562019348145, "congestion": 7.02022123336792}}, {"type": "Feature", "geometry": {"type": "LineString", "coordinates": [[106.7060029, 10.7757236], [106.7060822, 10.7756531]]}, "properties": {"speed": 21.756771087646484, "congestion": 4.394404888153076}}, {"type": "Feature", "geometry": {"type": "LineString", "coordinates": [[106.7060029, 10.7757236], [106.7055219, 10.7761461]]}, "properties": {"speed": 20.618228912353516, "congestion": 5.389223575592041}}, {"type": "Feature", "geometry": {"type": "LineString", "coordinates": [[106.7059388, 10.7749157], [106.7060302, 10.774986]]}, "properties": {"speed": 21.332304000854492, "congestion": 4.6979522705078125}}, {"type": "Feature", "geometry": {"type": "LineString", "coordinates": [[106.701441, 10.7710322], [106.701082, 10.7711389]]}, "properties": {"speed": 35.81684494018555, "congestion": 4.801000595092773}}, {"type": "Feature", "geometry": {"type": "LineString", "coordinates": [[106.701441, 10.7710322], [106.7011208, 10.7710504]]}, "properties": {"speed": 18.00346565246582, "congestion": 4.265742778778076}}, {"type": "Feature", "geometry": {"type": "LineString", "coordinates": [[106.7011716, 10.7709314], [106.7012188, 10.770821]]}, "properties": {"speed": 24.369102478027344, "congestion": 3.5469424724578857}}, {"type": "Feature", "geometry": {"type": "LineString", "coordinates": [[106.7011716, 10.7709314], [106.7025205, 10.7708498]]}, "properties": {"speed": 19.419963836669922, "congestion": 4.528285026550293}}, {"type": "Feature", "geometry": {"type": "LineString", "coordinates": [[106.6973759, 10.7614666], [106.6975465, 10.7616837]]}, "properties": {"speed": 33.01426696777344, "congestion": 3.638218879699707}}, {"type": "Feature", "geometry": {"type": "LineString", "coordinates": [[106.6970744, 10.7610839], [106.6972114, 10.7612608]]}, "properties": {"speed": 31.986968994140625, "congestion": 3.755763053894043}}, {"type": "Feature", "geometry": {"type": "LineString", "coordinates": [[106.6970744, 10.7610839], [106.6973657, 10.7611218]]}, "properties": {"speed": 33.29686737060547, "congestion": 3.5768449306488037}}, {"type": "Feature", "geometry": {"type": "LineString", "coordinates": [[106.700959, 10.7645742], [106.7010118, 10.7645102]]}, "properties": {"speed": 33.487613677978516, "congestion": 3.6652441024780273}}, {"type": "Feature", "geometry": {"type": "LineString", "coordinates": [[106.700959, 10.7645742], [106.6999169, 10.7639605]]}, "properties": {"speed": 38.03736114501953, "congestion": 3.081955671310425}}, {"type": "Feature", "geometry": {"type": "LineString", "coordinates": [[106.7012146, 10.764668], [106.7015079, 10.764934]]}, "properties": {"speed": 32.00400161743164, "congestion": 3.5104990005493164}}, {"type": "Feature", "geometry": {"type": "LineString", "coordinates": [[106.7011736, 10.7643986], [106.7012146, 10.764668]]}, "properties": {"speed": 29.754913330078125, "congestion": 3.2406063079833984}}, {"type": "Feature", "geometry": {"type": "LineString", "coordinates": [[106.7011736, 10.7643986], [106.7010551, 10.7645433]]}, "properties": {"speed": 35.278472900390625, "congestion": 3.852926015853882}}, {"type": "Feature", "geometry": {"type": "LineString", "coordinates": [[106.7011609, 10.7643397], [106.7013136, 10.7641915]]}, "properties": {"speed": 36.37578201293945, "congestion": 3.2088205814361572}}, {"type": "Feature", "geometry": {"type": "LineString", "coordinates": [[106.7008521, 10.7644024], [106.7010118, 10.7645102]]}, "properties": {"speed": 33.267791748046875, "congestion": 3.8459532260894775}}, {"type": "Feature", "geometry": {"type": "LineString", "coordinates": [[106.7008521, 10.7644024], [106.7011609, 10.7643397]]}, "properties": {"speed": 34.442481994628906, "congestion": 3.451484203338623}}, {"type": "Feature", "geometry": {"type": "LineString", "coordinates": [[106.7010551, 10.7645433], [106.7010054, 10.7646063]]}, "properties": {"speed": 36.62632751464844, "congestion": 3.4552102088928223}}, {"type": "Feature", "geometry": {"type": "LineString", "coordinates": [[106.7010551, 10.7645433], [106.7012146, 10.764668]]}, "properties": {"speed": 32.14077377319336, "congestion": 3.6791772842407227}}, {"type": "Feature", "geometry": {"type": "LineString", "coordinates": [[106.7072453, 10.7651171], [106.7072256, 10.7651618]]}, "properties": {"speed": 22.698774337768555, "congestion": 5.702627182006836}}, {"type": "Feature", "geometry": {"type": "LineString", "coordinates": [[106.6981123, 10.7641896], [106.6978358, 10.7641724]]}, "properties": {"speed": 29.53980827331543, "congestion": 3.4488542079925537}}, {"type": "Feature", "geometry": {"type": "LineString", "coordinates": [[106.6981123, 10.7641896], [106.6979537, 10.7640569]]}, "properties": {"speed": 26.5167293548584, "congestion": 9.179678916931152}}, {"type": "Feature", "geometry": {"type": "LineString", "coordinates": [[106.6892652, 10.7609702], [106.6893286, 10.7609194]]}, "properties": {"speed": 26.182348251342773, "congestion": 4.380238056182861}}, {"type": "Feature", "geometry": {"type": "LineString", "coordinates": [[106.6892652, 10.7609702], [106.6891913, 10.7610293]]}, "properties": {"speed": 28.73607635498047, "congestion": 3.9599952697753906}}, {"type": "Feature", "geometry": {"type": "LineString", "coordinates": [[106.6892652, 10.7609702], [106.689793, 10.7615823]]}, "properties": {"speed": 24.984939575195312, "congestion": 4.770676136016846}}, {"type": "Feature", "geometry": {"type": "LineString", "coordinates": [[106.6788342, 10.7665562], [106.6789115, 10.766669]]}, "properties": {"speed": 28.09583282470703, "congestion": 3.416761636734009}}, {"type": "Feature", "geometry": {"type": "LineString", "coordinates": [[106.6788342, 10.7665562], [106.6787221, 10.7664056]]}, "properties": {"speed": 15.351390838623047, "congestion": 6.691279888153076}}, {"type": "Feature", "geometry": {"type": "LineString", "coordinates": [[106.6787847, 10.7663838], [106.6787221, 10.7664056]]}, "properties": {"speed": 25.44975471496582, "congestion": 4.488858699798584}}, {"type": "Feature", "geometry": {"type": "LineString", "coordinates": [[106.6787847, 10.7663838], [106.6788342, 10.7665562]]}, "properties": {"speed": 28.09583282470703, "congestion": 3.416761636734009}}, {"type": "Feature", "geometry": {"type": "LineString", "coordinates": [[106.6787522, 10.7663034], [106.6787847, 10.7663838]]}, "properties": {"speed": 28.09583282470703, "congestion": 3.416761636734009}}, {"type": "Feature", "geometry": {"type": "LineString", "coordinates": [[106.6787522, 10.7663034], [106.6809838, 10.7656241]]}, "properties": {"speed": 30.522342681884766, "congestion": 3.5321602821350098}}, {"type": "Feature", "geometry": {"type": "LineString", "coordinates": [[106.7037997, 10.7633835], [106.7038394, 10.763416]]}, "properties": {"speed": 29.76270866394043, "congestion": 3.6279704570770264}}, {"type": "Feature", "geometry": {"type": "LineString", "coordinates": [[106.7037793, 10.763368], [106.7037997, 10.7633835]]}, "properties": {"speed": 27.938722610473633, "congestion": 3.9084129333496094}}, {"type": "Feature", "geometry": {"type": "LineString", "coordinates": [[106.7000937, 10.7618289], [106.7005625, 10.7621829]]}, "properties": {"speed": 29.0, "congestion": 3.725208282470703}}, {"type": "Feature", "geometry": {"type": "LineString", "coordinates": [[106.6988769, 10.7630661], [106.6987318, 10.7632003]]}, "properties": {"speed": 33.39027404785156, "congestion": 3.1873199939727783}}, {"type": "Feature", "geometry": {"type": "LineString", "coordinates": [[106.6988769, 10.7630661], [106.6987271, 10.76292]]}, "properties": {"speed": 34.5753288269043, "congestion": 3.269685983657837}}, {"type": "Feature", "geometry": {"type": "LineString", "coordinates": [[106.6987271, 10.76292], [106.699983, 10.7615952]]}, "properties": {"speed": 33.59791946411133, "congestion": 3.3606812953948975}}, {"type": "Feature", "geometry": {"type": "LineString", "coordinates": [[106.6950331, 10.767701], [106.69499, 10.7677318]]}, "properties": {"speed": 26.874305725097656, "congestion": 3.6924562454223633}}, {"type": "Feature", "geometry": {"type": "LineString", "coordinates": [[106.6950331, 10.767701], [106.6946178, 10.7672258]]}, "properties": {"speed": 24.106447219848633, "congestion": 4.631495952606201}}, {"type": "Feature", "geometry": {"type": "LineString", "coordinates": [[106.6953143, 10.7682718], [106.6947303, 10.7692382]]}, "properties": {"speed": 16.170400619506836, "congestion": 5.372213363647461}}, {"type": "Feature", "geometry": {"type": "LineString", "coordinates": [[106.6852315, 10.7957536], [106.6860129, 10.7963035]]}, "properties": {"speed": 25.131248474121094, "congestion": 3.300701141357422}}, {"type": "Feature", "geometry": {"type": "LineString", "coordinates": [[106.6852315, 10.7957536], [106.6851753, 10.7957426]]}, "properties": {"speed": 36.447044372558594, "congestion": 3.5345308780670166}}, {"type": "Feature", "geometry": {"type": "LineString", "coordinates": [[106.7081198, 10.7629362], [106.7083242, 10.7625179]]}, "properties": {"speed": 18.49285125732422, "congestion": 6.7078094482421875}}, {"type": "Feature", "geometry": {"type": "LineString", "coordinates": [[106.7058912, 10.7681129], [106.7057529, 10.76843]]}, "properties": {"speed": 29.385284423828125, "congestion": 3.63960599899292}}, {"type": "Feature", "geometry": {"type": "LineString", "coordinates": [[106.7058912, 10.7681129], [106.7059195, 10.7680569]]}, "properties": {"speed": 29.22299575805664, "congestion": 3.938055992126465}}, {"type": "Feature", "geometry": {"type": "LineString", "coordinates": [[106.6998594, 10.7673258], [106.7007414, 10.7680964]]}, "properties": {"speed": 21.409027099609375, "congestion": 4.679852485656738}}, {"type": "Feature", "geometry": {"type": "LineString", "coordinates": [[106.6998594, 10.7673258], [106.6997734, 10.7672511]]}, "properties": {"speed": 21.610641479492188, "congestion": 5.328463554382324}}, {"type": "Feature", "geometry": {"type": "LineString", "coordinates": [[106.6996863, 10.7671715], [106.6994133, 10.7669467]]}, "properties": {"speed": 25.896007537841797, "congestion": 3.678518533706665}}, {"type": "Feature", "geometry": {"type": "LineString", "coordinates": [[106.6996863, 10.7671715], [106.6997734, 10.7672511]]}, "properties": {"speed": 33.40718460083008, "congestion": 3.507967948913574}}, {"type": "Feature", "geometry": {"type": "LineString", "coordinates": [[106.6996863, 10.7671715], [106.7004283, 10.7661923]]}, "properties": {"speed": 27.151222229003906, "congestion": 3.635497570037842}}, {"type": "Feature", "geometry": {"type": "LineString", "coordinates": [[106.6895706, 10.7734711], [106.690179, 10.7731521]]}, "properties": {"speed": 23.080036163330078, "congestion": 4.65662145614624}}, {"type": "Feature", "geometry": {"type": "LineString", "coordinates": [[106.6892687, 10.773391], [106.6894436, 10.7735377]]}, "properties": {"speed": 20.212589263916016, "congestion": 5.906260013580322}}, {"type": "Feature", "geometry": {"type": "LineString", "coordinates": [[106.6892687, 10.773391], [106.6895706, 10.7734711]]}, "properties": {"speed": 21.0, "congestion": 4.650729179382324}}, {"type": "Feature", "geometry": {"type": "LineString", "coordinates": [[106.6891913, 10.7610293], [106.6892652, 10.7609702]]}, "properties": {"speed": 30.970306396484375, "congestion": 3.7560806274414062}}, {"type": "Feature", "geometry": {"type": "LineString", "coordinates": [[106.6891913, 10.7610293], [106.689141, 10.7610695]]}, "properties": {"speed": 31.529001235961914, "congestion": 3.5921740531921387}}, {"type": "Feature", "geometry": {"type": "LineString", "coordinates": [[106.6891913, 10.7610293], [106.6887966, 10.7605779]]}, "properties": {"speed": 30.970306396484375, "congestion": 3.7560806274414062}}, {"type": "Feature", "geometry": {"type": "LineString", "coordinates": [[106.6886896, 10.7603245], [106.6887631, 10.7602646]]}, "properties": {"speed": 32.62916946411133, "congestion": 3.6944198608398438}}, {"type": "Feature", "geometry": {"type": "LineString", "coordinates": [[106.6886896, 10.7603245], [106.6886235, 10.7603778]]}, "properties": {"speed": 32.5288200378418, "congestion": 3.7544631958007812}}, {"type": "Feature", "geometry": {"type": "LineString", "coordinates": [[106.6886896, 10.7603245], [106.6888631, 10.7605195]]}, "properties": {"speed": 32.6721305847168, "congestion": 3.621290445327759}}, {"type": "Feature", "geometry": {"type": "LineString", "coordinates": [[106.6886235, 10.7603778], [106.6886896, 10.7603245]]}, "properties": {"speed": 33.64495849609375, "congestion": 3.5960171222686768}}, {"type": "Feature", "geometry": {"type": "LineString", "coordinates": [[106.6886235, 10.7603778], [106.6885729, 10.7604197]]}, "properties": {"speed": 33.90782165527344, "congestion": 3.6704330444335938}}, {"type": "Feature", "geometry": {"type": "LineString", "coordinates": [[106.6886235, 10.7603778], [106.6884057, 10.7601374]]}, "properties": {"speed": 33.43784713745117, "congestion": 3.768096446990967}}, {"type": "Feature", "geometry": {"type": "LineString", "coordinates": [[106.6916851, 10.763718], [106.6916048, 10.7637855]]}, "properties": {"speed": 28.956857681274414, "congestion": 3.7428572177886963}}, {"type": "Feature", "geometry": {"type": "LineString", "coordinates": [[106.6916851, 10.763718], [106.6918672, 10.7639313]]}, "properties": {"speed": 26.283788681030273, "congestion": 5.1230058670043945}}, {"type": "Feature", "geometry": {"type": "LineString", "coordinates": [[106.696439, 10.7692748], [106.6964766, 10.7692038]]}, "properties": {"speed": 31.65225601196289, "congestion": 4.135039806365967}}, {"type": "Feature", "geometry": {"type": "LineString", "coordinates": [[106.696439, 10.7692748], [106.6961716, 10.7689751]]}, "properties": {"speed": 24.728479385375977, "congestion": 4.845500469207764}}, {"type": "Feature", "geometry": {"type": "LineString", "coordinates": [[106.6964047, 10.7693449], [106.696439, 10.7692748]]}, "properties": {"speed": 13.96579647064209, "congestion": 5.934040546417236}}, {"type": "Feature", "geometry": {"type": "LineString", "coordinates": [[106.6972415, 10.7675198], [106.6971334, 10.7677437]]}, "properties": {"speed": 22.732980728149414, "congestion": 3.982086181640625}}, {"type": "Feature", "geometry": {"type": "LineString", "coordinates": [[106.6972415, 10.7675198], [106.6974183, 10.7671388]]}, "properties": {"speed": 24.43697166442871, "congestion": 4.071166038513184}}, {"type": "Feature", "geometry": {"type": "LineString", "coordinates": [[106.6969333, 10.7676168], [106.6960346, 10.7670484]]}, "properties": {"speed": 16.940277099609375, "congestion": 7.959623336791992}}, {"type": "Feature", "geometry": {"type": "LineString", "coordinates": [[106.6969333, 10.7676168], [106.6971334, 10.7677437]]}, "properties": {"speed": 19.99860382080078, "congestion": 4.624386787414551}}, {"type": "Feature", "geometry": {"type": "LineString", "coordinates": [[106.6997627, 10.7650876], [106.6991352, 10.764818]]}, "properties": {"speed": 26.071535110473633, "congestion": 5.622353553771973}}, {"type": "Feature", "geometry": {"type": "LineString", "coordinates": [[106.6997627, 10.7650876], [106.6981028, 10.76404]]}, "properties": {"speed": 23.398956298828125, "congestion": 11.423606872558594}}, {"type": "Feature", "geometry": {"type": "LineString", "coordinates": [[106.7000379, 10.7654683], [106.7001553, 10.765327]]}, "properties": {"speed": 32.60272979736328, "congestion": 4.1938934326171875}}, {"type": "Feature", "geometry": {"type": "LineString", "coordinates": [[106.7000379, 10.7654683], [106.6992603, 10.7649795]]}, "properties": {"speed": 28.65251350402832, "congestion": 3.581864595413208}}, {"type": "Feature", "geometry": {"type": "LineString", "coordinates": [[106.7000379, 10.7654683], [106.699903, 10.7656315]]}, "properties": {"speed": 34.14635467529297, "congestion": 3.3001694679260254}}, {"type": "Feature", "geometry": {"type": "LineString", "coordinates": [[106.7003997, 10.7686444], [106.6999243, 10.7694201]]}, "properties": {"speed": 22.24536895751953, "congestion": 4.291685104370117}}, {"type": "Feature", "geometry": {"type": "LineString", "coordinates": [[106.7003997, 10.7686444], [106.7007414, 10.7680964]]}, "properties": {"speed": 22.606943130493164, "congestion": 4.459693431854248}}, {"type": "Feature", "geometry": {"type": "LineString", "coordinates": [[106.7003997, 10.7686444], [106.70062, 10.7688126]]}, "properties": {"speed": 23.16388702392578, "congestion": 4.483102321624756}}, {"type": "Feature", "geometry": {"type": "LineString", "coordinates": [[106.689141, 10.7610695], [106.6889661, 10.7608727]]}, "properties": {"speed": 31.65528106689453, "congestion": 3.5078768730163574}}, {"type": "Feature", "geometry": {"type": "LineString", "coordinates": [[106.689141, 10.7610695], [106.6891913, 10.7610293]]}, "properties": {"speed": 29.052255630493164, "congestion": 3.8129336833953857}}, {"type": "Feature", "geometry": {"type": "LineString", "coordinates": [[106.6884057, 10.7601374], [106.6883596, 10.7601747]]}, "properties": {"speed": 34.46272659301758, "congestion": 3.7908411026000977}}, {"type": "Feature", "geometry": {"type": "LineString", "coordinates": [[106.691159, 10.7632635], [106.6909138, 10.7629875]]}, "properties": {"speed": 26.952722549438477, "congestion": 4.564114570617676}}, {"type": "Feature", "geometry": {"type": "LineString", "coordinates": [[106.6913501, 10.7634895], [106.691159, 10.7632635]]}, "properties": {"speed": 28.474884033203125, "congestion": 3.997462272644043}}, {"type": "Feature", "geometry": {"type": "LineString", "coordinates": [[106.6905789, 10.7626044], [106.6901659, 10.7621351]]}, "properties": {"speed": 28.46481704711914, "congestion": 3.7465291023254395}}, {"type": "Feature", "geometry": {"type": "LineString", "coordinates": [[106.6901659, 10.7621351], [106.6897192, 10.7616266]]}, "properties": {"speed": 26.62065887451172, "congestion": 4.260926723480225}}, {"type": "Feature", "geometry": {"type": "LineString", "coordinates": [[106.6901659, 10.7621351], [106.6901131, 10.7621777]]}, "properties": {"speed": 25.97429656982422, "congestion": 4.133976459503174}}, {"type": "Feature", "geometry": {"type": "LineString", "coordinates": [[106.6930152, 10.7653922], [106.6928626, 10.7652176]]}, "properties": {"speed": 29.58472442626953, "congestion": 4.178105354309082}}, {"type": "Feature", "geometry": {"type": "LineString", "coordinates": [[106.6920345, 10.7642779], [106.6918496, 10.7640661]]}, "properties": {"speed": 27.80933380126953, "congestion": 5.068979740142822}}, {"type": "Feature", "geometry": {"type": "LineString", "coordinates": [[106.6920345, 10.7642779], [106.6919888, 10.7643204]]}, "properties": {"speed": 30.236122131347656, "congestion": 4.339248180389404}}, {"type": "Feature", "geometry": {"type": "LineString", "coordinates": [[106.69499, 10.7677318], [106.6950331, 10.767701]]}, "properties": {"speed": 20.395122528076172, "congestion": 5.780089855194092}}, {"type": "Feature", "geometry": {"type": "LineString", "coordinates": [[106.6945735, 10.7672585], [106.6946178, 10.7672258]]}, "properties": {"speed": 18.236116409301758, "congestion": 4.848780632019043}}, {"type": "Feature", "geometry": {"type": "LineString", "coordinates": [[106.6946178, 10.7672258], [106.6942946, 10.7668561]]}, "properties": {"speed": 22.48688507080078, "congestion": 4.966215133666992}}, {"type": "Feature", "geometry": {"type": "LineString", "coordinates": [[106.6946178, 10.7672258], [106.6945735, 10.7672585]]}, "properties": {"speed": 20.395122528076172, "congestion": 5.780089855194092}}, {"type": "Feature", "geometry": {"type": "LineString", "coordinates": [[106.6941145, 10.7666499], [106.693837, 10.7663324]]}, "properties": {"speed": 31.00827407836914, "congestion": 3.9899051189422607}}, {"type": "Feature", "geometry": {"type": "LineString", "coordinates": [[106.6932943, 10.7657115], [106.6931547, 10.7655518]]}, "properties": {"speed": 31.670249938964844, "congestion": 3.8450212478637695}}, {"type": "Feature", "geometry": {"type": "LineString", "coordinates": [[106.6931547, 10.7655518], [106.6930152, 10.7653922]]}, "properties": {"speed": 30.57858657836914, "congestion": 3.8424224853515625}}, {"type": "Feature", "geometry": {"type": "LineString", "coordinates": [[106.6961716, 10.7689751], [106.696118, 10.76902]]}, "properties": {"speed": 27.43321990966797, "congestion": 4.387320518493652}}, {"type": "Feature", "geometry": {"type": "LineString", "coordinates": [[106.6961716, 10.7689751], [106.6958309, 10.7685931]]}, "properties": {"speed": 27.588830947875977, "congestion": 4.229519367218018}}, {"type": "Feature", "geometry": {"type": "LineString", "coordinates": [[106.6958309, 10.7685931], [106.6957775, 10.7686342]]}, "properties": {"speed": 25.62248992919922, "congestion": 4.373219013214111}}, {"type": "Feature", "geometry": {"type": "LineString", "coordinates": [[106.6958309, 10.7685931], [106.6956334, 10.7683717]]}, "properties": {"speed": 24.226964950561523, "congestion": 5.120908260345459}}, {"type": "Feature", "geometry": {"type": "LineString", "coordinates": [[106.6956334, 10.7683717], [106.6954323, 10.7681446]]}, "properties": {"speed": 15.990971565246582, "congestion": 7.421889305114746}}, {"type": "Feature", "geometry": {"type": "LineString", "coordinates": [[106.6944283, 10.7702607], [106.6941984, 10.7701665]]}, "properties": {"speed": 20.20885467529297, "congestion": 7.362618446350098}}, {"type": "Feature", "geometry": {"type": "LineString", "coordinates": [[106.6879276, 10.763025], [106.687691, 10.762927]]}, "properties": {"speed": 28.45433235168457, "congestion": 4.6238322257995605}}, {"type": "Feature", "geometry": {"type": "LineString", "coordinates": [[106.6879276, 10.763025], [106.6902532, 10.7639911]]}, "properties": {"speed": 29.07335090637207, "congestion": 4.606228351593018}}, {"type": "Feature", "geometry": {"type": "LineString", "coordinates": [[106.6875445, 10.7628693], [106.687691, 10.762927]]}, "properties": {"speed": 23.028242111206055, "congestion": 3.6943130493164062}}, {"type": "Feature", "geometry": {"type": "LineString", "coordinates": [[106.6875445, 10.7628693], [106.6867683, 10.7625665]]}, "properties": {"speed": 22.394451141357422, "congestion": 4.235008716583252}}, {"type": "Feature", "geometry": {"type": "LineString", "coordinates": [[106.6885656, 10.7665846], [106.6901467, 10.7652725]]}, "properties": {"speed": 20.322969436645508, "congestion": 4.160778522491455}}, {"type": "Feature", "geometry": {"type": "LineString", "coordinates": [[106.6885656, 10.7665846], [106.6883633, 10.766677]]}, "properties": {"speed": 19.83340072631836, "congestion": 4.11949348449707}}, {"type": "Feature", "geometry": {"type": "LineString", "coordinates": [[106.6885656, 10.7665846], [106.6886314, 10.7668684]]}, "properties": {"speed": 22.3636417388916, "congestion": 4.1306610107421875}}, {"type": "Feature", "geometry": {"type": "LineString", "coordinates": [[106.6896812, 10.7687369], [106.6917072, 10.7702317]]}, "properties": {"speed": 21.280651092529297, "congestion": 4.987016677856445}}, {"type": "Feature", "geometry": {"type": "LineString", "coordinates": [[106.6896812, 10.7687369], [106.6899228, 10.7684433]]}, "properties": {"speed": 21.89629364013672, "congestion": 4.8362627029418945}}, {"type": "Feature", "geometry": {"type": "LineString", "coordinates": [[106.6896812, 10.7687369], [106.6893291, 10.7683891]]}, "properties": {"speed": 19.8485107421875, "congestion": 4.810534477233887}}, {"type": "Feature", "geometry": {"type": "LineString", "coordinates": [[106.6896812, 10.7687369], [106.6885977, 10.7699916]]}, "properties": {"speed": 19.52635955810547, "congestion": 4.960494518280029}}, {"type": "Feature", "geometry": {"type": "LineString", "coordinates": [[106.6940967, 10.7664676], [106.6941425, 10.7664238]]}, "properties": {"speed": 18.640277862548828, "congestion": 7.267414569854736}}, {"type": "Feature", "geometry": {"type": "LineString", "coordinates": [[106.6940967, 10.7664676], [106.6943395, 10.7667468]]}, "properties": {"speed": 23.698091506958008, "congestion": 5.218084335327148}}, {"type": "Feature", "geometry": {"type": "LineString", "coordinates": [[106.6809838, 10.7656241], [106.6810042, 10.7656968]]}, "properties": {"speed": 26.584896087646484, "congestion": 3.739659309387207}}, {"type": "Feature", "geometry": {"type": "LineString", "coordinates": [[106.6809838, 10.7656241], [106.681415, 10.7654865]]}, "properties": {"speed": 27.616914749145508, "congestion": 3.864213228225708}}, {"type": "Feature", "geometry": {"type": "LineString", "coordinates": [[106.6829771, 10.761901], [106.6832789, 10.7611518]]}, "properties": {"speed": 19.78871726989746, "congestion": 4.485210418701172}}, {"type": "Feature", "geometry": {"type": "LineString", "coordinates": [[106.6976556, 10.7637506], [106.6966019, 10.7623627]]}, "properties": {"speed": 34.1495475769043, "congestion": 3.7668888568878174}}, {"type": "Feature", "geometry": {"type": "LineString", "coordinates": [[106.697669, 10.7639582], [106.6977418, 10.7638659]]}, "properties": {"speed": 26.90755271911621, "congestion": 8.066978454589844}}, {"type": "Feature", "geometry": {"type": "LineString", "coordinates": [[106.678005, 10.773916], [106.681487, 10.77762]]}, "properties": {"speed": 23.533592224121094, "congestion": 4.8748860359191895}}, {"type": "Feature", "geometry": {"type": "LineString", "coordinates": [[106.6779937, 10.7736972], [106.6778543, 10.773822]]}, "properties": {"speed": 24.25286102294922, "congestion": 4.979337692260742}}, {"type": "Feature", "geometry": {"type": "LineString", "coordinates": [[106.6908518, 10.7723832], [106.6911167, 10.7726603]]}, "properties": {"speed": 16.209735870361328, "congestion": 3.7396490573883057}}, {"type": "Feature", "geometry": {"type": "LineString", "coordinates": [[106.6908518, 10.7723832], [106.6894263, 10.7708628]]}, "properties": {"speed": 15.126384735107422, "congestion": 4.986349105834961}}, {"type": "Feature", "geometry": {"type": "LineString", "coordinates": [[106.6982203, 10.7639188], [106.6989721, 10.764404]]}, "properties": {"speed": 31.461891174316406, "congestion": 6.010272026062012}}, {"type": "Feature", "geometry": {"type": "LineString", "coordinates": [[106.6981028, 10.76404], [106.6980282, 10.7639857]]}, "properties": {"speed": 27.968400955200195, "congestion": 4.317038536071777}}, {"type": "Feature", "geometry": {"type": "LineString", "coordinates": [[106.6831854, 10.7769816], [106.6827702, 10.7772057]]}, "properties": {"speed": 22.73211669921875, "congestion": 5.662443161010742}}, {"type": "Feature", "geometry": {"type": "LineString", "coordinates": [[106.6831854, 10.7769816], [106.6836573, 10.7766932]]}, "properties": {"speed": 14.547916412353516, "congestion": 7.807929992675781}}, {"type": "Feature", "geometry": {"type": "LineString", "coordinates": [[106.6777723, 10.7737711], [106.6778543, 10.773822]]}, "properties": {"speed": 22.855499267578125, "congestion": 4.684441089630127}}, {"type": "Feature", "geometry": {"type": "LineString", "coordinates": [[106.6777723, 10.7737711], [106.6781026, 10.7735473]]}, "properties": {"speed": 25.67806625366211, "congestion": 4.846634387969971}}, {"type": "Feature", "geometry": {"type": "LineString", "coordinates": [[106.6777029, 10.7738558], [106.6777723, 10.7737711]]}, "properties": {"speed": 26.526540756225586, "congestion": 4.634199619293213}}, {"type": "Feature", "geometry": {"type": "LineString", "coordinates": [[106.6775694, 10.7741705], [106.6774893, 10.7742866]]}, "properties": {"speed": 29.460649490356445, "congestion": 3.6814143657684326}}, {"type": "Feature", "geometry": {"type": "LineString", "coordinates": [[106.6775694, 10.7741705], [106.6777029, 10.7738558]]}, "properties": {"speed": 27.99256134033203, "congestion": 4.411320209503174}}, {"type": "Feature", "geometry": {"type": "LineString", "coordinates": [[106.6781026, 10.7735473], [106.679015, 10.7727361]]}, "properties": {"speed": 23.642724990844727, "congestion": 6.1227216720581055}}, {"type": "Feature", "geometry": {"type": "LineString", "coordinates": [[106.6781026, 10.7735473], [106.6779937, 10.7736972]]}, "properties": {"speed": 22.836503982543945, "congestion": 6.37519645690918}}, {"type": "Feature", "geometry": {"type": "LineString", "coordinates": [[106.7143342, 10.7773355], [106.7142378, 10.7773884]]}, "properties": {"speed": 42.61509704589844, "congestion": 3.2457082271575928}}, {"type": "Feature", "geometry": {"type": "LineString", "coordinates": [[106.7138139, 10.776221], [106.7142784, 10.7772382]]}, "properties": {"speed": 38.524131774902344, "congestion": 3.0571887493133545}}, {"type": "Feature", "geometry": {"type": "LineString", "coordinates": [[106.7138139, 10.776221], [106.7148481, 10.7758332]]}, "properties": {"speed": 37.860740661621094, "congestion": 3.2308924198150635}}, {"type": "Feature", "geometry": {"type": "LineString", "coordinates": [[106.7135069, 10.7750813], [106.7134069, 10.7751014]]}, "properties": {"speed": 44.35279846191406, "congestion": 2.8437633514404297}}, {"type": "Feature", "geometry": {"type": "LineString", "coordinates": [[106.7135069, 10.7750813], [106.7138139, 10.776221]]}, "properties": {"speed": 36.68210220336914, "congestion": 3.1521503925323486}}, {"type": "Feature", "geometry": {"type": "LineString", "coordinates": [[106.714089, 10.7773394], [106.7136183, 10.7762946]]}, "properties": {"speed": 42.32413101196289, "congestion": 3.317906141281128}}, {"type": "Feature", "geometry": {"type": "LineString", "coordinates": [[106.714089, 10.7773394], [106.7141836, 10.7772884]]}, "properties": {"speed": 41.99285888671875, "congestion": 3.120058536529541}}, {"type": "Feature", "geometry": {"type": "LineString", "coordinates": [[106.7136183, 10.7762946], [106.7137159, 10.7762573]]}, "properties": {"speed": 42.32413101196289, "congestion": 3.317906141281128}}, {"type": "Feature", "geometry": {"type": "LineString", "coordinates": [[106.7132954, 10.7751239], [106.7134069, 10.7751014]]}, "properties": {"speed": 33.79583740234375, "congestion": 2.9507055282592773}}, {"type": "Feature", "geometry": {"type": "LineString", "coordinates": [[106.7132954, 10.7751239], [106.7131865, 10.7751469]]}, "properties": {"speed": 39.60856628417969, "congestion": 2.9718737602233887}}, {"type": "Feature", "geometry": {"type": "LineString", "coordinates": [[106.7132954, 10.7751239], [106.7132667, 10.7749422]]}, "properties": {"speed": 44.35279846191406, "congestion": 2.8437633514404297}}, {"type": "Feature", "geometry": {"type": "LineString", "coordinates": [[106.7141434, 10.7774401], [106.714089, 10.7773394]]}, "properties": {"speed": 42.32413101196289, "congestion": 3.317906141281128}}, {"type": "Feature", "geometry": {"type": "LineString", "coordinates": [[106.7141434, 10.7774401], [106.7140554, 10.777489]]}, "properties": {"speed": 41.4774169921875, "congestion": 3.1473655700683594}}, {"type": "Feature", "geometry": {"type": "LineString", "coordinates": [[106.7092041, 10.7845723], [106.7085827, 10.7839413]]}, "properties": {"speed": 42.28211975097656, "congestion": 3.7639613151550293}}, {"type": "Feature", "geometry": {"type": "LineString", "coordinates": [[106.7095572, 10.7849483], [106.7092041, 10.7845723]]}, "properties": {"speed": 42.28211975097656, "congestion": 3.7639613151550293}}, {"type": "Feature", "geometry": {"type": "LineString", "coordinates": [[106.7100282, 10.7854498], [106.7098979, 10.7853111]]}, "properties": {"speed": 42.28211975097656, "congestion": 3.7639613151550293}}, {"type": "Feature", "geometry": {"type": "LineString", "coordinates": [[106.7098979, 10.7853111], [106.7095572, 10.7849483]]}, "properties": {"speed": 42.28211975097656, "congestion": 3.7639613151550293}}, {"type": "Feature", "geometry": {"type": "LineString", "coordinates": [[106.7103834, 10.7858279], [106.7100282, 10.7854498]]}, "properties": {"speed": 42.28211975097656, "congestion": 3.7639613151550293}}, {"type": "Feature", "geometry": {"type": "LineString", "coordinates": [[106.704967, 10.7871528], [106.7049108, 10.7872074]]}, "properties": {"speed": 27.790800094604492, "congestion": 4.132180690765381}}, {"type": "Feature", "geometry": {"type": "LineString", "coordinates": [[106.7012045, 10.7831604], [106.7017473, 10.7826605]]}, "properties": {"speed": 14.447221755981445, "congestion": 5.178142070770264}}, {"type": "Feature", "geometry": {"type": "LineString", "coordinates": [[106.7012045, 10.7831604], [106.7030685, 10.7851309]]}, "properties": {"speed": 16.773611068725586, "congestion": 7.563985824584961}}, {"type": "Feature", "geometry": {"type": "LineString", "coordinates": [[106.7012045, 10.7831604], [106.7011503, 10.7832096]]}, "properties": {"speed": 23.28194808959961, "congestion": 3.9911248683929443}}, {"type": "Feature", "geometry": {"type": "LineString", "coordinates": [[106.6973782, 10.7791384], [106.6968156, 10.7796409]]}, "properties": {"speed": 25.420486450195312, "congestion": 4.065578460693359}}, {"type": "Feature", "geometry": {"type": "LineString", "coordinates": [[106.6973782, 10.7791384], [106.6964878, 10.7781953]]}, "properties": {"speed": 26.19166374206543, "congestion": 3.8150100708007812}}, {"type": "Feature", "geometry": {"type": "LineString", "coordinates": [[106.6973782, 10.7791384], [106.698205, 10.7800142]]}, "properties": {"speed": 25.05528450012207, "congestion": 4.018543243408203}}, {"type": "Feature", "geometry": {"type": "LineString", "coordinates": [[106.6964878, 10.7781953], [106.6970183, 10.7777077]]}, "properties": {"speed": 20.529064178466797, "congestion": 5.556432723999023}}, {"type": "Feature", "geometry": {"type": "LineString", "coordinates": [[106.6964878, 10.7781953], [106.6973782, 10.7791384]]}, "properties": {"speed": 19.622703552246094, "congestion": 5.651247024536133}}, {"type": "Feature", "geometry": {"type": "LineString", "coordinates": [[106.7001223, 10.7820025], [106.7004492, 10.7823516]]}, "properties": {"speed": 23.030906677246094, "congestion": 6.264914035797119}}, {"type": "Feature", "geometry": {"type": "LineString", "coordinates": [[106.703163, 10.7852326], [106.7040512, 10.7861785]]}, "properties": {"speed": 24.81878089904785, "congestion": 4.209177017211914}}, {"type": "Feature", "geometry": {"type": "LineString", "coordinates": [[106.703163, 10.7852326], [106.7030967, 10.7852943]]}, "properties": {"speed": 24.383874893188477, "congestion": 4.810465335845947}}, {"type": "Feature", "geometry": {"type": "LineString", "coordinates": [[106.6999459, 10.7789593], [106.7001527, 10.7791894]]}, "properties": {"speed": 24.566844940185547, "congestion": 4.825706958770752}}, {"type": "Feature", "geometry": {"type": "LineString", "coordinates": [[106.6999459, 10.7789593], [106.7010349, 10.7779522]]}, "properties": {"speed": 21.646583557128906, "congestion": 4.723735332489014}}, {"type": "Feature", "geometry": {"type": "LineString", "coordinates": [[106.6999459, 10.7789593], [106.6997738, 10.7787668]]}, "properties": {"speed": 20.50995635986328, "congestion": 4.65423059463501}}, {"type": "Feature", "geometry": {"type": "LineString", "coordinates": [[106.6947151, 10.7641798], [106.6946318, 10.7647151]]}, "properties": {"speed": 27.241680145263672, "congestion": 3.740278482437134}}, {"type": "Feature", "geometry": {"type": "LineString", "coordinates": [[106.6819862, 10.7839817], [106.6810511, 10.7844065]]}, "properties": {"speed": 31.863197326660156, "congestion": 3.6264736652374268}}, {"type": "Feature", "geometry": {"type": "LineString", "coordinates": [[106.7073116, 10.792838], [106.7073842, 10.7927757]]}, "properties": {"speed": 26.664588928222656, "congestion": 4.5521111488342285}}, {"type": "Feature", "geometry": {"type": "LineString", "coordinates": [[106.7073116, 10.792838], [106.7072238, 10.7927454]]}, "properties": {"speed": 27.677085876464844, "congestion": 4.458110332489014}}, {"type": "Feature", "geometry": {"type": "LineString", "coordinates": [[106.7072238, 10.7927454], [106.7073116, 10.792838]]}, "properties": {"speed": 26.664588928222656, "congestion": 4.5521111488342285}}, {"type": "Feature", "geometry": {"type": "LineString", "coordinates": [[106.7072238, 10.7927454], [106.7067288, 10.7922157]]}, "properties": {"speed": 32.06024169921875, "congestion": 3.6330387592315674}}, {"type": "Feature", "geometry": {"type": "LineString", "coordinates": [[106.69589, 10.7731183], [106.697121, 10.7739958]]}, "properties": {"speed": 22.39305305480957, "congestion": 5.392514705657959}}, {"type": "Feature", "geometry": {"type": "LineString", "coordinates": [[106.69589, 10.7731183], [106.6953739, 10.7735499]]}, "properties": {"speed": 24.06875228881836, "congestion": 5.04930305480957}}, {"type": "Feature", "geometry": {"type": "LineString", "coordinates": [[106.7101451, 10.7867796], [106.710308, 10.7866341]]}, "properties": {"speed": 42.28211975097656, "congestion": 3.7639613151550293}}, {"type": "Feature", "geometry": {"type": "LineString", "coordinates": [[106.710308, 10.7866341], [106.7104276, 10.7865173]]}, "properties": {"speed": 42.28211975097656, "congestion": 3.7639613151550293}}, {"type": "Feature", "geometry": {"type": "LineString", "coordinates": [[106.7104276, 10.7865173], [106.7107626, 10.7862185]]}, "properties": {"speed": 42.28211975097656, "congestion": 3.7639613151550293}}, {"type": "Feature", "geometry": {"type": "LineString", "coordinates": [[106.676759, 10.7745885], [106.6772992, 10.774436]]}, "properties": {"speed": 28.623817443847656, "congestion": 4.178964614868164}}, {"type": "Feature", "geometry": {"type": "LineString", "coordinates": [[106.676759, 10.7745885], [106.6774916, 10.7750771]]}, "properties": {"speed": 29.13852310180664, "congestion": 4.041406631469727}}, {"type": "Feature", "geometry": {"type": "LineString", "coordinates": [[106.6984437, 10.7802601], [106.6985782, 10.7803158]]}, "properties": {"speed": 23.95185089111328, "congestion": 4.368237495422363}}, {"type": "Feature", "geometry": {"type": "LineString", "coordinates": [[106.6984437, 10.7802601], [106.6984256, 10.7799834]]}, "properties": {"speed": 25.440908432006836, "congestion": 4.527688503265381}}, {"type": "Feature", "geometry": {"type": "LineString", "coordinates": [[106.6984437, 10.7802601], [106.698205, 10.7800142]]}, "properties": {"speed": 28.327693939208984, "congestion": 3.92016863822937}}, {"type": "Feature", "geometry": {"type": "LineString", "coordinates": [[106.6985782, 10.7803158], [106.6985363, 10.7803536]]}, "properties": {"speed": 24.828758239746094, "congestion": 4.554507255554199}}, {"type": "Feature", "geometry": {"type": "LineString", "coordinates": [[106.6984619, 10.7803384], [106.6979302, 10.7808244]]}, "properties": {"speed": 23.044240951538086, "congestion": 4.256202697753906}}, {"type": "Feature", "geometry": {"type": "LineString", "coordinates": [[106.6984619, 10.7803384], [106.6984437, 10.7802601]]}, "properties": {"speed": 23.301250457763672, "congestion": 4.516711235046387}}, {"type": "Feature", "geometry": {"type": "LineString", "coordinates": [[106.6985363, 10.7803536], [106.6984619, 10.7803384]]}, "properties": {"speed": 18.766780853271484, "congestion": 5.595053672790527}}, {"type": "Feature", "geometry": {"type": "LineString", "coordinates": [[106.6985363, 10.7803536], [106.6985561, 10.7803752]]}, "properties": {"speed": 26.40104103088379, "congestion": 3.7453439235687256}}, {"type": "Feature", "geometry": {"type": "LineString", "coordinates": [[106.6902647, 10.8034703], [106.6896946, 10.8035429]]}, "properties": {"speed": 30.57803726196289, "congestion": 3.730681896209717}}, {"type": "Feature", "geometry": {"type": "LineString", "coordinates": [[106.6902647, 10.8034703], [106.690083, 10.8048479]]}, "properties": {"speed": 32.17082977294922, "congestion": 3.751682758331299}}, {"type": "Feature", "geometry": {"type": "LineString", "coordinates": [[106.6777004, 10.7879401], [106.6775347, 10.788032]]}, "properties": {"speed": 21.406248092651367, "congestion": 3.9077975749969482}}, {"type": "Feature", "geometry": {"type": "LineString", "coordinates": [[106.6777004, 10.7879401], [106.6779008, 10.7878291]]}, "properties": {"speed": 23.303476333618164, "congestion": 4.8373308181762695}}, {"type": "Feature", "geometry": {"type": "LineString", "coordinates": [[106.6795093, 10.7846817], [106.678463, 10.7845019]]}, "properties": {"speed": 20.71701431274414, "congestion": 4.2786383628845215}}, {"type": "Feature", "geometry": {"type": "LineString", "coordinates": [[106.6807552, 10.7855901], [106.6802611, 10.7847545]]}, "properties": {"speed": 29.19879150390625, "congestion": 3.628544807434082}}, {"type": "Feature", "geometry": {"type": "LineString", "coordinates": [[106.6807552, 10.7855901], [106.6805802, 10.7856905]]}, "properties": {"speed": 29.01692771911621, "congestion": 3.6166086196899414}}, {"type": "Feature", "geometry": {"type": "LineString", "coordinates": [[106.6807552, 10.7855901], [106.6809834, 10.7860654]]}, "properties": {"speed": 29.01692771911621, "congestion": 3.6166086196899414}}, {"type": "Feature", "geometry": {"type": "LineString", "coordinates": [[106.6756006, 10.7643438], [106.6756964, 10.7640542]]}, "properties": {"speed": 31.099679946899414, "congestion": 3.9394421577453613}}, {"type": "Feature", "geometry": {"type": "LineString", "coordinates": [[106.6756964, 10.7640542], [106.6763867, 10.76218]]}, "properties": {"speed": 31.29822540283203, "congestion": 4.004777908325195}}, {"type": "Feature", "geometry": {"type": "LineString", "coordinates": [[106.6756964, 10.7640542], [106.6754925, 10.763994]]}, "properties": {"speed": 31.713932037353516, "congestion": 3.9588029384613037}}, {"type": "Feature", "geometry": {"type": "LineString", "coordinates": [[106.6809851, 10.7893898], [106.6818297, 10.7877545]]}, "properties": {"speed": 32.58936309814453, "congestion": 3.279039144515991}}, {"type": "Feature", "geometry": {"type": "LineString", "coordinates": [[106.7113348, 10.7901825], [106.7110314, 10.7901854]]}, "properties": {"speed": 27.862503051757812, "congestion": 7.190324783325195}}, {"type": "Feature", "geometry": {"type": "LineString", "coordinates": [[106.7113348, 10.7901825], [106.7114814, 10.7899325]]}, "properties": {"speed": 31.912506103515625, "congestion": 4.426146984100342}}, {"type": "Feature", "geometry": {"type": "LineString", "coordinates": [[106.7114814, 10.7899325], [106.7113348, 10.7901825]]}, "properties": {"speed": 27.862503051757812, "congestion": 7.190324783325195}}, {"type": "Feature", "geometry": {"type": "LineString", "coordinates": [[106.7066497, 10.7759769], [106.7065554, 10.7758045]]}, "properties": {"speed": 30.110273361206055, "congestion": 4.024413108825684}}, {"type": "Feature", "geometry": {"type": "LineString", "coordinates": [[106.7066497, 10.7759769], [106.7062744, 10.7759006]]}, "properties": {"speed": 26.734025955200195, "congestion": 4.299642562866211}}, {"type": "Feature", "geometry": {"type": "LineString", "coordinates": [[106.6985715, 10.790598], [106.6982805, 10.7902947]]}, "properties": {"speed": 21.099985122680664, "congestion": 3.243389844894409}}, {"type": "Feature", "geometry": {"type": "LineString", "coordinates": [[106.6985715, 10.790598], [106.6991415, 10.7900834]]}, "properties": {"speed": 20.736228942871094, "congestion": 5.259836196899414}}, {"type": "Feature", "geometry": {"type": "LineString", "coordinates": [[106.6985715, 10.790598], [106.6981229, 10.791006]]}, "properties": {"speed": 18.699995040893555, "congestion": 5.359792709350586}}, {"type": "Feature", "geometry": {"type": "LineString", "coordinates": [[106.6943782, 10.792463], [106.6947299, 10.7922067]]}, "properties": {"speed": 27.633333206176758, "congestion": 3.966268301010132}}, {"type": "Feature", "geometry": {"type": "LineString", "coordinates": [[106.6943782, 10.792463], [106.6942307, 10.7924348]]}, "properties": {"speed": 29.041765213012695, "congestion": 3.5253102779388428}}, {"type": "Feature", "geometry": {"type": "LineString", "coordinates": [[106.6943782, 10.792463], [106.6954521, 10.7926132]]}, "properties": {"speed": 25.432096481323242, "congestion": 3.9176979064941406}}, {"type": "Feature", "geometry": {"type": "LineString", "coordinates": [[106.6947299, 10.7922067], [106.6943782, 10.792463]]}, "properties": {"speed": 28.486806869506836, "congestion": 4.355642318725586}}, {"type": "Feature", "geometry": {"type": "LineString", "coordinates": [[106.6942307, 10.7924348], [106.6943782, 10.792463]]}, "properties": {"speed": 24.835647583007812, "congestion": 3.829461097717285}}, {"type": "Feature", "geometry": {"type": "LineString", "coordinates": [[106.6942307, 10.7924348], [106.6940647, 10.792403]]}, "properties": {"speed": 28.64818000793457, "congestion": 3.704054117202759}}, {"type": "Feature", "geometry": {"type": "LineString", "coordinates": [[106.6940647, 10.792403], [106.6936951, 10.7923255]]}, "properties": {"speed": 27.74509620666504, "congestion": 3.914602518081665}}, {"type": "Feature", "geometry": {"type": "LineString", "coordinates": [[106.6940647, 10.792403], [106.6942307, 10.7924348]]}, "properties": {"speed": 24.834930419921875, "congestion": 3.914217233657837}}, {"type": "Feature", "geometry": {"type": "LineString", "coordinates": [[106.7046735, 10.7836471], [106.7049734, 10.7832972]]}, "properties": {"speed": 34.705810546875, "congestion": 3.8305015563964844}}, {"type": "Feature", "geometry": {"type": "LineString", "coordinates": [[106.7046735, 10.7836471], [106.7085053, 10.7804052]]}, "properties": {"speed": 38.873268127441406, "congestion": 3.5473742485046387}}, {"type": "Feature", "geometry": {"type": "LineString", "coordinates": [[106.7141836, 10.7772884], [106.7142378, 10.7773884]]}, "properties": {"speed": 41.283546447753906, "congestion": 3.0446691513061523}}, {"type": "Feature", "geometry": {"type": "LineString", "coordinates": [[106.7141836, 10.7772884], [106.7142784, 10.7772382]]}, "properties": {"speed": 43.654693603515625, "congestion": 3.42227840423584}}, {"type": "Feature", "geometry": {"type": "LineString", "coordinates": [[106.7047581, 10.7837416], [106.7039333, 10.7845033]]}, "properties": {"speed": 26.927085876464844, "congestion": 4.27398681640625}}, {"type": "Feature", "geometry": {"type": "LineString", "coordinates": [[106.7137159, 10.7762573], [106.7138139, 10.776221]]}, "properties": {"speed": 42.32413101196289, "congestion": 3.317906141281128}}, {"type": "Feature", "geometry": {"type": "LineString", "coordinates": [[106.7137159, 10.7762573], [106.7141836, 10.7772884]]}, "properties": {"speed": 33.79583740234375, "congestion": 2.9507055282592773}}, {"type": "Feature", "geometry": {"type": "LineString", "coordinates": [[106.7139993, 10.7773895], [106.714089, 10.7773394]]}, "properties": {"speed": 42.61273193359375, "congestion": 3.108166456222534}}, {"type": "Feature", "geometry": {"type": "LineString", "coordinates": [[106.7139993, 10.7773895], [106.7135168, 10.7763311]]}, "properties": {"speed": 39.044273376464844, "congestion": 2.971451997756958}}, {"type": "Feature", "geometry": {"type": "LineString", "coordinates": [[106.7140554, 10.777489], [106.7132402, 10.7779343]]}, "properties": {"speed": 41.4774169921875, "congestion": 3.1473655700683594}}, {"type": "Feature", "geometry": {"type": "LineString", "coordinates": [[106.7135168, 10.7763311], [106.7131865, 10.7751469]]}, "properties": {"speed": 39.044273376464844, "congestion": 2.971451997756958}}, {"type": "Feature", "geometry": {"type": "LineString", "coordinates": [[106.7131865, 10.7751469], [106.7132954, 10.7751239]]}, "properties": {"speed": 33.79583740234375, "congestion": 2.9507055282592773}}, {"type": "Feature", "geometry": {"type": "LineString", "coordinates": [[106.7131865, 10.7751469], [106.713165, 10.7749592]]}, "properties": {"speed": 39.351585388183594, "congestion": 2.9697139263153076}}, {"type": "Feature", "geometry": {"type": "LineString", "coordinates": [[106.7142784, 10.7772382], [106.7143342, 10.7773355]]}, "properties": {"speed": 40.424129486083984, "congestion": 3.1875479221343994}}, {"type": "Feature", "geometry": {"type": "LineString", "coordinates": [[106.700902, 10.7938919], [106.6998911, 10.7928672]]}, "properties": {"speed": 37.4937744140625, "congestion": 3.185919761657715}}, {"type": "Feature", "geometry": {"type": "LineString", "coordinates": [[106.6910192, 10.7705287], [106.69163, 10.7709517]]}, "properties": {"speed": 26.142011642456055, "congestion": 4.880012512207031}}, {"type": "Feature", "geometry": {"type": "LineString", "coordinates": [[106.69064, 10.8034222], [106.6902647, 10.8034703]]}, "properties": {"speed": 31.189823150634766, "congestion": 3.550532817840576}}, {"type": "Feature", "geometry": {"type": "LineString", "coordinates": [[106.69064, 10.8034222], [106.690699, 10.8040047]]}, "properties": {"speed": 31.250783920288086, "congestion": 3.4905195236206055}}, {"type": "Feature", "geometry": {"type": "LineString", "coordinates": [[106.6877833, 10.7829549], [106.6874203, 10.7833077]]}, "properties": {"speed": 23.90572738647461, "congestion": 4.01582670211792}}, {"type": "Feature", "geometry": {"type": "LineString", "coordinates": [[106.6874203, 10.7833077], [106.6868417, 10.7827237]]}, "properties": {"speed": 20.184377670288086, "congestion": 4.153691291809082}}, {"type": "Feature", "geometry": {"type": "LineString", "coordinates": [[106.6874203, 10.7833077], [106.6877833, 10.7829549]]}, "properties": {"speed": 21.51337432861328, "congestion": 3.9086217880249023}}, {"type": "Feature", "geometry": {"type": "LineString", "coordinates": [[106.6790451, 10.8028434], [106.6789874, 10.8032667]]}, "properties": {"speed": 27.107553482055664, "congestion": 4.435595512390137}}, {"type": "Feature", "geometry": {"type": "LineString", "coordinates": [[106.6790451, 10.8028434], [106.678522, 10.8027615]]}, "properties": {"speed": 31.84947967529297, "congestion": 3.5632405281066895}}, {"type": "Feature", "geometry": {"type": "LineString", "coordinates": [[106.713569, 10.7800445], [106.7126666, 10.7766452]]}, "properties": {"speed": 47.93541717529297, "congestion": 3.2131030559539795}}, {"type": "Feature", "geometry": {"type": "LineString", "coordinates": [[106.7142759, 10.7794333], [106.713569, 10.7800445]]}, "properties": {"speed": 47.93541717529297, "congestion": 3.2131030559539795}}, {"type": "Feature", "geometry": {"type": "LineString", "coordinates": [[106.7132402, 10.7779343], [106.7142759, 10.7794333]]}, "properties": {"speed": 49.6639289855957, "congestion": 3.152416229248047}}, {"type": "Feature", "geometry": {"type": "LineString", "coordinates": [[106.7132402, 10.7779343], [106.7085388, 10.7804644]]}, "properties": {"speed": 44.54060745239258, "congestion": 3.104092597961426}}, {"type": "Feature", "geometry": {"type": "LineString", "coordinates": [[106.6846802, 10.8019004], [106.6845465, 10.8032397]]}, "properties": {"speed": 19.559024810791016, "congestion": 5.73003625869751}}, {"type": "Feature", "geometry": {"type": "LineString", "coordinates": [[106.7145983, 10.7750125], [106.7148481, 10.7758332]]}, "properties": {"speed": 30.336456298828125, "congestion": 4.071264266967773}}, {"type": "Feature", "geometry": {"type": "LineString", "coordinates": [[106.7148481, 10.7758332], [106.7145983, 10.7750125]]}, "properties": {"speed": 35.788002014160156, "congestion": 3.1948859691619873}}, {"type": "Feature", "geometry": {"type": "LineString", "coordinates": [[106.7126666, 10.7766452], [106.7132012, 10.7778306]]}, "properties": {"speed": 47.93541717529297, "congestion": 3.2131030559539795}}, {"type": "Feature", "geometry": {"type": "LineString", "coordinates": [[106.7085388, 10.7804644], [106.7047581, 10.7837416]]}, "properties": {"speed": 47.894203186035156, "congestion": 3.153794050216675}}, {"type": "Feature", "geometry": {"type": "LineString", "coordinates": [[106.7085388, 10.7804644], [106.7063642, 10.7820352]]}, "properties": {"speed": 45.50693893432617, "congestion": 3.135159969329834}}, {"type": "Feature", "geometry": {"type": "LineString", "coordinates": [[106.706824, 10.8035325], [106.7072153, 10.8035059]]}, "properties": {"speed": 25.735506057739258, "congestion": 7.703338623046875}}, {"type": "Feature", "geometry": {"type": "LineString", "coordinates": [[106.6941527, 10.7915194], [106.6940434, 10.7909857]]}, "properties": {"speed": 24.252260208129883, "congestion": 5.390616416931152}}, {"type": "Feature", "geometry": {"type": "LineString", "coordinates": [[106.6940434, 10.7909857], [106.693844, 10.7911731]]}, "properties": {"speed": 24.252260208129883, "congestion": 5.390616416931152}}, {"type": "Feature", "geometry": {"type": "LineString", "coordinates": [[106.6940434, 10.7909857], [106.6941527, 10.7915194]]}, "properties": {"speed": 28.334716796875, "congestion": 4.505853176116943}}, {"type": "Feature", "geometry": {"type": "LineString", "coordinates": [[106.6894263, 10.7708628], [106.6895739, 10.7706637]]}, "properties": {"speed": 23.904052734375, "congestion": 6.022737503051758}}, {"type": "Feature", "geometry": {"type": "LineString", "coordinates": [[106.6894263, 10.7708628], [106.6890543, 10.770407]]}, "properties": {"speed": 23.904052734375, "congestion": 6.022737503051758}}, {"type": "Feature", "geometry": {"type": "LineString", "coordinates": [[106.6894263, 10.7708628], [106.6908518, 10.7723832]]}, "properties": {"speed": 23.68219757080078, "congestion": 5.978135108947754}}, {"type": "Feature", "geometry": {"type": "LineString", "coordinates": [[106.7015027, 10.7864767], [106.7008703, 10.7858296]]}, "properties": {"speed": 25.149566650390625, "congestion": 3.833078622817993}}, {"type": "Feature", "geometry": {"type": "LineString", "coordinates": [[106.7015027, 10.7864767], [106.7016608, 10.7865567]]}, "properties": {"speed": 19.814586639404297, "congestion": 6.182816028594971}}, {"type": "Feature", "geometry": {"type": "LineString", "coordinates": [[106.6905386, 10.7748572], [106.6906105, 10.7747898]]}, "properties": {"speed": 22.480131149291992, "congestion": 6.378089427947998}}, {"type": "Feature", "geometry": {"type": "LineString", "coordinates": [[106.6905386, 10.7748572], [106.6897543, 10.7740323]]}, "properties": {"speed": 21.981225967407227, "congestion": 6.413829326629639}}, {"type": "Feature", "geometry": {"type": "LineString", "coordinates": [[106.6809681, 10.7997704], [106.6820046, 10.7986922]]}, "properties": {"speed": 31.169761657714844, "congestion": 4.0124430656433105}}, {"type": "Feature", "geometry": {"type": "LineString", "coordinates": [[106.6809681, 10.7997704], [106.6830508, 10.8017299]]}, "properties": {"speed": 29.291635513305664, "congestion": 4.160528182983398}}, {"type": "Feature", "geometry": {"type": "LineString", "coordinates": [[106.7087722, 10.8009147], [106.7041611, 10.7973863]]}, "properties": {"speed": 42.836517333984375, "congestion": 3.113128900527954}}, {"type": "Feature", "geometry": {"type": "LineString", "coordinates": [[106.6928047, 10.7871699], [106.692851, 10.7872154]]}, "properties": {"speed": 17.07083511352539, "congestion": 6.2685627937316895}}, {"type": "Feature", "geometry": {"type": "LineString", "coordinates": [[106.6928047, 10.7871699], [106.6936817, 10.7864593]]}, "properties": {"speed": 15.301326751708984, "congestion": 6.916106224060059}}, {"type": "Feature", "geometry": {"type": "LineString", "coordinates": [[106.6755021, 10.7955754], [106.6762766, 10.7951149]]}, "properties": {"speed": 26.101049423217773, "congestion": 4.808938503265381}}, {"type": "Feature", "geometry": {"type": "LineString", "coordinates": [[106.675591, 10.7956478], [106.6750376, 10.7959666]]}, "properties": {"speed": 30.511802673339844, "congestion": 3.8141963481903076}}, {"type": "Feature", "geometry": {"type": "LineString", "coordinates": [[106.675591, 10.7956478], [106.6755021, 10.7955754]]}, "properties": {"speed": 19.943748474121094, "congestion": 5.005990982055664}}, {"type": "Feature", "geometry": {"type": "LineString", "coordinates": [[106.6888631, 10.7605195], [106.6892652, 10.7609702]]}, "properties": {"speed": 32.24800109863281, "congestion": 3.500030517578125}}, {"type": "Feature", "geometry": {"type": "LineString", "coordinates": [[106.6903499, 10.7622073], [106.6904205, 10.7621544]]}, "properties": {"speed": 29.484375, "congestion": 3.483860492706299}}, {"type": "Feature", "geometry": {"type": "LineString", "coordinates": [[106.6903499, 10.7622073], [106.6906585, 10.7625521]]}, "properties": {"speed": 27.39820098876953, "congestion": 3.7806994915008545}}, {"type": "Feature", "geometry": {"type": "LineString", "coordinates": [[106.6904205, 10.7621544], [106.6907218, 10.7624992]]}, "properties": {"speed": 37.18733215332031, "congestion": 3.5368685722351074}}, {"type": "Feature", "geometry": {"type": "LineString", "coordinates": [[106.6907218, 10.7624992], [106.6910151, 10.7628385]]}, "properties": {"speed": 37.18733215332031, "congestion": 3.5368685722351074}}, {"type": "Feature", "geometry": {"type": "LineString", "coordinates": [[106.6906585, 10.7625521], [106.6909689, 10.7629065]]}, "properties": {"speed": 25.68975830078125, "congestion": 4.262078762054443}}, {"type": "Feature", "geometry": {"type": "LineString", "coordinates": [[106.6909138, 10.7629875], [106.6909689, 10.7629065]]}, "properties": {"speed": 28.918521881103516, "congestion": 3.837479591369629}}, {"type": "Feature", "geometry": {"type": "LineString", "coordinates": [[106.6909138, 10.7629875], [106.6908721, 10.7630489]]}, "properties": {"speed": 21.334495544433594, "congestion": 4.2955145835876465}}, {"type": "Feature", "geometry": {"type": "LineString", "coordinates": [[106.6909138, 10.7629875], [106.6905789, 10.7626044]]}, "properties": {"speed": 27.106582641601562, "congestion": 3.8224775791168213}}, {"type": "Feature", "geometry": {"type": "LineString", "coordinates": [[106.6911807, 10.7631409], [106.6914538, 10.763452]]}, "properties": {"speed": 29.433712005615234, "congestion": 3.6804966926574707}}, {"type": "Feature", "geometry": {"type": "LineString", "coordinates": [[106.6914538, 10.763452], [106.6916851, 10.763718]]}, "properties": {"speed": 28.65390396118164, "congestion": 4.1000895500183105}}, {"type": "Feature", "geometry": {"type": "LineString", "coordinates": [[106.6914538, 10.763452], [106.691515, 10.7634023]]}, "properties": {"speed": 28.597747802734375, "congestion": 4.295495510101318}}, {"type": "Feature", "geometry": {"type": "LineString", "coordinates": [[106.6916048, 10.7637855], [106.6916851, 10.763718]]}, "properties": {"speed": 25.982206344604492, "congestion": 5.411652088165283}}, {"type": "Feature", "geometry": {"type": "LineString", "coordinates": [[106.6916048, 10.7637855], [106.6913501, 10.7634895]]}, "properties": {"speed": 29.350059509277344, "congestion": 3.8411433696746826}}, {"type": "Feature", "geometry": {"type": "LineString", "coordinates": [[106.6918496, 10.7640661], [106.691712, 10.7639084]]}, "properties": {"speed": 27.219736099243164, "congestion": 5.266523838043213}}, {"type": "Feature", "geometry": {"type": "LineString", "coordinates": [[106.6918672, 10.7639313], [106.6920467, 10.7641416]]}, "properties": {"speed": 25.601905822753906, "congestion": 5.148061752319336}}, {"type": "Feature", "geometry": {"type": "LineString", "coordinates": [[106.6920467, 10.7641416], [106.6923541, 10.764501]]}, "properties": {"speed": 23.862281799316406, "congestion": 5.812716484069824}}, {"type": "Feature", "geometry": {"type": "LineString", "coordinates": [[106.6920467, 10.7641416], [106.6921091, 10.7640871]]}, "properties": {"speed": 22.2923583984375, "congestion": 5.754140377044678}}, {"type": "Feature", "geometry": {"type": "LineString", "coordinates": [[106.6929751, 10.7651934], [106.6930357, 10.7651464]]}, "properties": {"speed": 31.500083923339844, "congestion": 3.733489513397217}}, {"type": "Feature", "geometry": {"type": "LineString", "coordinates": [[106.6929751, 10.7651934], [106.6935001, 10.7657898]]}, "properties": {"speed": 31.51538848876953, "congestion": 3.7441694736480713}}, {"type": "Feature", "geometry": {"type": "LineString", "coordinates": [[106.6939164, 10.7662627], [106.6940967, 10.7664676]]}, "properties": {"speed": 26.38726806640625, "congestion": 4.507322311401367}}, {"type": "Feature", "geometry": {"type": "LineString", "coordinates": [[106.6939164, 10.7662627], [106.6939667, 10.7662208]]}, "properties": {"speed": 26.026039123535156, "congestion": 4.470579147338867}}, {"type": "Feature", "geometry": {"type": "LineString", "coordinates": [[106.693837, 10.7663324], [106.6934287, 10.7658652]]}, "properties": {"speed": 31.44131088256836, "congestion": 3.9434750080108643}}, {"type": "Feature", "geometry": {"type": "LineString", "coordinates": [[106.693837, 10.7663324], [106.6937905, 10.7663685]]}, "properties": {"speed": 31.850345611572266, "congestion": 4.104061126708984}}, {"type": "Feature", "geometry": {"type": "LineString", "coordinates": [[106.6937905, 10.7663685], [106.693837, 10.7663324]]}, "properties": {"speed": 24.226844787597656, "congestion": 5.431725978851318}}, {"type": "Feature", "geometry": {"type": "LineString", "coordinates": [[106.6947443, 10.7672181], [106.6947974, 10.7671795]]}, "properties": {"speed": 25.04617691040039, "congestion": 4.6071085929870605}}, {"type": "Feature", "geometry": {"type": "LineString", "coordinates": [[106.6947443, 10.7672181], [106.6950501, 10.7675797]]}, "properties": {"speed": 21.69565773010254, "congestion": 5.345487594604492}}, {"type": "Feature", "geometry": {"type": "LineString", "coordinates": [[106.6947974, 10.7671795], [106.6948362, 10.7672243]]}, "properties": {"speed": 25.04617691040039, "congestion": 4.6071085929870605}}, {"type": "Feature", "geometry": {"type": "LineString", "coordinates": [[106.6950501, 10.7675797], [106.695383, 10.7679661]]}, "properties": {"speed": 20.883960723876953, "congestion": 6.322736740112305}}, {"type": "Feature", "geometry": {"type": "LineString", "coordinates": [[106.6950501, 10.7675797], [106.6951078, 10.7675377]]}, "properties": {"speed": 18.70520782470703, "congestion": 8.036572456359863}}, {"type": "Feature", "geometry": {"type": "LineString", "coordinates": [[106.6951078, 10.7675377], [106.6954098, 10.7678862]]}, "properties": {"speed": 23.051387786865234, "congestion": 4.209010124206543}}, {"type": "Feature", "geometry": {"type": "LineString", "coordinates": [[106.6951078, 10.7675377], [106.6950501, 10.7675797]]}, "properties": {"speed": 22.78350257873535, "congestion": 5.335499286651611}}, {"type": "Feature", "geometry": {"type": "LineString", "coordinates": [[106.6956942, 10.7683209], [106.6958927, 10.7685449]]}, "properties": {"speed": 25.620315551757812, "congestion": 3.781541109085083}}, {"type": "Feature", "geometry": {"type": "LineString", "coordinates": [[106.6958927, 10.7685449], [106.6959473, 10.7684993]]}, "properties": {"speed": 24.261802673339844, "congestion": 4.531644344329834}}, {"type": "Feature", "geometry": {"type": "LineString", "coordinates": [[106.6958927, 10.7685449], [106.696234, 10.76893]]}, "properties": {"speed": 23.476388931274414, "congestion": 4.968161582946777}}, {"type": "Feature", "geometry": {"type": "LineString", "coordinates": [[106.696234, 10.76893], [106.6964766, 10.7692038]]}, "properties": {"speed": 20.213716506958008, "congestion": 6.59039306640625}}, {"type": "Feature", "geometry": {"type": "LineString", "coordinates": [[106.696234, 10.76893], [106.6962877, 10.7688849]]}, "properties": {"speed": 19.91643524169922, "congestion": 6.512356758117676}}, {"type": "Feature", "geometry": {"type": "LineString", "coordinates": [[106.6962877, 10.7688849], [106.6965106, 10.7691375]]}, "properties": {"speed": 19.321876525878906, "congestion": 6.356281280517578}}, {"type": "Feature", "geometry": {"type": "LineString", "coordinates": [[106.7045587, 10.7709732], [106.7044364, 10.7709737]]}, "properties": {"speed": 30.62187385559082, "congestion": 3.7907443046569824}}, {"type": "Feature", "geometry": {"type": "LineString", "coordinates": [[106.7045554, 10.7707457], [106.704554, 10.7706475]]}, "properties": {"speed": 20.23334503173828, "congestion": 4.024076461791992}}, {"type": "Feature", "geometry": {"type": "LineString", "coordinates": [[106.7045554, 10.7707457], [106.7062095, 10.7706718]]}, "properties": {"speed": 30.748268127441406, "congestion": 3.5001072883605957}}, {"type": "Feature", "geometry": {"type": "LineString", "coordinates": [[106.7045554, 10.7707457], [106.7045572, 10.7708757]]}, "properties": {"speed": 31.47083854675293, "congestion": 4.613504409790039}}, {"type": "Feature", "geometry": {"type": "LineString", "coordinates": [[106.7045572, 10.7708757], [106.7034182, 10.7709258]]}, "properties": {"speed": 28.034727096557617, "congestion": 3.5641071796417236}}, {"type": "Feature", "geometry": {"type": "LineString", "coordinates": [[106.7045572, 10.7708757], [106.7045587, 10.7709732]]}, "properties": {"speed": 29.74583625793457, "congestion": 4.752046585083008}}, {"type": "Feature", "geometry": {"type": "LineString", "coordinates": [[106.7061161, 10.7822366], [106.7057094, 10.7817641]]}, "properties": {"speed": 30.206613540649414, "congestion": 4.042810916900635}}, {"type": "Feature", "geometry": {"type": "LineString", "coordinates": [[106.7061161, 10.7822366], [106.706558, 10.7818158]]}, "properties": {"speed": 34.20912551879883, "congestion": 3.6138200759887695}}, {"type": "Feature", "geometry": {"type": "LineString", "coordinates": [[106.6784032, 10.7982281], [106.6783766, 10.7985785]]}, "properties": {"speed": 20.52126693725586, "congestion": 5.114084243774414}}, {"type": "Feature", "geometry": {"type": "LineString", "coordinates": [[106.6783766, 10.7985785], [106.6783471, 10.7989549]]}, "properties": {"speed": 20.52126693725586, "congestion": 5.114084243774414}}, {"type": "Feature", "geometry": {"type": "LineString", "coordinates": [[106.7082135, 10.7842773], [106.7081979, 10.7846174]]}, "properties": {"speed": 42.28211975097656, "congestion": 3.7639613151550293}}, {"type": "Feature", "geometry": {"type": "LineString", "coordinates": [[106.7077438, 10.7811845], [106.7074111, 10.7814915]]}, "properties": {"speed": 36.691219329833984, "congestion": 3.419330358505249}}, {"type": "Feature", "geometry": {"type": "LineString", "coordinates": [[106.6991652, 10.7709468], [106.7012188, 10.770821]]}, "properties": {"speed": 29.78255844116211, "congestion": 4.439196586608887}}, {"type": "Feature", "geometry": {"type": "LineString", "coordinates": [[106.7085053, 10.7804052], [106.7132012, 10.7778306]]}, "properties": {"speed": 39.97453689575195, "congestion": 3.0367932319641113}}, {"type": "Feature", "geometry": {"type": "LineString", "coordinates": [[106.6973327, 10.770256], [106.6971363, 10.7700405]]}, "properties": {"speed": 33.06962585449219, "congestion": 3.8186230659484863}}, {"type": "Feature", "geometry": {"type": "LineString", "coordinates": [[106.7009856, 10.7743715], [106.7000855, 10.7734139]]}, "properties": {"speed": 16.357986450195312, "congestion": 5.558621406555176}}, {"type": "Feature", "geometry": {"type": "LineString", "coordinates": [[106.7009856, 10.7743715], [106.700938, 10.7744849]]}, "properties": {"speed": 22.49774742126465, "congestion": 4.20448637008667}}, {"type": "Feature", "geometry": {"type": "LineString", "coordinates": [[106.7073025, 10.7781934], [106.7072051, 10.7782199]]}, "properties": {"speed": 37.75338363647461, "congestion": 3.740124225616455}}, {"type": "Feature", "geometry": {"type": "LineString", "coordinates": [[106.7073025, 10.7781934], [106.7077438, 10.7811845]]}, "properties": {"speed": 37.023250579833984, "congestion": 3.4166812896728516}}, {"type": "Feature", "geometry": {"type": "LineString", "coordinates": [[106.7073025, 10.7781934], [106.7085053, 10.7804052]]}, "properties": {"speed": 39.75946807861328, "congestion": 3.2135908603668213}}, {"type": "Feature", "geometry": {"type": "LineString", "coordinates": [[106.7060567, 10.7826396], [106.7051249, 10.7835028]]}, "properties": {"speed": 28.971181869506836, "congestion": 3.802168846130371}}, {"type": "Feature", "geometry": {"type": "LineString", "coordinates": [[106.70774, 10.7801286], [106.7069926, 10.7805129]]}, "properties": {"speed": 27.486854553222656, "congestion": 4.159745216369629}}, {"type": "Feature", "geometry": {"type": "LineString", "coordinates": [[106.70774, 10.7801286], [106.7072051, 10.7782199]]}, "properties": {"speed": 32.919586181640625, "congestion": 3.813960075378418}}, {"type": "Feature", "geometry": {"type": "LineString", "coordinates": [[106.7074212, 10.7839328], [106.7068472, 10.7832668]]}, "properties": {"speed": 31.00922393798828, "congestion": 3.4280247688293457}}, {"type": "Feature", "geometry": {"type": "LineString", "coordinates": [[106.700938, 10.7744849], [106.7004291, 10.7756638]]}, "properties": {"speed": 21.953645706176758, "congestion": 5.35749626159668}}, {"type": "Feature", "geometry": {"type": "LineString", "coordinates": [[106.700938, 10.7744849], [106.7009856, 10.7743715]]}, "properties": {"speed": 22.477779388427734, "congestion": 4.8628740310668945}}, {"type": "Feature", "geometry": {"type": "LineString", "coordinates": [[106.700938, 10.7744849], [106.7000374, 10.7735274]]}, "properties": {"speed": 22.477779388427734, "congestion": 4.8628740310668945}}, {"type": "Feature", "geometry": {"type": "LineString", "coordinates": [[106.7010257, 10.7742764], [106.7009856, 10.7743715]]}, "properties": {"speed": 23.021181106567383, "congestion": 4.1614837646484375}}, {"type": "Feature", "geometry": {"type": "LineString", "coordinates": [[106.6794419, 10.7996179], [106.67959, 10.7996776]]}, "properties": {"speed": 22.837242126464844, "congestion": 5.233438491821289}}, {"type": "Feature", "geometry": {"type": "LineString", "coordinates": [[106.67959, 10.7996776], [106.6800192, 10.7998774]]}, "properties": {"speed": 22.837242126464844, "congestion": 5.233438491821289}}, {"type": "Feature", "geometry": {"type": "LineString", "coordinates": [[106.67959, 10.7996776], [106.6794419, 10.7996179]]}, "properties": {"speed": 24.490365982055664, "congestion": 4.685375213623047}}, {"type": "Feature", "geometry": {"type": "LineString", "coordinates": [[106.6998498, 10.7733303], [106.6988354, 10.7722615]]}, "properties": {"speed": 26.81024932861328, "congestion": 4.775515079498291}}, {"type": "Feature", "geometry": {"type": "LineString", "coordinates": [[106.706558, 10.7818158], [106.7074623, 10.780979]]}, "properties": {"speed": 38.623783111572266, "congestion": 3.4575722217559814}}, {"type": "Feature", "geometry": {"type": "LineString", "coordinates": [[106.7106555, 10.7887681], [106.7104883, 10.7889825]]}, "properties": {"speed": 41.331607818603516, "congestion": 3.3396708965301514}}, {"type": "Feature", "geometry": {"type": "LineString", "coordinates": [[106.7106555, 10.7887681], [106.7109186, 10.7886652]]}, "properties": {"speed": 42.575355529785156, "congestion": 3.1720829010009766}}, {"type": "Feature", "geometry": {"type": "LineString", "coordinates": [[106.7109186, 10.7886652], [106.7109142, 10.7880171]]}, "properties": {"speed": 42.575355529785156, "congestion": 3.1720829010009766}}, {"type": "Feature", "geometry": {"type": "LineString", "coordinates": [[106.7109186, 10.7886652], [106.7106555, 10.7887681]]}, "properties": {"speed": 41.331607818603516, "congestion": 3.3396708965301514}}, {"type": "Feature", "geometry": {"type": "LineString", "coordinates": [[106.7000374, 10.7735274], [106.7000855, 10.7734139]]}, "properties": {"speed": 27.884204864501953, "congestion": 4.554680824279785}}, {"type": "Feature", "geometry": {"type": "LineString", "coordinates": [[106.7000374, 10.7735274], [106.6998498, 10.7733303]]}, "properties": {"speed": 27.701040267944336, "congestion": 4.587843418121338}}, {"type": "Feature", "geometry": {"type": "LineString", "coordinates": [[106.6987288, 10.7716804], [106.6989634, 10.7719661]]}, "properties": {"speed": 31.09978485107422, "congestion": 4.784325122833252}}, {"type": "Feature", "geometry": {"type": "LineString", "coordinates": [[106.6987288, 10.7716804], [106.7007901, 10.7718137]]}, "properties": {"speed": 31.80445098876953, "congestion": 5.121186256408691}}, {"type": "Feature", "geometry": {"type": "LineString", "coordinates": [[106.6933707, 10.7712084], [106.6941025, 10.7701272]]}, "properties": {"speed": 21.739757537841797, "congestion": 4.606807231903076}}, {"type": "Feature", "geometry": {"type": "LineString", "coordinates": [[106.6933707, 10.7712084], [106.6934483, 10.7712883]]}, "properties": {"speed": 22.56586456298828, "congestion": 5.16095495223999}}, {"type": "Feature", "geometry": {"type": "LineString", "coordinates": [[106.6934406, 10.7713831], [106.6934115, 10.7714195]]}, "properties": {"speed": 22.054237365722656, "congestion": 4.927414894104004}}, {"type": "Feature", "geometry": {"type": "LineString", "coordinates": [[106.6996763, 10.7870071], [106.7008703, 10.7858296]]}, "properties": {"speed": 25.25590705871582, "congestion": 5.327371597290039}}, {"type": "Feature", "geometry": {"type": "LineString", "coordinates": [[106.6788021, 10.8044744], [106.6776761, 10.8025729]]}, "properties": {"speed": 24.004262924194336, "congestion": 3.9922404289245605}}, {"type": "Feature", "geometry": {"type": "LineString", "coordinates": [[106.7067288, 10.7922157], [106.7058183, 10.792472]]}, "properties": {"speed": 33.06346130371094, "congestion": 3.6529171466827393}}, {"type": "Feature", "geometry": {"type": "LineString", "coordinates": [[106.7067288, 10.7922157], [106.7072238, 10.7927454]]}, "properties": {"speed": 29.864023208618164, "congestion": 4.102514266967773}}, {"type": "Feature", "geometry": {"type": "LineString", "coordinates": [[106.6771159, 10.7802412], [106.6770737, 10.7802644]]}, "properties": {"speed": 21.404804229736328, "congestion": 4.594657897949219}}, {"type": "Feature", "geometry": {"type": "LineString", "coordinates": [[106.6771159, 10.7802412], [106.6784869, 10.7795134]]}, "properties": {"speed": 21.32625961303711, "congestion": 4.416910648345947}}, {"type": "Feature", "geometry": {"type": "LineString", "coordinates": [[106.6781027, 10.779754], [106.678744, 10.7808242]]}, "properties": {"speed": 22.197307586669922, "congestion": 4.141633987426758}}, {"type": "Feature", "geometry": {"type": "LineString", "coordinates": [[106.6781027, 10.779754], [106.6771159, 10.7802412]]}, "properties": {"speed": 22.062034606933594, "congestion": 4.260575294494629}}, {"type": "Feature", "geometry": {"type": "LineString", "coordinates": [[106.6766554, 10.7804881], [106.6769507, 10.78033]]}, "properties": {"speed": 24.23622703552246, "congestion": 3.978541851043701}}, {"type": "Feature", "geometry": {"type": "LineString", "coordinates": [[106.6769507, 10.78033], [106.6770737, 10.7802644]]}, "properties": {"speed": 19.16192054748535, "congestion": 4.829747676849365}}, {"type": "Feature", "geometry": {"type": "LineString", "coordinates": [[106.6769507, 10.78033], [106.6766554, 10.7804881]]}, "properties": {"speed": 24.04143524169922, "congestion": 3.7438418865203857}}, {"type": "Feature", "geometry": {"type": "LineString", "coordinates": [[106.6969916, 10.769882], [106.696439, 10.7692748]]}, "properties": {"speed": 34.725807189941406, "congestion": 4.136343955993652}}, {"type": "Feature", "geometry": {"type": "LineString", "coordinates": [[106.7001272, 10.7733219], [106.7010257, 10.7742764]]}, "properties": {"speed": 21.944961547851562, "congestion": 4.4819488525390625}}, {"type": "Feature", "geometry": {"type": "LineString", "coordinates": [[106.7001272, 10.7733219], [106.7001788, 10.773207]]}, "properties": {"speed": 23.384721755981445, "congestion": 6.211270809173584}}, {"type": "Feature", "geometry": {"type": "LineString", "coordinates": [[106.7001788, 10.773207], [106.7002992, 10.7729233]]}, "properties": {"speed": 21.252952575683594, "congestion": 7.348947525024414}}, {"type": "Feature", "geometry": {"type": "LineString", "coordinates": [[106.7093775, 10.8030331], [106.7084308, 10.8031034]]}, "properties": {"speed": 19.240659713745117, "congestion": 6.145236015319824}}, {"type": "Feature", "geometry": {"type": "LineString", "coordinates": [[106.7093775, 10.8030331], [106.7093708, 10.8029343]]}, "properties": {"speed": 19.482118606567383, "congestion": 6.258410930633545}}, {"type": "Feature", "geometry": {"type": "LineString", "coordinates": [[106.7093708, 10.8029343], [106.7113467, 10.8028292]]}, "properties": {"speed": 21.19481658935547, "congestion": 5.144670009613037}}, {"type": "Feature", "geometry": {"type": "LineString", "coordinates": [[106.7093708, 10.8029343], [106.7092837, 10.8012953]]}, "properties": {"speed": 19.670270919799805, "congestion": 4.992791175842285}}, {"type": "Feature", "geometry": {"type": "LineString", "coordinates": [[106.7093708, 10.8029343], [106.7093775, 10.8030331]]}, "properties": {"speed": 19.670270919799805, "congestion": 4.992791175842285}}, {"type": "Feature", "geometry": {"type": "LineString", "coordinates": [[106.7038394, 10.763416], [106.7046798, 10.7640384]]}, "properties": {"speed": 26.44936180114746, "congestion": 4.044591903686523}}, {"type": "Feature", "geometry": {"type": "LineString", "coordinates": [[106.7038394, 10.763416], [106.7037899, 10.7634782]]}, "properties": {"speed": 30.193607330322266, "congestion": 3.578476905822754}}, {"type": "Feature", "geometry": {"type": "LineString", "coordinates": [[106.6990056, 10.7665925], [106.6994133, 10.7669467]]}, "properties": {"speed": 29.94809341430664, "congestion": 4.240149974822998}}, {"type": "Feature", "geometry": {"type": "LineString", "coordinates": [[106.6990056, 10.7665925], [106.6981643, 10.7658757]]}, "properties": {"speed": 17.119319915771484, "congestion": 5.930851459503174}}, {"type": "Feature", "geometry": {"type": "LineString", "coordinates": [[106.6990056, 10.7665925], [106.6980079, 10.7676585]]}, "properties": {"speed": 17.552175521850586, "congestion": 5.57526159286499}}, {"type": "Feature", "geometry": {"type": "LineString", "coordinates": [[106.6990056, 10.7665925], [106.699903, 10.7656315]]}, "properties": {"speed": 16.25281524658203, "congestion": 6.960790157318115}}, {"type": "Feature", "geometry": {"type": "LineString", "coordinates": [[106.6980079, 10.7676585], [106.6984201, 10.7680176]]}, "properties": {"speed": 20.591665267944336, "congestion": 3.5133614540100098}}, {"type": "Feature", "geometry": {"type": "LineString", "coordinates": [[106.6980079, 10.7676585], [106.6974183, 10.7671388]]}, "properties": {"speed": 20.17777442932129, "congestion": 3.260728359222412}}, {"type": "Feature", "geometry": {"type": "LineString", "coordinates": [[106.6980079, 10.7676585], [106.6971744, 10.7685425]]}, "properties": {"speed": 19.516658782958984, "congestion": 3.8254754543304443}}, {"type": "Feature", "geometry": {"type": "LineString", "coordinates": [[106.6980079, 10.7676585], [106.6990056, 10.7665925]]}, "properties": {"speed": 20.15451431274414, "congestion": 4.516207695007324}}, {"type": "Feature", "geometry": {"type": "LineString", "coordinates": [[106.6968648, 10.7688766], [106.6977441, 10.7698536]]}, "properties": {"speed": 23.5, "congestion": 4.234313011169434}}, {"type": "Feature", "geometry": {"type": "LineString", "coordinates": [[106.6968648, 10.7688766], [106.6971744, 10.7685425]]}, "properties": {"speed": 20.98888397216797, "congestion": 4.149080753326416}}, {"type": "Feature", "geometry": {"type": "LineString", "coordinates": [[106.6968648, 10.7688766], [106.6965402, 10.76917]]}, "properties": {"speed": 11.570834159851074, "congestion": 7.460947036743164}}, {"type": "Feature", "geometry": {"type": "LineString", "coordinates": [[106.6965402, 10.76917], [106.6964766, 10.7692038]]}, "properties": {"speed": 19.411102294921875, "congestion": 3.5828213691711426}}, {"type": "Feature", "geometry": {"type": "LineString", "coordinates": [[106.6965402, 10.76917], [106.6968648, 10.7688766]]}, "properties": {"speed": 21.21388053894043, "congestion": 3.857604503631592}}, {"type": "Feature", "geometry": {"type": "LineString", "coordinates": [[106.6965106, 10.7691375], [106.6968883, 10.7682965]]}, "properties": {"speed": 21.58332061767578, "congestion": 3.3261189460754395}}, {"type": "Feature", "geometry": {"type": "LineString", "coordinates": [[106.6965106, 10.7691375], [106.6964766, 10.7692038]]}, "properties": {"speed": 21.140541076660156, "congestion": 4.501795768737793}}, {"type": "Feature", "geometry": {"type": "LineString", "coordinates": [[106.6778341, 10.7769123], [106.6777124, 10.7768102]]}, "properties": {"speed": 16.599987030029297, "congestion": 3.213501214981079}}, {"type": "Feature", "geometry": {"type": "LineString", "coordinates": [[106.7143916, 10.7774282], [106.7143342, 10.7773355]]}, "properties": {"speed": 45.15121078491211, "congestion": 3.404261827468872}}, {"type": "Feature", "geometry": {"type": "LineString", "coordinates": [[106.7143916, 10.7774282], [106.7144204, 10.777475]]}, "properties": {"speed": 43.30537414550781, "congestion": 3.446493625640869}}, {"type": "Feature", "geometry": {"type": "LineString", "coordinates": [[106.7075111, 10.7809356], [106.7077438, 10.7811845]]}, "properties": {"speed": 37.60627746582031, "congestion": 3.63997220993042}}, {"type": "Feature", "geometry": {"type": "LineString", "coordinates": [[106.7075111, 10.7809356], [106.70774, 10.7801286]]}, "properties": {"speed": 36.98494338989258, "congestion": 3.7317073345184326}}, {"type": "Feature", "geometry": {"type": "LineString", "coordinates": [[106.7074623, 10.780979], [106.7069926, 10.7805129]]}, "properties": {"speed": 25.054168701171875, "congestion": 5.19144868850708}}, {"type": "Feature", "geometry": {"type": "LineString", "coordinates": [[106.7074623, 10.780979], [106.7075111, 10.7809356]]}, "properties": {"speed": 37.39339828491211, "congestion": 3.5799593925476074}}, {"type": "Feature", "geometry": {"type": "LineString", "coordinates": [[106.6830275, 10.7835079], [106.6826765, 10.7836713]]}, "properties": {"speed": 16.594097137451172, "congestion": 5.558080673217773}}, {"type": "Feature", "geometry": {"type": "LineString", "coordinates": [[106.6830275, 10.7835079], [106.6831795, 10.7830903]]}, "properties": {"speed": 29.53853988647461, "congestion": 3.7741801738739014}}, {"type": "Feature", "geometry": {"type": "LineString", "coordinates": [[106.6814836, 10.7856542], [106.6815607, 10.7857421]]}, "properties": {"speed": 19.239234924316406, "congestion": 6.285791397094727}}, {"type": "Feature", "geometry": {"type": "LineString", "coordinates": [[106.6814836, 10.7856542], [106.6817646, 10.7856304]]}, "properties": {"speed": 19.06423568725586, "congestion": 8.255256652832031}}, {"type": "Feature", "geometry": {"type": "LineString", "coordinates": [[106.6817646, 10.7856304], [106.6817967, 10.7856129]]}, "properties": {"speed": 23.630008697509766, "congestion": 4.445242404937744}}, {"type": "Feature", "geometry": {"type": "LineString", "coordinates": [[106.6939602, 10.7867446], [106.6947379, 10.7875402]]}, "properties": {"speed": 26.18316078186035, "congestion": 3.765589475631714}}, {"type": "Feature", "geometry": {"type": "LineString", "coordinates": [[106.6939602, 10.7867446], [106.6944971, 10.7868031]]}, "properties": {"speed": 26.303987503051758, "congestion": 3.7222900390625}}, {"type": "Feature", "geometry": {"type": "LineString", "coordinates": [[106.6988219, 10.7711046], [106.6991128, 10.7707699]]}, "properties": {"speed": 35.25764083862305, "congestion": 4.717375755310059}}, {"type": "Feature", "geometry": {"type": "LineString", "coordinates": [[106.6984995, 10.7714], [106.6987288, 10.7716804]]}, "properties": {"speed": 29.90428924560547, "congestion": 4.4744462966918945}}, {"type": "Feature", "geometry": {"type": "LineString", "coordinates": [[106.6984995, 10.7714], [106.6984194, 10.7714456]]}, "properties": {"speed": 31.158172607421875, "congestion": 4.032371997833252}}, {"type": "Feature", "geometry": {"type": "LineString", "coordinates": [[106.6984348, 10.7713293], [106.6988219, 10.7711046]]}, "properties": {"speed": 36.95564270019531, "congestion": 4.534920692443848}}, {"type": "Feature", "geometry": {"type": "LineString", "coordinates": [[106.6984348, 10.7713293], [106.6984995, 10.7714]]}, "properties": {"speed": 29.65245819091797, "congestion": 4.041933059692383}}, {"type": "Feature", "geometry": {"type": "LineString", "coordinates": [[106.6984194, 10.7714456], [106.6983664, 10.7713772]]}, "properties": {"speed": 30.337209701538086, "congestion": 3.958240032196045}}, {"type": "Feature", "geometry": {"type": "LineString", "coordinates": [[106.6984194, 10.7714456], [106.6978751, 10.771686]]}, "properties": {"speed": 30.599992752075195, "congestion": 5.028043270111084}}, {"type": "Feature", "geometry": {"type": "LineString", "coordinates": [[106.6983664, 10.7713772], [106.6984348, 10.7713293]]}, "properties": {"speed": 31.54418182373047, "congestion": 4.266719341278076}}, {"type": "Feature", "geometry": {"type": "LineString", "coordinates": [[106.6983664, 10.7713772], [106.6981346, 10.7711218]]}, "properties": {"speed": 29.449567794799805, "congestion": 3.743720531463623}}, {"type": "Feature", "geometry": {"type": "LineString", "coordinates": [[106.6974547, 10.7702587], [106.6984348, 10.7713293]]}, "properties": {"speed": 31.898786544799805, "congestion": 4.13386344909668}}, {"type": "Feature", "geometry": {"type": "LineString", "coordinates": [[106.6989052, 10.7721665], [106.6984194, 10.7714456]]}, "properties": {"speed": 27.167015075683594, "congestion": 3.6493966579437256}}, {"type": "Feature", "geometry": {"type": "LineString", "coordinates": [[106.6971363, 10.7700405], [106.6969916, 10.769882]]}, "properties": {"speed": 34.725807189941406, "congestion": 4.136343955993652}}, {"type": "Feature", "geometry": {"type": "LineString", "coordinates": [[106.702115, 10.7752631], [106.7033318, 10.7741513]]}, "properties": {"speed": 19.78261375427246, "congestion": 5.792864799499512}}, {"type": "Feature", "geometry": {"type": "LineString", "coordinates": [[106.702115, 10.7752631], [106.702352, 10.7755164]]}, "properties": {"speed": 18.60619354248047, "congestion": 5.72169303894043}}, {"type": "Feature", "geometry": {"type": "LineString", "coordinates": [[106.702352, 10.7755164], [106.7029698, 10.7761671]]}, "properties": {"speed": 19.550806045532227, "congestion": 3.887535572052002}}, {"type": "Feature", "geometry": {"type": "LineString", "coordinates": [[106.702352, 10.7755164], [106.7021203, 10.7757406]]}, "properties": {"speed": 20.638776779174805, "congestion": 4.219447612762451}}, {"type": "Feature", "geometry": {"type": "LineString", "coordinates": [[106.7018715, 10.7754753], [106.7009856, 10.7743715]]}, "properties": {"speed": 23.03792953491211, "congestion": 4.4831671714782715}}, {"type": "Feature", "geometry": {"type": "LineString", "coordinates": [[106.7018715, 10.7754753], [106.700938, 10.7744849]]}, "properties": {"speed": 23.03792953491211, "congestion": 4.4831671714782715}}, {"type": "Feature", "geometry": {"type": "LineString", "coordinates": [[106.7018715, 10.7754753], [106.702115, 10.7752631]]}, "properties": {"speed": 23.618066787719727, "congestion": 4.423527240753174}}, {"type": "Feature", "geometry": {"type": "LineString", "coordinates": [[106.7021203, 10.7757406], [106.7012198, 10.7765708]]}, "properties": {"speed": 21.315160751342773, "congestion": 3.8285772800445557}}, {"type": "Feature", "geometry": {"type": "LineString", "coordinates": [[106.7021203, 10.7757406], [106.7018715, 10.7754753]]}, "properties": {"speed": 20.268287658691406, "congestion": 3.84214448928833}}, {"type": "Feature", "geometry": {"type": "LineString", "coordinates": [[106.6801932, 10.7975424], [106.6800635, 10.797442]]}, "properties": {"speed": 20.49726104736328, "congestion": 8.263579368591309}}, {"type": "Feature", "geometry": {"type": "LineString", "coordinates": [[106.6883702, 10.7913967], [106.6898524, 10.7916682]]}, "properties": {"speed": 19.809139251708984, "congestion": 6.298605442047119}}, {"type": "Feature", "geometry": {"type": "LineString", "coordinates": [[106.6883702, 10.7913967], [106.6880247, 10.7913566]]}, "properties": {"speed": 20.55381965637207, "congestion": 5.910812854766846}}, {"type": "Feature", "geometry": {"type": "LineString", "coordinates": [[106.6878901, 10.7912885], [106.6877407, 10.7912438]]}, "properties": {"speed": 29.968976974487305, "congestion": 3.8566110134124756}}, {"type": "Feature", "geometry": {"type": "LineString", "coordinates": [[106.6878901, 10.7912885], [106.6883702, 10.7913967]]}, "properties": {"speed": 22.589405059814453, "congestion": 3.777949094772339}}, {"type": "Feature", "geometry": {"type": "LineString", "coordinates": [[106.7063642, 10.7820352], [106.706558, 10.7818158]]}, "properties": {"speed": 40.66154861450195, "congestion": 3.3776798248291016}}, {"type": "Feature", "geometry": {"type": "LineString", "coordinates": [[106.6991128, 10.7707699], [106.6993107, 10.7704406]]}, "properties": {"speed": 32.06736755371094, "congestion": 5.103489875793457}}, {"type": "Feature", "geometry": {"type": "LineString", "coordinates": [[106.6991128, 10.7707699], [106.6991652, 10.7709468]]}, "properties": {"speed": 33.2902717590332, "congestion": 4.026290416717529}}, {"type": "Feature", "geometry": {"type": "LineString", "coordinates": [[106.6852839, 10.7931859], [106.6846195, 10.7937096]]}, "properties": {"speed": 33.82819366455078, "congestion": 3.501413583755493}}, {"type": "Feature", "geometry": {"type": "LineString", "coordinates": [[106.6852839, 10.7931859], [106.6866917, 10.7920776]]}, "properties": {"speed": 33.31848907470703, "congestion": 3.4245846271514893}}, {"type": "Feature", "geometry": {"type": "LineString", "coordinates": [[106.7072256, 10.7651618], [106.7095161, 10.7642332]]}, "properties": {"speed": 21.68054962158203, "congestion": 5.9001030921936035}}, {"type": "Feature", "geometry": {"type": "LineString", "coordinates": [[106.7072256, 10.7651618], [106.7071997, 10.7652206]]}, "properties": {"speed": 23.974634170532227, "congestion": 5.5474138259887695}}, {"type": "Feature", "geometry": {"type": "LineString", "coordinates": [[106.6760589, 10.7995324], [106.6760297, 10.7994599]]}, "properties": {"speed": 20.84096908569336, "congestion": 6.827421188354492}}, {"type": "Feature", "geometry": {"type": "LineString", "coordinates": [[106.6987827, 10.783793], [106.6978569, 10.784656]]}, "properties": {"speed": 24.56686782836914, "congestion": 4.252342224121094}}, {"type": "Feature", "geometry": {"type": "LineString", "coordinates": [[106.6987886, 10.7836123], [106.6987827, 10.783793]]}, "properties": {"speed": 26.788541793823242, "congestion": 3.7614567279815674}}, {"type": "Feature", "geometry": {"type": "LineString", "coordinates": [[106.7097288, 10.7616713], [106.712057, 10.7602945]]}, "properties": {"speed": 27.269271850585938, "congestion": 4.537424087524414}}, {"type": "Feature", "geometry": {"type": "LineString", "coordinates": [[106.7097288, 10.7616713], [106.7097603, 10.7617296]]}, "properties": {"speed": 21.864288330078125, "congestion": 7.114530563354492}}, {"type": "Feature", "geometry": {"type": "LineString", "coordinates": [[106.7000344, 10.7638809], [106.7008521, 10.7644024]]}, "properties": {"speed": 36.138973236083984, "congestion": 3.279536485671997}}, {"type": "Feature", "geometry": {"type": "LineString", "coordinates": [[106.7010798, 10.7614985], [106.7004381, 10.7610798]]}, "properties": {"speed": 15.380556106567383, "congestion": 7.683394432067871}}, {"type": "Feature", "geometry": {"type": "LineString", "coordinates": [[106.7010798, 10.7614985], [106.7011243, 10.7614344]]}, "properties": {"speed": 16.081768035888672, "congestion": 5.423796653747559}}, {"type": "Feature", "geometry": {"type": "LineString", "coordinates": [[106.7010798, 10.7614985], [106.70084, 10.7618962]]}, "properties": {"speed": 31.19997787475586, "congestion": 2.843841075897217}}, {"type": "Feature", "geometry": {"type": "LineString", "coordinates": [[106.700333, 10.7628626], [106.7000609, 10.7637621]]}, "properties": {"speed": 36.36096954345703, "congestion": 3.2060399055480957}}, {"type": "Feature", "geometry": {"type": "LineString", "coordinates": [[106.70084, 10.7618962], [106.7005953, 10.7622493]]}, "properties": {"speed": 31.19997787475586, "congestion": 2.843841075897217}}, {"type": "Feature", "geometry": {"type": "LineString", "coordinates": [[106.6978751, 10.771686], [106.6975561, 10.7721929]]}, "properties": {"speed": 24.939979553222656, "congestion": 4.741856098175049}}, {"type": "Feature", "geometry": {"type": "LineString", "coordinates": [[106.6978751, 10.771686], [106.696647, 10.7711721]]}, "properties": {"speed": 25.75828742980957, "congestion": 4.377547264099121}}, {"type": "Feature", "geometry": {"type": "LineString", "coordinates": [[106.6872178, 10.7876582], [106.6883239, 10.7874184]]}, "properties": {"speed": 22.90842056274414, "congestion": 5.567063331604004}}, {"type": "Feature", "geometry": {"type": "LineString", "coordinates": [[106.7059614, 10.7813708], [106.7055963, 10.7816326]]}, "properties": {"speed": 28.656944274902344, "congestion": 3.2467539310455322}}, {"type": "Feature", "geometry": {"type": "LineString", "coordinates": [[106.6934518, 10.7936437], [106.693581, 10.7931572]]}, "properties": {"speed": 28.06439781188965, "congestion": 3.611548900604248}}, {"type": "Feature", "geometry": {"type": "LineString", "coordinates": [[106.7031283, 10.788173], [106.7035437, 10.7886056]]}, "properties": {"speed": 21.517189025878906, "congestion": 6.543920516967773}}, {"type": "Feature", "geometry": {"type": "LineString", "coordinates": [[106.6760297, 10.7994599], [106.6760589, 10.7995324]]}, "properties": {"speed": 16.399208068847656, "congestion": 6.390186309814453}}, {"type": "Feature", "geometry": {"type": "LineString", "coordinates": [[106.6760297, 10.7994599], [106.6761055, 10.7994541]]}, "properties": {"speed": 16.208099365234375, "congestion": 6.213697910308838}}, {"type": "Feature", "geometry": {"type": "LineString", "coordinates": [[106.6761055, 10.7994541], [106.6775631, 10.7993287]]}, "properties": {"speed": 17.40312957763672, "congestion": 5.44542121887207}}, {"type": "Feature", "geometry": {"type": "LineString", "coordinates": [[106.6761055, 10.7994541], [106.6761504, 10.7995256]]}, "properties": {"speed": 21.95069122314453, "congestion": 6.888221263885498}}, {"type": "Feature", "geometry": {"type": "LineString", "coordinates": [[106.7049108, 10.7872074], [106.7048321, 10.787123]]}, "properties": {"speed": 29.41539192199707, "congestion": 4.0792765617370605}}, {"type": "Feature", "geometry": {"type": "LineString", "coordinates": [[106.70399, 10.7862349], [106.7030967, 10.7852943]]}, "properties": {"speed": 23.111114501953125, "congestion": 5.519044876098633}}, {"type": "Feature", "geometry": {"type": "LineString", "coordinates": [[106.7040512, 10.7861785], [106.7048887, 10.7870695]]}, "properties": {"speed": 27.790800094604492, "congestion": 4.132180690765381}}, {"type": "Feature", "geometry": {"type": "LineString", "coordinates": [[106.6987334, 10.7883225], [106.6980433, 10.7889195]]}, "properties": {"speed": 22.37291717529297, "congestion": 6.079237461090088}}, {"type": "Feature", "geometry": {"type": "LineString", "coordinates": [[106.6987334, 10.7883225], [106.6989132, 10.7885115]]}, "properties": {"speed": 22.6027774810791, "congestion": 5.429507255554199}}, {"type": "Feature", "geometry": {"type": "LineString", "coordinates": [[106.6989132, 10.7885115], [106.6987334, 10.7883225]]}, "properties": {"speed": 22.37291717529297, "congestion": 6.079237461090088}}, {"type": "Feature", "geometry": {"type": "LineString", "coordinates": [[106.6995731, 10.7815337], [106.6989238, 10.782134]]}, "properties": {"speed": 22.553123474121094, "congestion": 4.906172275543213}}, {"type": "Feature", "geometry": {"type": "LineString", "coordinates": [[106.6995731, 10.7815337], [106.6996356, 10.7814762]]}, "properties": {"speed": 19.442188262939453, "congestion": 4.778686046600342}}, {"type": "Feature", "geometry": {"type": "LineString", "coordinates": [[106.6995731, 10.7815337], [106.6992435, 10.7811691]]}, "properties": {"speed": 23.350173950195312, "congestion": 4.33740234375}}, {"type": "Feature", "geometry": {"type": "LineString", "coordinates": [[106.6990055, 10.7809094], [106.6985561, 10.7803752]]}, "properties": {"speed": 18.360069274902344, "congestion": 5.196054935455322}}, {"type": "Feature", "geometry": {"type": "LineString", "coordinates": [[106.6990668, 10.7808551], [106.6993049, 10.7811132]]}, "properties": {"speed": 15.242706298828125, "congestion": 6.2769999504089355}}, {"type": "Feature", "geometry": {"type": "LineString", "coordinates": [[106.7030685, 10.7851309], [106.7035969, 10.7846363]]}, "properties": {"speed": 28.087677001953125, "congestion": 4.395325660705566}}, {"type": "Feature", "geometry": {"type": "LineString", "coordinates": [[106.7030685, 10.7851309], [106.703163, 10.7852326]]}, "properties": {"speed": 19.443748474121094, "congestion": 6.286487102508545}}, {"type": "Feature", "geometry": {"type": "LineString", "coordinates": [[106.7030012, 10.7851975], [106.7030685, 10.7851309]]}, "properties": {"speed": 23.456798553466797, "congestion": 5.207168102264404}}, {"type": "Feature", "geometry": {"type": "LineString", "coordinates": [[106.7030012, 10.7851975], [106.7011503, 10.7832096]]}, "properties": {"speed": 22.72430419921875, "congestion": 4.074903964996338}}, {"type": "Feature", "geometry": {"type": "LineString", "coordinates": [[106.7011503, 10.7832096], [106.7012045, 10.7831604]]}, "properties": {"speed": 22.21631622314453, "congestion": 5.0882368087768555}}, {"type": "Feature", "geometry": {"type": "LineString", "coordinates": [[106.7011503, 10.7832096], [106.7008098, 10.7828443]]}, "properties": {"speed": 25.30034828186035, "congestion": 4.620420455932617}}, {"type": "Feature", "geometry": {"type": "LineString", "coordinates": [[106.6992435, 10.7811691], [106.6990055, 10.7809094]]}, "properties": {"speed": 23.350173950195312, "congestion": 4.33740234375}}, {"type": "Feature", "geometry": {"type": "LineString", "coordinates": [[106.6993049, 10.7811132], [106.6996356, 10.7814762]]}, "properties": {"speed": 15.242706298828125, "congestion": 6.2769999504089355}}, {"type": "Feature", "geometry": {"type": "LineString", "coordinates": [[106.7000549, 10.7820592], [106.6995731, 10.7815337]]}, "properties": {"speed": 16.174304962158203, "congestion": 7.066581726074219}}, {"type": "Feature", "geometry": {"type": "LineString", "coordinates": [[106.7003807, 10.782409], [106.7000549, 10.7820592]]}, "properties": {"speed": 16.174304962158203, "congestion": 7.066581726074219}}, {"type": "Feature", "geometry": {"type": "LineString", "coordinates": [[106.7007563, 10.7827885], [106.7003807, 10.782409]]}, "properties": {"speed": 25.30034828186035, "congestion": 4.620420455932617}}, {"type": "Feature", "geometry": {"type": "LineString", "coordinates": [[106.700811, 10.7827374], [106.7008622, 10.7827922]]}, "properties": {"speed": 14.959721565246582, "congestion": 6.893669128417969}}, {"type": "Feature", "geometry": {"type": "LineString", "coordinates": [[106.7030967, 10.7852943], [106.7028245, 10.7854521]]}, "properties": {"speed": 24.87040138244629, "congestion": 5.3508620262146}}, {"type": "Feature", "geometry": {"type": "LineString", "coordinates": [[106.7030967, 10.7852943], [106.7030012, 10.7851975]]}, "properties": {"speed": 24.199655532836914, "congestion": 4.341196537017822}}, {"type": "Feature", "geometry": {"type": "LineString", "coordinates": [[106.7049776, 10.7872782], [106.7050349, 10.7872252]]}, "properties": {"speed": 21.59825897216797, "congestion": 5.01025390625}}, {"type": "Feature", "geometry": {"type": "LineString", "coordinates": [[106.7049776, 10.7872782], [106.7049108, 10.7872074]]}, "properties": {"speed": 26.57346534729004, "congestion": 4.357877731323242}}, {"type": "Feature", "geometry": {"type": "LineString", "coordinates": [[106.6824196, 10.76594], [106.6818746, 10.7655926]]}, "properties": {"speed": 24.34722137451172, "congestion": 3.4426534175872803}}, {"type": "Feature", "geometry": {"type": "LineString", "coordinates": [[106.6824196, 10.76594], [106.682342, 10.7660604]]}, "properties": {"speed": 26.15199851989746, "congestion": 3.9216363430023193}}, {"type": "Feature", "geometry": {"type": "LineString", "coordinates": [[106.682342, 10.7660604], [106.6843097, 10.7680725]]}, "properties": {"speed": 26.331636428833008, "congestion": 4.021777629852295}}, {"type": "Feature", "geometry": {"type": "LineString", "coordinates": [[106.695803, 10.7926668], [106.6958961, 10.7926816]]}, "properties": {"speed": 22.733802795410156, "congestion": 4.4595441818237305}}, {"type": "Feature", "geometry": {"type": "LineString", "coordinates": [[106.695803, 10.7926668], [106.6954521, 10.7926132]]}, "properties": {"speed": 28.44145965576172, "congestion": 3.535066604614258}}, {"type": "Feature", "geometry": {"type": "LineString", "coordinates": [[106.6954521, 10.7926132], [106.6943782, 10.792463]]}, "properties": {"speed": 28.791215896606445, "congestion": 3.718366861343384}}, {"type": "Feature", "geometry": {"type": "LineString", "coordinates": [[106.6954521, 10.7926132], [106.695803, 10.7926668]]}, "properties": {"speed": 26.49120330810547, "congestion": 4.104356288909912}}, {"type": "Feature", "geometry": {"type": "LineString", "coordinates": [[106.6922527, 10.7693829], [106.6917072, 10.7702317]]}, "properties": {"speed": 30.476388931274414, "congestion": 3.957810401916504}}, {"type": "Feature", "geometry": {"type": "LineString", "coordinates": [[106.6922527, 10.7693829], [106.6899228, 10.7684433]]}, "properties": {"speed": 32.508079528808594, "congestion": 3.889906644821167}}, {"type": "Feature", "geometry": {"type": "LineString", "coordinates": [[106.679307, 10.7816381], [106.6798779, 10.7807539]]}, "properties": {"speed": 21.00343132019043, "congestion": 4.024898529052734}}, {"type": "Feature", "geometry": {"type": "LineString", "coordinates": [[106.679307, 10.7816381], [106.6787167, 10.7812197]]}, "properties": {"speed": 22.573572158813477, "congestion": 4.028275489807129}}, {"type": "Feature", "geometry": {"type": "LineString", "coordinates": [[106.679307, 10.7816381], [106.6791161, 10.7819516]]}, "properties": {"speed": 20.39069366455078, "congestion": 3.9990687370300293}}, {"type": "Feature", "geometry": {"type": "LineString", "coordinates": [[106.691529, 10.775847], [106.6916588, 10.7759826]]}, "properties": {"speed": 18.57048988342285, "congestion": 5.548337936401367}}, {"type": "Feature", "geometry": {"type": "LineString", "coordinates": [[106.7050468, 10.7742525], [106.7056516, 10.7736801]]}, "properties": {"speed": 26.418407440185547, "congestion": 4.429262161254883}}, {"type": "Feature", "geometry": {"type": "LineString", "coordinates": [[106.7050468, 10.7742525], [106.7059388, 10.7749157]]}, "properties": {"speed": 16.361106872558594, "congestion": 5.763958930969238}}, {"type": "Feature", "geometry": {"type": "LineString", "coordinates": [[106.6797098, 10.8005864], [106.6796387, 10.8007768]]}, "properties": {"speed": 27.366321563720703, "congestion": 4.318629741668701}}, {"type": "Feature", "geometry": {"type": "LineString", "coordinates": [[106.6797098, 10.8005864], [106.6793685, 10.7999999]]}, "properties": {"speed": 30.251996994018555, "congestion": 3.740122079849243}}, {"type": "Feature", "geometry": {"type": "LineString", "coordinates": [[106.6988354, 10.7722615], [106.6989052, 10.7721665]]}, "properties": {"speed": 20.12220573425293, "congestion": 3.667983055114746}}, {"type": "Feature", "geometry": {"type": "LineString", "coordinates": [[106.6988354, 10.7722615], [106.6978751, 10.771686]]}, "properties": {"speed": 26.81024932861328, "congestion": 4.775515079498291}}, {"type": "Feature", "geometry": {"type": "LineString", "coordinates": [[106.6818965, 10.7868162], [106.6823458, 10.7871085]]}, "properties": {"speed": 30.968055725097656, "congestion": 4.0604472160339355}}, {"type": "Feature", "geometry": {"type": "LineString", "coordinates": [[106.6818965, 10.7868162], [106.6815889, 10.7865848]]}, "properties": {"speed": 29.880727767944336, "congestion": 3.4206910133361816}}, {"type": "Feature", "geometry": {"type": "LineString", "coordinates": [[106.697938, 10.771577], [106.6983664, 10.7713772]]}, "properties": {"speed": 30.599992752075195, "congestion": 5.028043270111084}}, {"type": "Feature", "geometry": {"type": "LineString", "coordinates": [[106.6981346, 10.7711218], [106.6973327, 10.770256]]}, "properties": {"speed": 29.449567794799805, "congestion": 3.743720531463623}}, {"type": "Feature", "geometry": {"type": "LineString", "coordinates": [[106.7011208, 10.7710504], [106.7011716, 10.7709314]]}, "properties": {"speed": 23.194795608520508, "congestion": 3.6587252616882324}}, {"type": "Feature", "geometry": {"type": "LineString", "coordinates": [[106.7066557, 10.7831596], [106.7060567, 10.7826396]]}, "properties": {"speed": 28.0736083984375, "congestion": 2.993668794631958}}, {"type": "Feature", "geometry": {"type": "LineString", "coordinates": [[106.7068472, 10.7832668], [106.7061973, 10.7825132]]}, "properties": {"speed": 22.77300262451172, "congestion": 4.989031791687012}}, {"type": "Feature", "geometry": {"type": "LineString", "coordinates": [[106.7068472, 10.7832668], [106.7066557, 10.7831596]]}, "properties": {"speed": 28.0736083984375, "congestion": 2.993668794631958}}, {"type": "Feature", "geometry": {"type": "LineString", "coordinates": [[106.7078854, 10.7842541], [106.7080446, 10.7844397]]}, "properties": {"speed": 28.11293601989746, "congestion": 3.6894121170043945}}, {"type": "Feature", "geometry": {"type": "LineString", "coordinates": [[106.7081979, 10.7846174], [106.7088118, 10.7856259]]}, "properties": {"speed": 40.04303741455078, "congestion": 3.4278459548950195}}, {"type": "Feature", "geometry": {"type": "LineString", "coordinates": [[106.7025516, 10.7876598], [106.7021947, 10.7872823]]}, "properties": {"speed": 28.012155532836914, "congestion": 3.9279584884643555}}, {"type": "Feature", "geometry": {"type": "LineString", "coordinates": [[106.7021947, 10.7872823], [106.7015755, 10.786639]]}, "properties": {"speed": 17.952953338623047, "congestion": 5.435856819152832}}, {"type": "Feature", "geometry": {"type": "LineString", "coordinates": [[106.7132012, 10.7778306], [106.7139993, 10.7773895]]}, "properties": {"speed": 41.93858337402344, "congestion": 3.084265947341919}}, {"type": "Feature", "geometry": {"type": "LineString", "coordinates": [[106.6821215, 10.7920944], [106.6819052, 10.7918733]]}, "properties": {"speed": 25.023086547851562, "congestion": 3.3999581336975098}}, {"type": "Feature", "geometry": {"type": "LineString", "coordinates": [[106.6821215, 10.7920944], [106.6825852, 10.7923912]]}, "properties": {"speed": 36.394004821777344, "congestion": 3.150851249694824}}, {"type": "Feature", "geometry": {"type": "LineString", "coordinates": [[106.6897543, 10.7740323], [106.6893994, 10.7736956]]}, "properties": {"speed": 18.961448669433594, "congestion": 7.394704341888428}}, {"type": "Feature", "geometry": {"type": "LineString", "coordinates": [[106.6897543, 10.7740323], [106.6895518, 10.7743078]]}, "properties": {"speed": 21.282638549804688, "congestion": 6.709779739379883}}, {"type": "Feature", "geometry": {"type": "LineString", "coordinates": [[106.6959541, 10.7887842], [106.6966359, 10.7894816]]}, "properties": {"speed": 23.302024841308594, "congestion": 4.033130645751953}}, {"type": "Feature", "geometry": {"type": "LineString", "coordinates": [[106.697425, 10.7904522], [106.697112, 10.7907304]]}, "properties": {"speed": 21.355382919311523, "congestion": 3.8848440647125244}}, {"type": "Feature", "geometry": {"type": "LineString", "coordinates": [[106.6782025, 10.7853795], [106.6781963, 10.785484]]}, "properties": {"speed": 31.89045524597168, "congestion": 3.4478864669799805}}, {"type": "Feature", "geometry": {"type": "LineString", "coordinates": [[106.6884608, 10.7948858], [106.6882349, 10.7947733]]}, "properties": {"speed": 34.87916564941406, "congestion": 3.732372760772705}}, {"type": "Feature", "geometry": {"type": "LineString", "coordinates": [[106.6884608, 10.7948858], [106.6887809, 10.7950467]]}, "properties": {"speed": 32.159725189208984, "congestion": 3.4634037017822266}}, {"type": "Feature", "geometry": {"type": "LineString", "coordinates": [[106.6940778, 10.8028874], [106.6943595, 10.80285]]}, "properties": {"speed": 25.18463897705078, "congestion": 3.8395745754241943}}, {"type": "Feature", "geometry": {"type": "LineString", "coordinates": [[106.6940892, 10.8029785], [106.6933269, 10.8030766]]}, "properties": {"speed": 19.778301239013672, "congestion": 4.3739237785339355}}, {"type": "Feature", "geometry": {"type": "LineString", "coordinates": [[106.6940892, 10.8029785], [106.6940778, 10.8028874]]}, "properties": {"speed": 22.41162872314453, "congestion": 3.9795150756835938}}, {"type": "Feature", "geometry": {"type": "LineString", "coordinates": [[106.6920777, 10.7646897], [106.6925294, 10.7648363]]}, "properties": {"speed": 24.913890838623047, "congestion": 3.940284252166748}}, {"type": "Feature", "geometry": {"type": "LineString", "coordinates": [[106.6920777, 10.7646897], [106.6919853, 10.7646584]]}, "properties": {"speed": 28.204864501953125, "congestion": 4.085375785827637}}, {"type": "Feature", "geometry": {"type": "LineString", "coordinates": [[106.6920777, 10.7646897], [106.6922362, 10.7646055]]}, "properties": {"speed": 21.729862213134766, "congestion": 4.140089988708496}}, {"type": "Feature", "geometry": {"type": "LineString", "coordinates": [[106.7039333, 10.7845033], [106.7036877, 10.7847301]]}, "properties": {"speed": 26.10625648498535, "congestion": 4.954693794250488}}, {"type": "Feature", "geometry": {"type": "LineString", "coordinates": [[106.7039333, 10.7845033], [106.7038502, 10.78441]]}, "properties": {"speed": 23.85425567626953, "congestion": 4.243949890136719}}, {"type": "Feature", "geometry": {"type": "LineString", "coordinates": [[106.7038502, 10.78441], [106.7046735, 10.7836471]]}, "properties": {"speed": 31.358699798583984, "congestion": 4.072908401489258}}, {"type": "Feature", "geometry": {"type": "LineString", "coordinates": [[106.7038502, 10.78441], [106.7039333, 10.7845033]]}, "properties": {"speed": 34.16748046875, "congestion": 4.068221569061279}}, {"type": "Feature", "geometry": {"type": "LineString", "coordinates": [[106.7064498, 10.767163], [106.7063606, 10.7671262]]}, "properties": {"speed": 32.30280303955078, "congestion": 3.565263509750366}}, {"type": "Feature", "geometry": {"type": "LineString", "coordinates": [[106.6948914, 10.7678395], [106.69499, 10.7677318]]}, "properties": {"speed": 20.395122528076172, "congestion": 5.780089855194092}}, {"type": "Feature", "geometry": {"type": "LineString", "coordinates": [[106.6881596, 10.7909188], [106.688343, 10.7907571]]}, "properties": {"speed": 24.717010498046875, "congestion": 4.213410377502441}}, {"type": "Feature", "geometry": {"type": "LineString", "coordinates": [[106.6881596, 10.7909188], [106.6878837, 10.791133]]}, "properties": {"speed": 16.705554962158203, "congestion": 7.34952974319458}}, {"type": "Feature", "geometry": {"type": "LineString", "coordinates": [[106.6949672, 10.8033986], [106.6949767, 10.8038474]]}, "properties": {"speed": 23.098438262939453, "congestion": 4.511624813079834}}, {"type": "Feature", "geometry": {"type": "LineString", "coordinates": [[106.6949672, 10.8033986], [106.6948567, 10.8028874]]}, "properties": {"speed": 14.73646068572998, "congestion": 6.166356563568115}}, {"type": "Feature", "geometry": {"type": "LineString", "coordinates": [[106.713165, 10.7749592], [106.7131865, 10.7751469]]}, "properties": {"speed": 33.79583740234375, "congestion": 2.9507055282592773}}, {"type": "Feature", "geometry": {"type": "LineString", "coordinates": [[106.7132667, 10.7749422], [106.7132954, 10.7751239]]}, "properties": {"speed": 41.972198486328125, "congestion": 3.0832223892211914}}, {"type": "Feature", "geometry": {"type": "LineString", "coordinates": [[106.7133813, 10.7749264], [106.7134069, 10.7751014]]}, "properties": {"speed": 39.3458366394043, "congestion": 2.965862512588501}}, {"type": "Feature", "geometry": {"type": "LineString", "coordinates": [[106.7134807, 10.7749116], [106.7135069, 10.7750813]]}, "properties": {"speed": 38.28984832763672, "congestion": 3.230851173400879}}, {"type": "Feature", "geometry": {"type": "LineString", "coordinates": [[106.6885977, 10.7699916], [106.6875178, 10.7688726]]}, "properties": {"speed": 20.821603775024414, "congestion": 5.090449810028076}}, {"type": "Feature", "geometry": {"type": "LineString", "coordinates": [[106.6885977, 10.7699916], [106.6896812, 10.7687369]]}, "properties": {"speed": 20.005952835083008, "congestion": 5.315893173217773}}, {"type": "Feature", "geometry": {"type": "LineString", "coordinates": [[106.6885977, 10.7699916], [106.6879239, 10.7706395]]}, "properties": {"speed": 19.720664978027344, "congestion": 5.303560256958008}}, {"type": "Feature", "geometry": {"type": "LineString", "coordinates": [[106.6879239, 10.7706395], [106.6872293, 10.7712405]]}, "properties": {"speed": 18.595659255981445, "congestion": 7.568370342254639}}, {"type": "Feature", "geometry": {"type": "LineString", "coordinates": [[106.6879239, 10.7706395], [106.6885977, 10.7699916]]}, "properties": {"speed": 19.922565460205078, "congestion": 5.899319648742676}}, {"type": "Feature", "geometry": {"type": "LineString", "coordinates": [[106.6879239, 10.7706395], [106.6899281, 10.7728691]]}, "properties": {"speed": 21.594266891479492, "congestion": 6.394242286682129}}, {"type": "Feature", "geometry": {"type": "LineString", "coordinates": [[106.6883847, 10.7670904], [106.688504, 10.7673972]]}, "properties": {"speed": 25.5787353515625, "congestion": 3.9694018363952637}}, {"type": "Feature", "geometry": {"type": "LineString", "coordinates": [[106.6883847, 10.7670904], [106.6882721, 10.7667979]]}, "properties": {"speed": 19.490798950195312, "congestion": 4.138797760009766}}, {"type": "Feature", "geometry": {"type": "LineString", "coordinates": [[106.699903, 10.7656315], [106.7000379, 10.7654683]]}, "properties": {"speed": 9.366665840148926, "congestion": 10.95598316192627}}, {"type": "Feature", "geometry": {"type": "LineString", "coordinates": [[106.699903, 10.7656315], [106.6990056, 10.7665925]]}, "properties": {"speed": 36.15462875366211, "congestion": 3.2967727184295654}}, {"type": "Feature", "geometry": {"type": "LineString", "coordinates": [[106.678463, 10.7845019], [106.67848, 10.7838706]]}, "properties": {"speed": 20.78096580505371, "congestion": 5.106743812561035}}, {"type": "Feature", "geometry": {"type": "LineString", "coordinates": [[106.678463, 10.7845019], [106.6770231, 10.7850779]]}, "properties": {"speed": 22.971797943115234, "congestion": 4.622522354125977}}, {"type": "Feature", "geometry": {"type": "LineString", "coordinates": [[106.678463, 10.7845019], [106.6784503, 10.785051]]}, "properties": {"speed": 22.607620239257812, "congestion": 4.597602367401123}}, {"type": "Feature", "geometry": {"type": "LineString", "coordinates": [[106.6803314, 10.7840667], [106.6806704, 10.784266]]}, "properties": {"speed": 20.99400520324707, "congestion": 3.715857982635498}}, {"type": "Feature", "geometry": {"type": "LineString", "coordinates": [[106.6803314, 10.7840667], [106.6802015, 10.7825762]]}, "properties": {"speed": 21.134252548217773, "congestion": 3.538736581802368}}, {"type": "Feature", "geometry": {"type": "LineString", "coordinates": [[106.6810064, 10.7861337], [106.6811788, 10.7863811]]}, "properties": {"speed": 22.91059112548828, "congestion": 3.788402557373047}}, {"type": "Feature", "geometry": {"type": "LineString", "coordinates": [[106.6810064, 10.7861337], [106.6807718, 10.7862659]]}, "properties": {"speed": 22.59930992126465, "congestion": 3.780196189880371}}, {"type": "Feature", "geometry": {"type": "LineString", "coordinates": [[106.6810064, 10.7861337], [106.6809834, 10.7860654]]}, "properties": {"speed": 22.862281799316406, "congestion": 4.101531982421875}}, {"type": "Feature", "geometry": {"type": "LineString", "coordinates": [[106.6809834, 10.7860654], [106.6815607, 10.7857421]]}, "properties": {"speed": 22.626873016357422, "congestion": 3.9702844619750977}}, {"type": "Feature", "geometry": {"type": "LineString", "coordinates": [[106.6809834, 10.7860654], [106.6807552, 10.7855901]]}, "properties": {"speed": 21.448089599609375, "congestion": 4.022359371185303}}, {"type": "Feature", "geometry": {"type": "LineString", "coordinates": [[106.6809834, 10.7860654], [106.6810064, 10.7861337]]}, "properties": {"speed": 19.906007766723633, "congestion": 4.88620662689209}}, {"type": "Feature", "geometry": {"type": "LineString", "coordinates": [[106.6815889, 10.7865848], [106.681949, 10.7867176]]}, "properties": {"speed": 31.142887115478516, "congestion": 3.30784273147583}}, {"type": "Feature", "geometry": {"type": "LineString", "coordinates": [[106.6815889, 10.7865848], [106.6811788, 10.7863811]]}, "properties": {"speed": 23.606830596923828, "congestion": 4.100072860717773}}, {"type": "Feature", "geometry": {"type": "LineString", "coordinates": [[106.6815889, 10.7865848], [106.6818965, 10.7868162]]}, "properties": {"speed": 28.36667251586914, "congestion": 3.4077701568603516}}, {"type": "Feature", "geometry": {"type": "LineString", "coordinates": [[106.6860129, 10.7963035], [106.6861143, 10.7961638]]}, "properties": {"speed": 29.36661720275879, "congestion": 3.182539701461792}}, {"type": "Feature", "geometry": {"type": "LineString", "coordinates": [[106.6860129, 10.7963035], [106.6860583, 10.7963239]]}, "properties": {"speed": 28.846153259277344, "congestion": 3.222108840942383}}, {"type": "Feature", "geometry": {"type": "LineString", "coordinates": [[106.6866917, 10.7920776], [106.6871727, 10.7916957]]}, "properties": {"speed": 26.834897994995117, "congestion": 4.368058204650879}}, {"type": "Feature", "geometry": {"type": "LineString", "coordinates": [[106.6866917, 10.7920776], [106.6866872, 10.7920861]]}, "properties": {"speed": 32.51018142700195, "congestion": 3.4329938888549805}}, {"type": "Feature", "geometry": {"type": "LineString", "coordinates": [[106.7048321, 10.787123], [106.70399, 10.7862349]]}, "properties": {"speed": 23.111114501953125, "congestion": 5.519044876098633}}, {"type": "Feature", "geometry": {"type": "LineString", "coordinates": [[106.7048887, 10.7870695], [106.704967, 10.7871528]]}, "properties": {"speed": 27.790800094604492, "congestion": 4.132180690765381}}, {"type": "Feature", "geometry": {"type": "LineString", "coordinates": [[106.6837066, 10.7767389], [106.6838744, 10.7768944]]}, "properties": {"speed": 24.0189266204834, "congestion": 3.9066619873046875}}, {"type": "Feature", "geometry": {"type": "LineString", "coordinates": [[106.6837066, 10.7767389], [106.6831854, 10.7769816]]}, "properties": {"speed": 25.93906593322754, "congestion": 4.487748146057129}}, {"type": "Feature", "geometry": {"type": "LineString", "coordinates": [[106.6837066, 10.7767389], [106.6836573, 10.7766932]]}, "properties": {"speed": 25.10636329650879, "congestion": 4.2837815284729}}, {"type": "Feature", "geometry": {"type": "LineString", "coordinates": [[106.6836573, 10.7766932], [106.6852154, 10.7758553]]}, "properties": {"speed": 26.56353759765625, "congestion": 3.861483573913574}}, {"type": "Feature", "geometry": {"type": "LineString", "coordinates": [[106.6836573, 10.7766932], [106.6837066, 10.7767389]]}, "properties": {"speed": 25.81545066833496, "congestion": 4.512998580932617}}, {"type": "Feature", "geometry": {"type": "LineString", "coordinates": [[106.6894239, 10.7682294], [106.6889456, 10.7680353]]}, "properties": {"speed": 23.01527976989746, "congestion": 3.5861129760742188}}, {"type": "Feature", "geometry": {"type": "LineString", "coordinates": [[106.677672, 10.7974051], [106.6771532, 10.7974367]]}, "properties": {"speed": 19.695369720458984, "congestion": 4.060340404510498}}, {"type": "Feature", "geometry": {"type": "LineString", "coordinates": [[106.677672, 10.7974051], [106.6801257, 10.7971997]]}, "properties": {"speed": 21.40138053894043, "congestion": 4.075028419494629}}, {"type": "Feature", "geometry": {"type": "LineString", "coordinates": [[106.677672, 10.7974051], [106.6778267, 10.7949531]]}, "properties": {"speed": 20.12175750732422, "congestion": 4.64940071105957}}, {"type": "Feature", "geometry": {"type": "LineString", "coordinates": [[106.6864822, 10.795301], [106.6863289, 10.7952656]]}, "properties": {"speed": 34.975738525390625, "congestion": 3.8170955181121826}}, {"type": "Feature", "geometry": {"type": "LineString", "coordinates": [[106.6864822, 10.795301], [106.6882349, 10.7947733]]}, "properties": {"speed": 34.713748931884766, "congestion": 3.6593942642211914}}, {"type": "Feature", "geometry": {"type": "LineString", "coordinates": [[106.6864822, 10.795301], [106.6861143, 10.7961638]]}, "properties": {"speed": 34.972408294677734, "congestion": 3.821000814437866}}, {"type": "Feature", "geometry": {"type": "LineString", "coordinates": [[106.6764902, 10.7622427], [106.675252, 10.76549]]}, "properties": {"speed": 26.981334686279297, "congestion": 4.320545673370361}}, {"type": "Feature", "geometry": {"type": "LineString", "coordinates": [[106.6764902, 10.7622427], [106.6763867, 10.76218]]}, "properties": {"speed": 23.95145606994629, "congestion": 4.33623743057251}}, {"type": "Feature", "geometry": {"type": "LineString", "coordinates": [[106.6998656, 10.7928449], [106.7000053, 10.7927056]]}, "properties": {"speed": 38.63340759277344, "congestion": 3.183974504470825}}, {"type": "Feature", "geometry": {"type": "LineString", "coordinates": [[106.6998656, 10.7928449], [106.6996294, 10.7926286]]}, "properties": {"speed": 26.85069465637207, "congestion": 3.8857126235961914}}, {"type": "Feature", "geometry": {"type": "LineString", "coordinates": [[106.7000053, 10.7927056], [106.7013429, 10.7941473]]}, "properties": {"speed": 37.6198844909668, "congestion": 3.1855242252349854}}, {"type": "Feature", "geometry": {"type": "LineString", "coordinates": [[106.6916588, 10.7759826], [106.6911352, 10.776467]]}, "properties": {"speed": 20.81786346435547, "congestion": 6.144720077514648}}, {"type": "Feature", "geometry": {"type": "LineString", "coordinates": [[106.6916588, 10.7759826], [106.691529, 10.775847]]}, "properties": {"speed": 21.881267547607422, "congestion": 5.9026408195495605}}, {"type": "Feature", "geometry": {"type": "LineString", "coordinates": [[106.6916588, 10.7759826], [106.6930424, 10.7774837]]}, "properties": {"speed": 23.480886459350586, "congestion": 5.418857097625732}}, {"type": "Feature", "geometry": {"type": "LineString", "coordinates": [[106.6930424, 10.7774837], [106.6939566, 10.7784491]]}, "properties": {"speed": 30.141090393066406, "congestion": 3.889535665512085}}, {"type": "Feature", "geometry": {"type": "LineString", "coordinates": [[106.6930424, 10.7774837], [106.6961505, 10.7748182]]}, "properties": {"speed": 30.67049217224121, "congestion": 4.001633644104004}}, {"type": "Feature", "geometry": {"type": "LineString", "coordinates": [[106.6930424, 10.7774837], [106.6916588, 10.7759826]]}, "properties": {"speed": 30.67396354675293, "congestion": 4.0046186447143555}}, {"type": "Feature", "geometry": {"type": "LineString", "coordinates": [[106.6891553, 10.7850588], [106.6890134, 10.7851938]]}, "properties": {"speed": 32.222225189208984, "congestion": 3.944675922393799}}, {"type": "Feature", "geometry": {"type": "LineString", "coordinates": [[106.6891553, 10.7850588], [106.6890619, 10.7849642]]}, "properties": {"speed": 19.45514678955078, "congestion": 4.876552581787109}}, {"type": "Feature", "geometry": {"type": "LineString", "coordinates": [[106.7007901, 10.7718137], [106.701082, 10.7711389]]}, "properties": {"speed": 19.674131393432617, "congestion": 4.982656478881836}}, {"type": "Feature", "geometry": {"type": "LineString", "coordinates": [[106.7007901, 10.7718137], [106.7018947, 10.7723028]]}, "properties": {"speed": 19.346525192260742, "congestion": 4.291975498199463}}, {"type": "Feature", "geometry": {"type": "LineString", "coordinates": [[106.7000609, 10.7637621], [106.7000344, 10.7638809]]}, "properties": {"speed": 36.37578201293945, "congestion": 3.2088205814361572}}, {"type": "Feature", "geometry": {"type": "LineString", "coordinates": [[106.7000609, 10.7637621], [106.6999761, 10.7637346]]}, "properties": {"speed": 31.19997787475586, "congestion": 2.843841075897217}}, {"type": "Feature", "geometry": {"type": "LineString", "coordinates": [[106.6999761, 10.7637346], [106.7005625, 10.7621829]]}, "properties": {"speed": 36.01449203491211, "congestion": 3.0827014446258545}}, {"type": "Feature", "geometry": {"type": "LineString", "coordinates": [[106.689793, 10.7615823], [106.6897192, 10.7616266]]}, "properties": {"speed": 20.11138916015625, "congestion": 4.996787071228027}}, {"type": "Feature", "geometry": {"type": "LineString", "coordinates": [[106.689793, 10.7615823], [106.6903499, 10.7622073]]}, "properties": {"speed": 25.97910499572754, "congestion": 3.9525766372680664}}, {"type": "Feature", "geometry": {"type": "LineString", "coordinates": [[106.689793, 10.7615823], [106.6898707, 10.761538]]}, "properties": {"speed": 17.95017433166504, "congestion": 4.5046706199646}}, {"type": "Feature", "geometry": {"type": "LineString", "coordinates": [[106.6898707, 10.761538], [106.6904205, 10.7621544]]}, "properties": {"speed": 28.299039840698242, "congestion": 4.130892276763916}}, {"type": "Feature", "geometry": {"type": "LineString", "coordinates": [[106.6898707, 10.761538], [106.689793, 10.7615823]]}, "properties": {"speed": 20.917499542236328, "congestion": 4.865779876708984}}, {"type": "Feature", "geometry": {"type": "LineString", "coordinates": [[106.6898707, 10.761538], [106.6914048, 10.7605993]]}, "properties": {"speed": 21.553102493286133, "congestion": 5.193575382232666}}, {"type": "Feature", "geometry": {"type": "LineString", "coordinates": [[106.6914048, 10.7605993], [106.6898707, 10.761538]]}, "properties": {"speed": 27.84278106689453, "congestion": 4.553296089172363}}, {"type": "Feature", "geometry": {"type": "LineString", "coordinates": [[106.7113925, 10.802663], [106.7113057, 10.8023221]]}, "properties": {"speed": 21.978248596191406, "congestion": 5.0705485343933105}}, {"type": "Feature", "geometry": {"type": "LineString", "coordinates": [[106.7113925, 10.802663], [106.711403, 10.8028254]]}, "properties": {"speed": 19.83879852294922, "congestion": 5.6098952293396}}, {"type": "Feature", "geometry": {"type": "LineString", "coordinates": [[106.6985358, 10.8025915], [106.6986377, 10.8026325]]}, "properties": {"speed": 19.48473358154297, "congestion": 4.280497074127197}}, {"type": "Feature", "geometry": {"type": "LineString", "coordinates": [[106.69849, 10.8027046], [106.6980117, 10.8025162]]}, "properties": {"speed": 21.22199821472168, "congestion": 4.462562084197998}}, {"type": "Feature", "geometry": {"type": "LineString", "coordinates": [[106.69849, 10.8027046], [106.6985358, 10.8025915]]}, "properties": {"speed": 19.922569274902344, "congestion": 4.4651875495910645}}, {"type": "Feature", "geometry": {"type": "LineString", "coordinates": [[106.6948453, 10.8027802], [106.6950153, 10.8027557]]}, "properties": {"speed": 22.929920196533203, "congestion": 4.138472080230713}}, {"type": "Feature", "geometry": {"type": "LineString", "coordinates": [[106.6948567, 10.8028874], [106.6940892, 10.8029785]]}, "properties": {"speed": 23.051820755004883, "congestion": 4.017995834350586}}, {"type": "Feature", "geometry": {"type": "LineString", "coordinates": [[106.6948567, 10.8028874], [106.6948453, 10.8027802]]}, "properties": {"speed": 19.319618225097656, "congestion": 4.763548851013184}}, {"type": "Feature", "geometry": {"type": "LineString", "coordinates": [[106.7008622, 10.7827922], [106.7012045, 10.7831604]]}, "properties": {"speed": 14.959721565246582, "congestion": 6.893669128417969}}, {"type": "Feature", "geometry": {"type": "LineString", "coordinates": [[106.711403, 10.8028254], [106.7113467, 10.8028292]]}, "properties": {"speed": 20.993724822998047, "congestion": 5.44839334487915}}, {"type": "Feature", "geometry": {"type": "LineString", "coordinates": [[106.711403, 10.8028254], [106.7113925, 10.802663]]}, "properties": {"speed": 23.1929874420166, "congestion": 4.818472862243652}}, {"type": "Feature", "geometry": {"type": "LineString", "coordinates": [[106.7008098, 10.7828443], [106.7007563, 10.7827885]]}, "properties": {"speed": 25.30034828186035, "congestion": 4.620420455932617}}, {"type": "Feature", "geometry": {"type": "LineString", "coordinates": [[106.6826534, 10.7784973], [106.682529, 10.7783718]]}, "properties": {"speed": 25.845661163330078, "congestion": 4.629411697387695}}, {"type": "Feature", "geometry": {"type": "LineString", "coordinates": [[106.682529, 10.7783718], [106.6819605, 10.7779137]]}, "properties": {"speed": 14.59062385559082, "congestion": 6.847101211547852}}, {"type": "Feature", "geometry": {"type": "LineString", "coordinates": [[106.6831795, 10.7830903], [106.6830275, 10.7835079]]}, "properties": {"speed": 16.594097137451172, "congestion": 5.558080673217773}}, {"type": "Feature", "geometry": {"type": "LineString", "coordinates": [[106.6878837, 10.791133], [106.6877407, 10.7912438]]}, "properties": {"speed": 21.694765090942383, "congestion": 4.307870388031006}}, {"type": "Feature", "geometry": {"type": "LineString", "coordinates": [[106.6878837, 10.791133], [106.6881596, 10.7909188]]}, "properties": {"speed": 22.527780532836914, "congestion": 4.522210121154785}}, {"type": "Feature", "geometry": {"type": "LineString", "coordinates": [[106.6975119, 10.8025693], [106.6966196, 10.8026642]]}, "properties": {"speed": 27.310415267944336, "congestion": 3.4658703804016113}}, {"type": "Feature", "geometry": {"type": "LineString", "coordinates": [[106.696556, 10.8012533], [106.6966133, 10.80254]]}, "properties": {"speed": 26.18220329284668, "congestion": 5.196535110473633}}, {"type": "Feature", "geometry": {"type": "LineString", "coordinates": [[106.696556, 10.8012533], [106.6964409, 10.8012588]]}, "properties": {"speed": 29.71319580078125, "congestion": 4.312075614929199}}, {"type": "Feature", "geometry": {"type": "LineString", "coordinates": [[106.6964409, 10.8012588], [106.6963988, 10.8006623]]}, "properties": {"speed": 30.20754623413086, "congestion": 3.4468436241149902}}, {"type": "Feature", "geometry": {"type": "LineString", "coordinates": [[106.6964409, 10.8012588], [106.696556, 10.8012533]]}, "properties": {"speed": 31.303470611572266, "congestion": 3.434945821762085}}, {"type": "Feature", "geometry": {"type": "LineString", "coordinates": [[106.6861995, 10.7675455], [106.6862799, 10.7675112]]}, "properties": {"speed": 21.536203384399414, "congestion": 4.92781925201416}}, {"type": "Feature", "geometry": {"type": "LineString", "coordinates": [[106.6862432, 10.7676377], [106.6856693, 10.7678492]]}, "properties": {"speed": 20.41880989074707, "congestion": 5.3178582191467285}}, {"type": "Feature", "geometry": {"type": "LineString", "coordinates": [[106.6862432, 10.7676377], [106.6861995, 10.7675455]]}, "properties": {"speed": 18.717710494995117, "congestion": 4.616016387939453}}, {"type": "Feature", "geometry": {"type": "LineString", "coordinates": [[106.6862799, 10.7675112], [106.6867135, 10.7673695]]}, "properties": {"speed": 23.719093322753906, "congestion": 4.270132541656494}}, {"type": "Feature", "geometry": {"type": "LineString", "coordinates": [[106.6862799, 10.7675112], [106.6863255, 10.7675988]]}, "properties": {"speed": 20.407289505004883, "congestion": 5.380464553833008}}, {"type": "Feature", "geometry": {"type": "LineString", "coordinates": [[106.6863255, 10.7675988], [106.6866424, 10.7680186]]}, "properties": {"speed": 21.44306182861328, "congestion": 4.267720699310303}}, {"type": "Feature", "geometry": {"type": "LineString", "coordinates": [[106.6863255, 10.7675988], [106.6862432, 10.7676377]]}, "properties": {"speed": 21.802692413330078, "congestion": 4.954990386962891}}, {"type": "Feature", "geometry": {"type": "LineString", "coordinates": [[106.6843097, 10.7680725], [106.6843876, 10.7681498]]}, "properties": {"speed": 22.2751522064209, "congestion": 4.652658939361572}}, {"type": "Feature", "geometry": {"type": "LineString", "coordinates": [[106.6839333, 10.7684647], [106.6841871, 10.768177]]}, "properties": {"speed": 12.402779579162598, "congestion": 7.670707702636719}}, {"type": "Feature", "geometry": {"type": "LineString", "coordinates": [[106.6839333, 10.7684647], [106.683896, 10.7684987]]}, "properties": {"speed": 20.888193130493164, "congestion": 4.290189266204834}}, {"type": "Feature", "geometry": {"type": "LineString", "coordinates": [[106.6842645, 10.768253], [106.6841871, 10.768177]]}, "properties": {"speed": 23.270782470703125, "congestion": 4.347904205322266}}, {"type": "Feature", "geometry": {"type": "LineString", "coordinates": [[106.6842645, 10.768253], [106.6839333, 10.7684647]]}, "properties": {"speed": 19.751800537109375, "congestion": 4.721258163452148}}, {"type": "Feature", "geometry": {"type": "LineString", "coordinates": [[106.6846248, 10.7684034], [106.6861222, 10.7700336]]}, "properties": {"speed": 21.08089828491211, "congestion": 4.407041549682617}}, {"type": "Feature", "geometry": {"type": "LineString", "coordinates": [[106.6846248, 10.7684034], [106.6844897, 10.7684734]]}, "properties": {"speed": 21.278470993041992, "congestion": 4.476005554199219}}, {"type": "Feature", "geometry": {"type": "LineString", "coordinates": [[106.6844897, 10.7684734], [106.6843913, 10.7683769]]}, "properties": {"speed": 20.756019592285156, "congestion": 4.403050422668457}}, {"type": "Feature", "geometry": {"type": "LineString", "coordinates": [[106.6849221, 10.7681926], [106.6855017, 10.7679292]]}, "properties": {"speed": 24.567100524902344, "congestion": 4.012686729431152}}, {"type": "Feature", "geometry": {"type": "LineString", "coordinates": [[106.6849221, 10.7681926], [106.6846248, 10.7684034]]}, "properties": {"speed": 17.624473571777344, "congestion": 5.1751708984375}}, {"type": "Feature", "geometry": {"type": "LineString", "coordinates": [[106.691712, 10.7639084], [106.6916048, 10.7637855]]}, "properties": {"speed": 26.96996307373047, "congestion": 5.266129016876221}}, {"type": "Feature", "geometry": {"type": "LineString", "coordinates": [[106.6771302, 10.7859737], [106.6770231, 10.7850779]]}, "properties": {"speed": 34.45207595825195, "congestion": 3.219717264175415}}, {"type": "Feature", "geometry": {"type": "LineString", "coordinates": [[106.6771302, 10.7859737], [106.6772686, 10.7881696]]}, "properties": {"speed": 27.426389694213867, "congestion": 4.536596775054932}}, {"type": "Feature", "geometry": {"type": "LineString", "coordinates": [[106.6766317, 10.7859988], [106.676573, 10.7853449]]}, "properties": {"speed": 35.30242919921875, "congestion": 3.401618003845215}}, {"type": "Feature", "geometry": {"type": "LineString", "coordinates": [[106.6781767, 10.7766166], [106.6778807, 10.7767834]]}, "properties": {"speed": 16.599987030029297, "congestion": 3.213501214981079}}, {"type": "Feature", "geometry": {"type": "LineString", "coordinates": [[106.6783229, 10.7765343], [106.6781767, 10.7766166]]}, "properties": {"speed": 16.599987030029297, "congestion": 3.213501214981079}}, {"type": "Feature", "geometry": {"type": "LineString", "coordinates": [[106.6774916, 10.7750771], [106.6777163, 10.7752628]]}, "properties": {"speed": 16.599987030029297, "congestion": 3.213501214981079}}, {"type": "Feature", "geometry": {"type": "LineString", "coordinates": [[106.6777163, 10.7752628], [106.6788068, 10.7762616]]}, "properties": {"speed": 16.599987030029297, "congestion": 3.213501214981079}}, {"type": "Feature", "geometry": {"type": "LineString", "coordinates": [[106.6985561, 10.7803752], [106.6985363, 10.7803536]]}, "properties": {"speed": 18.360069274902344, "congestion": 5.196054935455322}}, {"type": "Feature", "geometry": {"type": "LineString", "coordinates": [[106.6985561, 10.7803752], [106.6988612, 10.7806384]]}, "properties": {"speed": 26.40104103088379, "congestion": 3.7453439235687256}}, {"type": "Feature", "geometry": {"type": "LineString", "coordinates": [[106.6988612, 10.7806384], [106.6990668, 10.7808551]]}, "properties": {"speed": 26.40104103088379, "congestion": 3.7453439235687256}}, {"type": "Feature", "geometry": {"type": "LineString", "coordinates": [[106.6825864, 10.7608735], [106.6832325, 10.7611332]]}, "properties": {"speed": 24.838539123535156, "congestion": 4.454410552978516}}, {"type": "Feature", "geometry": {"type": "LineString", "coordinates": [[106.6990912, 10.7839445], [106.6987827, 10.783793]]}, "properties": {"speed": 21.69635581970215, "congestion": 3.4805729389190674}}, {"type": "Feature", "geometry": {"type": "LineString", "coordinates": [[106.6984256, 10.7799834], [106.6988256, 10.7796124]]}, "properties": {"speed": 25.463714599609375, "congestion": 4.495886325836182}}, {"type": "Feature", "geometry": {"type": "LineString", "coordinates": [[106.698205, 10.7800142], [106.6973782, 10.7791384]]}, "properties": {"speed": 21.848546981811523, "congestion": 4.790208339691162}}, {"type": "Feature", "geometry": {"type": "LineString", "coordinates": [[106.698205, 10.7800142], [106.6984437, 10.7802601]]}, "properties": {"speed": 21.95856475830078, "congestion": 4.69402551651001}}, {"type": "Feature", "geometry": {"type": "LineString", "coordinates": [[106.698205, 10.7800142], [106.6984256, 10.7799834]]}, "properties": {"speed": 23.347915649414062, "congestion": 4.2594170570373535}}, {"type": "Feature", "geometry": {"type": "LineString", "coordinates": [[106.6887716, 10.7749098], [106.6882626, 10.7743262]]}, "properties": {"speed": 14.851737022399902, "congestion": 5.431422233581543}}, {"type": "Feature", "geometry": {"type": "LineString", "coordinates": [[106.6978333, 10.761359], [106.6985088, 10.7607132]]}, "properties": {"speed": 22.546875, "congestion": 6.3236799240112305}}, {"type": "Feature", "geometry": {"type": "LineString", "coordinates": [[106.6978333, 10.761359], [106.6975465, 10.7616837]]}, "properties": {"speed": 36.61423110961914, "congestion": 3.160586357116699}}, {"type": "Feature", "geometry": {"type": "LineString", "coordinates": [[106.699775, 10.7921112], [106.7000366, 10.7918663]]}, "properties": {"speed": 20.28993034362793, "congestion": 4.373688697814941}}, {"type": "Feature", "geometry": {"type": "LineString", "coordinates": [[106.699775, 10.7921112], [106.699734, 10.7923026]]}, "properties": {"speed": 38.87187957763672, "congestion": 3.1822710037231445}}, {"type": "Feature", "geometry": {"type": "LineString", "coordinates": [[106.6871727, 10.7916957], [106.6874992, 10.791433]]}, "properties": {"speed": 19.645715713500977, "congestion": 6.597439289093018}}, {"type": "Feature", "geometry": {"type": "LineString", "coordinates": [[106.6871727, 10.7916957], [106.6866917, 10.7920776]]}, "properties": {"speed": 28.722537994384766, "congestion": 4.255688667297363}}, {"type": "Feature", "geometry": {"type": "LineString", "coordinates": [[106.6834143, 10.7612045], [106.6830015, 10.7622417]]}, "properties": {"speed": 29.18767547607422, "congestion": 3.463498115539551}}, {"type": "Feature", "geometry": {"type": "LineString", "coordinates": [[106.6834143, 10.7612045], [106.6832789, 10.7611518]]}, "properties": {"speed": 21.90520477294922, "congestion": 4.198840618133545}}, {"type": "Feature", "geometry": {"type": "LineString", "coordinates": [[106.6832789, 10.7611518], [106.6835215, 10.7605452]]}, "properties": {"speed": 20.422279357910156, "congestion": 4.6349053382873535}}, {"type": "Feature", "geometry": {"type": "LineString", "coordinates": [[106.6832789, 10.7611518], [106.6834143, 10.7612045]]}, "properties": {"speed": 24.812034606933594, "congestion": 4.568742752075195}}, {"type": "Feature", "geometry": {"type": "LineString", "coordinates": [[106.6832789, 10.7611518], [106.6832325, 10.7611332]]}, "properties": {"speed": 24.58370590209961, "congestion": 4.297947406768799}}, {"type": "Feature", "geometry": {"type": "LineString", "coordinates": [[106.6832325, 10.7611332], [106.6825864, 10.7608735]]}, "properties": {"speed": 24.355031967163086, "congestion": 4.071463108062744}}, {"type": "Feature", "geometry": {"type": "LineString", "coordinates": [[106.6832325, 10.7611332], [106.6832789, 10.7611518]]}, "properties": {"speed": 19.410070419311523, "congestion": 5.517769813537598}}, {"type": "Feature", "geometry": {"type": "LineString", "coordinates": [[106.6861143, 10.7961638], [106.6864822, 10.795301]]}, "properties": {"speed": 34.18923568725586, "congestion": 3.137307643890381}}, {"type": "Feature", "geometry": {"type": "LineString", "coordinates": [[106.6861143, 10.7961638], [106.6860583, 10.7963239]]}, "properties": {"speed": 31.986122131347656, "congestion": 3.3563060760498047}}, {"type": "Feature", "geometry": {"type": "LineString", "coordinates": [[106.6852218, 10.7956566], [106.6866379, 10.7934094]]}, "properties": {"speed": 34.1445426940918, "congestion": 3.1788341999053955}}, {"type": "Feature", "geometry": {"type": "LineString", "coordinates": [[106.6852218, 10.7956566], [106.6852315, 10.7957536]]}, "properties": {"speed": 33.268001556396484, "congestion": 3.1671273708343506}}, {"type": "Feature", "geometry": {"type": "LineString", "coordinates": [[106.6851753, 10.7957426], [106.6852315, 10.7957536]]}, "properties": {"speed": 27.125160217285156, "congestion": 3.3226706981658936}}, {"type": "Feature", "geometry": {"type": "LineString", "coordinates": [[106.6851753, 10.7957426], [106.6852218, 10.7956566]]}, "properties": {"speed": 36.447044372558594, "congestion": 3.5345308780670166}}, {"type": "Feature", "geometry": {"type": "LineString", "coordinates": [[106.6860583, 10.7963239], [106.6860129, 10.7963035]]}, "properties": {"speed": 31.986122131347656, "congestion": 3.3563060760498047}}, {"type": "Feature", "geometry": {"type": "LineString", "coordinates": [[106.6860583, 10.7963239], [106.6851753, 10.7957426]]}, "properties": {"speed": 27.125160217285156, "congestion": 3.3226706981658936}}, {"type": "Feature", "geometry": {"type": "LineString", "coordinates": [[106.7125203, 10.8015823], [106.7122063, 10.8015922]]}, "properties": {"speed": 29.334022521972656, "congestion": 3.96541428565979}}, {"type": "Feature", "geometry": {"type": "LineString", "coordinates": [[106.7125203, 10.8015823], [106.7117969, 10.8012898]]}, "properties": {"speed": 40.72294616699219, "congestion": 3.1497247219085693}}, {"type": "Feature", "geometry": {"type": "LineString", "coordinates": [[106.7117969, 10.8012898], [106.7119071, 10.8012885]]}, "properties": {"speed": 38.41280746459961, "congestion": 3.3006279468536377}}, {"type": "Feature", "geometry": {"type": "LineString", "coordinates": [[106.692851, 10.7872154], [106.6928047, 10.7871699]]}, "properties": {"speed": 19.800113677978516, "congestion": 5.510644912719727}}, {"type": "Feature", "geometry": {"type": "LineString", "coordinates": [[106.692851, 10.7872154], [106.691964, 10.7879022]]}, "properties": {"speed": 17.07083511352539, "congestion": 6.2685627937316895}}, {"type": "Feature", "geometry": {"type": "LineString", "coordinates": [[106.6919281, 10.7878659], [106.6915611, 10.7874943]]}, "properties": {"speed": 17.290687561035156, "congestion": 5.699531555175781}}, {"type": "Feature", "geometry": {"type": "LineString", "coordinates": [[106.6919281, 10.7878659], [106.6928047, 10.7871699]]}, "properties": {"speed": 17.49009132385254, "congestion": 6.26378059387207}}, {"type": "Feature", "geometry": {"type": "LineString", "coordinates": [[106.6936817, 10.7864593], [106.6948657, 10.7855772]]}, "properties": {"speed": 21.98671531677246, "congestion": 4.264688491821289}}, {"type": "Feature", "geometry": {"type": "LineString", "coordinates": [[106.6936817, 10.7864593], [106.6937362, 10.7865155]]}, "properties": {"speed": 23.407550811767578, "congestion": 4.035703182220459}}, {"type": "Feature", "geometry": {"type": "LineString", "coordinates": [[106.6937362, 10.7865155], [106.6939602, 10.7867446]]}, "properties": {"speed": 23.83940887451172, "congestion": 3.7796740531921387}}, {"type": "Feature", "geometry": {"type": "LineString", "coordinates": [[106.6937362, 10.7865155], [106.692851, 10.7872154]]}, "properties": {"speed": 19.800113677978516, "congestion": 5.510644912719727}}, {"type": "Feature", "geometry": {"type": "LineString", "coordinates": [[106.691964, 10.7879022], [106.6910676, 10.7885911]]}, "properties": {"speed": 17.33094024658203, "congestion": 7.84391450881958}}, {"type": "Feature", "geometry": {"type": "LineString", "coordinates": [[106.691964, 10.7879022], [106.6919281, 10.7878659]]}, "properties": {"speed": 15.78162670135498, "congestion": 7.847700119018555}}, {"type": "Feature", "geometry": {"type": "LineString", "coordinates": [[106.6898071, 10.7895934], [106.6900344, 10.789409]]}, "properties": {"speed": 16.509721755981445, "congestion": 6.514387130737305}}, {"type": "Feature", "geometry": {"type": "LineString", "coordinates": [[106.6898071, 10.7895934], [106.6896367, 10.7897277]]}, "properties": {"speed": 16.049997329711914, "congestion": 5.900723934173584}}, {"type": "Feature", "geometry": {"type": "LineString", "coordinates": [[106.6895367, 10.7898054], [106.6893182, 10.7899798]]}, "properties": {"speed": 19.402969360351562, "congestion": 4.920090675354004}}, {"type": "Feature", "geometry": {"type": "LineString", "coordinates": [[106.6895367, 10.7898054], [106.6887654, 10.7882102]]}, "properties": {"speed": 18.38547134399414, "congestion": 4.9181084632873535}}, {"type": "Feature", "geometry": {"type": "LineString", "coordinates": [[106.6895367, 10.7898054], [106.6896367, 10.7897277]]}, "properties": {"speed": 17.42266082763672, "congestion": 5.357361316680908}}, {"type": "Feature", "geometry": {"type": "LineString", "coordinates": [[106.6896367, 10.7897277], [106.6898071, 10.7895934]]}, "properties": {"speed": 16.509721755981445, "congestion": 6.514387130737305}}, {"type": "Feature", "geometry": {"type": "LineString", "coordinates": [[106.6896367, 10.7897277], [106.6895367, 10.7898054]]}, "properties": {"speed": 18.95850372314453, "congestion": 4.852884769439697}}, {"type": "Feature", "geometry": {"type": "LineString", "coordinates": [[106.7041611, 10.7973863], [106.7042558, 10.7973]]}, "properties": {"speed": 41.05668640136719, "congestion": 3.264738082885742}}, {"type": "Feature", "geometry": {"type": "LineString", "coordinates": [[106.7041611, 10.7973863], [106.7016718, 10.7947479]]}, "properties": {"speed": 38.425697326660156, "congestion": 3.216935634613037}}, {"type": "Feature", "geometry": {"type": "LineString", "coordinates": [[106.704303, 10.797257], [106.7090308, 10.8008929]]}, "properties": {"speed": 48.52169418334961, "congestion": 3.0366389751434326}}, {"type": "Feature", "geometry": {"type": "LineString", "coordinates": [[106.704303, 10.797257], [106.7043736, 10.7971927]]}, "properties": {"speed": 38.74635314941406, "congestion": 3.440463066101074}}, {"type": "Feature", "geometry": {"type": "LineString", "coordinates": [[106.7042558, 10.7973], [106.7090308, 10.8008929]]}, "properties": {"speed": 43.36701583862305, "congestion": 3.0890142917633057}}, {"type": "Feature", "geometry": {"type": "LineString", "coordinates": [[106.7042558, 10.7973], [106.7041611, 10.7973863]]}, "properties": {"speed": 36.83160400390625, "congestion": 3.298340320587158}}, {"type": "Feature", "geometry": {"type": "LineString", "coordinates": [[106.7042558, 10.7973], [106.704303, 10.797257]]}, "properties": {"speed": 38.74635314941406, "congestion": 3.440463066101074}}, {"type": "Feature", "geometry": {"type": "LineString", "coordinates": [[106.6783471, 10.7989549], [106.6783155, 10.7992641]]}, "properties": {"speed": 20.52126693725586, "congestion": 5.114084243774414}}, {"type": "Feature", "geometry": {"type": "LineString", "coordinates": [[106.6936579, 10.7925759], [106.693581, 10.7931572]]}, "properties": {"speed": 27.49759864807129, "congestion": 4.099119186401367}}, {"type": "Feature", "geometry": {"type": "LineString", "coordinates": [[106.6936579, 10.7925759], [106.6936951, 10.7923255]]}, "properties": {"speed": 22.655654907226562, "congestion": 5.096257209777832}}, {"type": "Feature", "geometry": {"type": "LineString", "coordinates": [[106.6818375, 10.791929], [106.6816482, 10.7920918]]}, "properties": {"speed": 27.372831344604492, "congestion": 3.4435911178588867}}, {"type": "Feature", "geometry": {"type": "LineString", "coordinates": [[106.7016969, 10.7944974], [106.7018115, 10.7946846]]}, "properties": {"speed": 37.93073654174805, "congestion": 3.3189921379089355}}, {"type": "Feature", "geometry": {"type": "LineString", "coordinates": [[106.6828682, 10.7790149], [106.6830576, 10.7789053]]}, "properties": {"speed": 21.06527328491211, "congestion": 4.866705894470215}}, {"type": "Feature", "geometry": {"type": "LineString", "coordinates": [[106.6828682, 10.7790149], [106.6821552, 10.7794251]]}, "properties": {"speed": 16.72153091430664, "congestion": 5.384659767150879}}, {"type": "Feature", "geometry": {"type": "LineString", "coordinates": [[106.6828979, 10.7787441], [106.6826534, 10.7784973]]}, "properties": {"speed": 24.322052001953125, "congestion": 3.687130928039551}}, {"type": "Feature", "geometry": {"type": "LineString", "coordinates": [[106.7104245, 10.8011351], [106.7109333, 10.8015309]]}, "properties": {"speed": 42.571266174316406, "congestion": 3.1251864433288574}}, {"type": "Feature", "geometry": {"type": "LineString", "coordinates": [[106.7104245, 10.8011351], [106.7105994, 10.8011637]]}, "properties": {"speed": 38.697044372558594, "congestion": 3.898247241973877}}, {"type": "Feature", "geometry": {"type": "LineString", "coordinates": [[106.6866872, 10.7920861], [106.6865338, 10.7924447]]}, "properties": {"speed": 31.926761627197266, "congestion": 3.3041832447052}}, {"type": "Feature", "geometry": {"type": "LineString", "coordinates": [[106.6866872, 10.7920861], [106.6852839, 10.7931859]]}, "properties": {"speed": 30.687713623046875, "congestion": 3.4417965412139893}}, {"type": "Feature", "geometry": {"type": "LineString", "coordinates": [[106.6794946, 10.7796755], [106.6804121, 10.7787524]]}, "properties": {"speed": 22.041322708129883, "congestion": 4.938430309295654}}, {"type": "Feature", "geometry": {"type": "LineString", "coordinates": [[106.701946, 10.7862715], [106.7016608, 10.7865567]]}, "properties": {"speed": 23.677738189697266, "congestion": 5.304388999938965}}, {"type": "Feature", "geometry": {"type": "LineString", "coordinates": [[106.6961006, 10.792697], [106.6963155, 10.7926929]]}, "properties": {"speed": 22.992015838623047, "congestion": 3.838613271713257}}, {"type": "Feature", "geometry": {"type": "LineString", "coordinates": [[106.6961006, 10.792697], [106.6959923, 10.7926949]]}, "properties": {"speed": 28.503822326660156, "congestion": 4.384592533111572}}, {"type": "Feature", "geometry": {"type": "LineString", "coordinates": [[106.7074111, 10.7814915], [106.7071493, 10.781733]]}, "properties": {"speed": 38.59989929199219, "congestion": 3.4917733669281006}}, {"type": "Feature", "geometry": {"type": "LineString", "coordinates": [[106.7071493, 10.781733], [106.7064213, 10.7823493]]}, "properties": {"speed": 39.48550033569336, "congestion": 3.5596024990081787}}, {"type": "Feature", "geometry": {"type": "LineString", "coordinates": [[106.6872979, 10.7641624], [106.6874957, 10.7647224]]}, "properties": {"speed": 26.37740135192871, "congestion": 3.8980538845062256}}, {"type": "Feature", "geometry": {"type": "LineString", "coordinates": [[106.6872979, 10.7641624], [106.6870194, 10.763365]]}, "properties": {"speed": 26.454198837280273, "congestion": 3.917862892150879}}, {"type": "Feature", "geometry": {"type": "LineString", "coordinates": [[106.6872979, 10.7641624], [106.6869928, 10.7642743]]}, "properties": {"speed": 24.81458282470703, "congestion": 3.8708386421203613}}, {"type": "Feature", "geometry": {"type": "LineString", "coordinates": [[106.6784869, 10.7795134], [106.678638, 10.7794286]]}, "properties": {"speed": 20.14583396911621, "congestion": 4.480738162994385}}, {"type": "Feature", "geometry": {"type": "LineString", "coordinates": [[106.6784869, 10.7795134], [106.6781027, 10.779754]]}, "properties": {"speed": 22.005556106567383, "congestion": 4.036374568939209}}, {"type": "Feature", "geometry": {"type": "LineString", "coordinates": [[106.6996294, 10.7926286], [106.699437, 10.7926345]]}, "properties": {"speed": 23.666261672973633, "congestion": 4.057851791381836}}, {"type": "Feature", "geometry": {"type": "LineString", "coordinates": [[106.6998911, 10.7928672], [106.6995329, 10.7928358]]}, "properties": {"speed": 34.30845642089844, "congestion": 3.3053269386291504}}, {"type": "Feature", "geometry": {"type": "LineString", "coordinates": [[106.6998911, 10.7928672], [106.6998656, 10.7928449]]}, "properties": {"speed": 33.97892761230469, "congestion": 3.3932948112487793}}, {"type": "Feature", "geometry": {"type": "LineString", "coordinates": [[106.699437, 10.7926345], [106.6992405, 10.7925521]]}, "properties": {"speed": 21.885475158691406, "congestion": 4.335554122924805}}, {"type": "Feature", "geometry": {"type": "LineString", "coordinates": [[106.699437, 10.7926345], [106.6995329, 10.7928358]]}, "properties": {"speed": 24.36111068725586, "congestion": 3.826448678970337}}, {"type": "Feature", "geometry": {"type": "LineString", "coordinates": [[106.7016718, 10.7947479], [106.7015326, 10.7946049]]}, "properties": {"speed": 37.019195556640625, "congestion": 3.312800168991089}}, {"type": "Feature", "geometry": {"type": "LineString", "coordinates": [[106.7015326, 10.7946049], [106.7014239, 10.7944812]]}, "properties": {"speed": 36.883445739746094, "congestion": 3.3154451847076416}}]}